id,model,model_label,split,sequence,time_seconds,review_priority,threshold_stability_iou,model_disagreement,foreground_boundary_entropy,flow_warp_mae,raw_components,discarded_fraction,foreground_fraction,pseudo_iou,pseudo_dice,base_width_raw_px,height_raw_px,triangle_area_raw_px2,flags,original,overlay,entropy,disagreement,true_iou,true_dice,true_vertex_error_roi_px,vertices_roi,triangle_svg
V01_f0000035,dino_pyramid,dino_pyramid,train,V01,1.1666666666666667,38.21,0.9144210838021913,0.6762956431680452,0.34131383895874023,0.0872579887509346,1,0.0,0.0424958240717602,0.7729786673689755,0.8719548425430779,113.74394896252537,201.66175181813045,11468.902003247444,models_disagree;temporal_change,../../dataset/images/V01_f0000035.png,dino_pyramid/overlays/V01_f0000035.jpg,quality/dino_pyramid/entropy/V01_f0000035.jpg,quality/disagreement/V01_f0000035.jpg,,,,"[[192.54544085264206, 154.86963093280792], [394.2867106795311, 142.7565962076187], [390.392660677433, 256.1771348118782]]",dino_pyramid/triangles/V01_f0000035.svg
V02_f0000035,dino_pyramid,dino_pyramid,train,V02,1.1666666666666667,37.081,0.9126676602086438,0.6140193483754243,0.3444531261920929,0.08900346606969833,1,0.0,0.042179608585858584,0.7665738161559889,0.8678650268054242,109.96837714668075,205.72088945367761,11311.39617919632,models_disagree;temporal_change,../../dataset/images/V02_f0000035.png,dino_pyramid/overlays/V02_f0000035.jpg,quality/dino_pyramid/entropy/V02_f0000035.jpg,quality/disagreement/V02_f0000035.jpg,,,,"[[200.24632215499878, 162.05418455600739], [407.01010823249817, 153.76448553800583], [399.980925321579, 263.55661594867706]]",dino_pyramid/triangles/V02_f0000035.svg
V01_f0000035,unet_small,unet_small,train,V01,1.1666666666666667,35.989,0.9134015472922385,0.6762956431680452,0.34179404377937317,0.07592258602380753,1,0.0,0.05042679959490208,0.7560450083792195,0.8610770279481936,105.88622090898959,256.872604199529,13599.634656869388,models_disagree;temporal_change,../../dataset/images/V01_f0000035.png,unet_small/overlays/V01_f0000035.jpg,quality/unet_small/entropy/V01_f0000035.jpg,quality/disagreement/V01_f0000035.jpg,,,,"[[168.22097712755203, 150.2840593457222], [424.34555900096893, 159.83033180236816], [419.51272332668304, 265.3670981526375]]",unet_small/triangles/V01_f0000035.svg
V02_f0000036,dino_pyramid,dino_pyramid,train,V02,1.2,34.785,0.9197897007279591,0.5467556123293829,0.3197668790817261,0.08753500878810883,1,0.0,0.09397097625329816,0.9512029359793394,0.9749912922326716,101.27328689115555,500.0276774587467,25319.723216398925,models_disagree;temporal_change,../../dataset/images/V02_f0000036.png,dino_pyramid/overlays/V02_f0000036.jpg,quality/dino_pyramid/entropy/V02_f0000036.jpg,quality/disagreement/V02_f0000036.jpg,,,,"[[148.1751662492752, 153.68000948429108], [647.4611306190491, 143.49881148338318], [642.8247427940369, 244.31382024288177]]",dino_pyramid/triangles/V02_f0000036.svg
V02_f0000030,dino_pyramid,dino_pyramid,train,V02,1.0,34.746,0.9155143595198298,0.5371718663899734,0.3318788707256317,0.08757658302783966,1,0.0,0.08375,0.9139722019019751,0.9550527442287112,97.52142601707045,465.7998606852807,22712.73332629066,models_disagree;temporal_change,../../dataset/images/V02_f0000030.png,dino_pyramid/overlays/V02_f0000030.jpg,quality/dino_pyramid/entropy/V02_f0000030.jpg,quality/disagreement/V02_f0000030.jpg,,,,"[[174.8445975780487, 129.91083991527557], [635.7225608825684, 116.84246462583542], [636.6118669509888, 213.35044300556183]]",dino_pyramid/triangles/V02_f0000030.svg
V02_f0000035,baseline,baseline,train,V02,1.1666666666666667,34.737,0.8980978260869565,0.6140193483754243,0.39071086049079895,0.07400304824113846,1,0.0,0.03664246632996633,0.7048661099913619,0.8268873501097788,89.67152110085226,219.5404051758495,9843.261037607921,models_disagree;temporal_change,../../dataset/images/V02_f0000035.png,baseline/overlays/V02_f0000035.jpg,quality/baseline/entropy/V02_f0000035.jpg,quality/disagreement/V02_f0000035.jpg,,,,"[[168.01228165626526, 154.69470298290253], [388.95429611206055, 158.7457638978958], [397.1893644332886, 248.07809281349182]]",baseline/triangles/V02_f0000035.svg
V01_f0000035,baseline,baseline,train,V01,1.1666666666666667,33.307,0.9101412066752247,0.6762956431680452,0.3590870201587677,0.06177806481719017,1,0.0,0.04907208901632229,0.5704668838219327,0.7264933628318584,95.79922491885618,276.360338739651,13237.553124785556,models_disagree;temporal_change,../../dataset/images/V01_f0000035.png,baseline/overlays/V01_f0000035.jpg,quality/baseline/entropy/V01_f0000035.jpg,quality/disagreement/V01_f0000035.jpg,,,,"[[170.57353556156158, 149.38632398843765], [446.5481023788452, 148.03138375282288], [451.0103187561035, 243.51029098033905]]",baseline/triangles/V01_f0000035.svg
V02_f0000035,unet_small,unet_small,train,V02,1.1666666666666667,33.167,0.9137440758293839,0.6140193483754243,0.34131449460983276,0.06967674940824509,1,0.0,0.053174978956228955,0.6708566108007449,0.8030091947617721,102.56154127000664,277.9549301955345,14253.743022225563,models_disagree;temporal_change,../../dataset/images/V02_f0000035.png,unet_small/overlays/V02_f0000035.jpg,quality/unet_small/entropy/V02_f0000035.jpg,quality/disagreement/V02_f0000035.jpg,,,,"[[168.34272980690002, 153.16128259897232], [446.58174991607666, 160.13856548070908], [439.67498302459717, 262.5126528739929]]",unet_small/triangles/V02_f0000035.svg
V01_f0000036,dino_pyramid,dino_pyramid,train,V01,1.2,32.883,0.9207154297917779,0.47971372101302495,0.31758296489715576,0.08661065250635147,1,0.0,0.09509259259259259,0.9212292002147074,0.958999790458895,103.16461926385564,499.6451329777625,25772.849955344696,models_disagree;temporal_change,../../dataset/images/V01_f0000036.png,dino_pyramid/overlays/V01_f0000036.jpg,quality/dino_pyramid/entropy/V01_f0000036.jpg,quality/disagreement/V01_f0000036.jpg,,,,"[[148.2538125514984, 156.26313909888268], [644.5857266187668, 146.93893119692802], [642.3213526010513, 249.32679533958435]]",dino_pyramid/triangles/V01_f0000036.svg
V01_f0000070,dino_pyramid,dino_pyramid,train,V01,2.3333333333333335,32.769,0.91632597437994,0.71940002659028,0.3349439799785614,0.055093202739953995,1,0.0,0.045636852147502044,0.7561200923787529,0.8611257233035244,112.82428295085384,215.79297082746135,12173.343599721424,models_disagree;temporal_change,../../dataset/images/V01_f0000070.png,dino_pyramid/overlays/V01_f0000070.jpg,quality/dino_pyramid/entropy/V01_f0000070.jpg,quality/disagreement/V01_f0000070.jpg,,,,"[[162.7476368844509, 152.5978446006775], [381.6959440112114, 138.58909159898758], [375.93201476335526, 252.4002492427826]]",dino_pyramid/triangles/V01_f0000070.svg
V02_f0000026,dino_pyramid,dino_pyramid,train,V02,0.8666666666666667,32.747,0.9486052409129332,0.41736168645862104,0.2204023152589798,0.10224520415067673,1,0.0,0.1548350505718877,0.9617142364404587,0.9804835164835165,177.80807770843919,480.2491467688738,42696.088804045765,models_disagree;temporal_change,../../dataset/images/V02_f0000026.png,dino_pyramid/overlays/V02_f0000026.jpg,quality/dino_pyramid/entropy/V02_f0000026.jpg,quality/disagreement/V02_f0000026.jpg,,,,"[[177.459819316864, 124.64933824539185], [645.7030463218689, 107.96511143445969], [646.2833333015442, 281.3468337059021]]",dino_pyramid/triangles/V02_f0000026.svg
V01_f0000034,dino_pyramid,dino_pyramid,train,V01,1.1333333333333333,32.619,0.9017790027562015,0.5494776311213923,0.37651968002319336,0.07231114059686661,1,0.0,0.05027051397655546,0.8077669902912621,0.8936627282491945,86.22274217084225,315.8328904440449,13615.988940914376,models_disagree;temporal_change,../../dataset/images/V01_f0000034.png,dino_pyramid/overlays/V01_f0000034.jpg,quality/dino_pyramid/entropy/V01_f0000034.jpg,quality/disagreement/V01_f0000034.jpg,,,,"[[183.75785502791405, 160.67951917648315], [496.8920886516571, 172.6638749241829], [491.4956319332123, 258.01554322242737]]",dino_pyramid/triangles/V01_f0000034.svg
V02_f0000036,baseline,baseline,train,V02,1.2,31.786,0.9192951280912187,0.5467556123293829,0.31903254985809326,0.07242600619792938,1,0.0,0.08547493403693932,0.6720731707317074,0.8038800962730654,102.98107672749792,447.4259439427573,23038.202731521138,models_disagree;temporal_change,../../dataset/images/V02_f0000036.png,baseline/overlays/V02_f0000036.jpg,quality/baseline/entropy/V02_f0000036.jpg,quality/disagreement/V02_f0000036.jpg,,,,"[[175.94759345054626, 159.8687971830368], [626.0147953033447, 153.9549607038498], [613.3087635040283, 255.7887647151947]]",baseline/triangles/V02_f0000036.svg
V01_f0000026,dino_pyramid,dino_pyramid,train,V01,0.8666666666666667,31.744,0.947673441962036,0.3978317588843905,0.2220792919397354,0.09721897542476654,1,0.0,0.1557519034254945,0.9605982905982906,0.979903221587689,176.38296547205533,485.3938092874844,42807.599751951886,models_disagree;temporal_change,../../dataset/images/V01_f0000026.png,dino_pyramid/overlays/V01_f0000026.jpg,quality/dino_pyramid/entropy/V01_f0000026.jpg,quality/disagreement/V01_f0000026.jpg,,,,"[[170.80943074822426, 124.35286492109299], [645.9504247903824, 109.14304107427597], [643.3460999727249, 281.67758882045746]]",dino_pyramid/triangles/V01_f0000026.svg
V02_f0000034,dino_pyramid,dino_pyramid,train,V02,1.1333333333333333,31.554,0.9066606252831898,0.4940905762995502,0.36027801036834717,0.07500889897346497,1,0.0,0.055358718701842655,0.8122969837587007,0.896428114197926,91.02451951592863,327.62467862893527,14910.939476879683,models_disagree;temporal_change,../../dataset/images/V02_f0000034.png,dino_pyramid/overlays/V02_f0000034.jpg,quality/dino_pyramid/entropy/V02_f0000034.jpg,quality/disagreement/V02_f0000034.jpg,,,,"[[172.90659427642822, 162.10347247123718], [499.70885038375854, 170.95623743534088], [497.096107006073, 261.7478542327881]]",dino_pyramid/triangles/V02_f0000034.svg
V02_f0000034,baseline,baseline,train,V02,1.1333333333333333,31.182,0.9057187017001546,0.4940905762995502,0.36805832386016846,0.07293562591075897,1,0.0,0.04856235923238018,0.6894395553496989,0.8161754626456477,90.58391913844196,289.16901141773707,13097.031173803747,models_disagree;temporal_change,../../dataset/images/V02_f0000034.png,baseline/overlays/V02_f0000034.jpg,quality/baseline/entropy/V02_f0000034.jpg,quality/disagreement/V02_f0000034.jpg,,,,"[[183.0635815858841, 158.91692292690277], [471.54029846191406, 167.1434794664383], [470.56787967681885, 257.527796626091]]",baseline/triangles/V02_f0000034.svg
V02_f0000030,baseline,baseline,train,V02,1.0,31.141,0.9205787286439895,0.5371718663899734,0.31536000967025757,0.07068829238414764,1,0.0,0.08289893617021277,0.6943902121567096,0.8196343524350899,106.6934334838845,421.3875751357048,22479.643609338353,models_disagree;temporal_change,../../dataset/images/V02_f0000030.png,baseline/overlays/V02_f0000030.jpg,quality/baseline/entropy/V02_f0000030.jpg,quality/disagreement/V02_f0000030.jpg,,,,"[[199.35328602790833, 130.4086456298828], [621.1501479148865, 121.78047394752502], [607.308976650238, 226.45850944519043]]",baseline/triangles/V02_f0000030.svg
V02_f0000036,unet_small,unet_small,train,V02,1.2,30.924,0.9172326646659296,0.5467556123293829,0.32587411999702454,0.06765276938676834,1,0.0,0.0799736147757256,0.6997826364914973,0.8233789679554686,101.03558121272555,426.88529487144484,21565.30193925108,models_disagree;temporal_change,../../dataset/images/V02_f0000036.png,unet_small/overlays/V02_f0000036.jpg,quality/unet_small/entropy/V02_f0000036.jpg,quality/disagreement/V02_f0000036.jpg,,,,"[[181.5873795747757, 156.8717976808548], [615.6791281700134, 151.04233694076538], [596.9177842140198, 249.96360635757446]]",unet_small/triangles/V02_f0000036.svg
V01_f0000021,baseline,baseline,train,V01,0.7000000000000001,30.818,0.9229371688115064,0.5413064361191162,0.3116837441921234,0.06908861547708511,1,0.0,0.08573896379070678,0.6798259247746348,0.8094004441154701,110.56157356608715,427.6312608565416,23639.792553174564,models_disagree;temporal_change,../../dataset/images/V01_f0000021.png,baseline/overlays/V01_f0000021.jpg,quality/baseline/entropy/V01_f0000021.jpg,quality/disagreement/V01_f0000021.jpg,,,,"[[212.70905363559723, 144.4503664970398], [631.6818315982819, 128.91850993037224], [623.3874516487122, 236.29054427146912]]",baseline/triangles/V01_f0000021.svg
V01_f0000036,unet_small,unet_small,train,V01,1.2,30.682,0.9190213101815312,0.47971372101302495,0.31841737031936646,0.07522421330213547,1,0.0,0.07886243386243386,0.7153715109422094,0.8340718105423988,102.47210302745448,423.14752378307895,21680.408326455956,models_disagree;temporal_change,../../dataset/images/V01_f0000036.png,unet_small/overlays/V01_f0000036.jpg,quality/unet_small/entropy/V01_f0000036.jpg,quality/disagreement/V01_f0000036.jpg,,,,"[[182.37493807077408, 150.83220228552818], [605.5281468629837, 151.14469081163406], [593.1843265295029, 252.11841613054276]]",unet_small/triangles/V01_f0000036.svg
V02_f0000057,dino_pyramid,dino_pyramid,train,V02,1.9000000000000001,30.626,0.8871749669457911,0.6012881404720783,0.42592301964759827,0.052581366151571274,1,0.0,0.027821522309711286,0.7441150828247602,0.8532866783304174,77.08126001781883,193.46389919748054,7456.220559051045,models_disagree;temporal_change,../../dataset/images/V02_f0000057.png,dino_pyramid/overlays/V02_f0000057.jpg,quality/dino_pyramid/entropy/V02_f0000057.jpg,quality/disagreement/V02_f0000057.jpg,,,,"[[250.51537156105042, 163.46572268009186], [444.46588039398193, 151.34216618537903], [445.74421405792236, 228.6760197877884]]",dino_pyramid/triangles/V02_f0000057.svg
V01_f0000070,baseline,baseline,train,V01,2.3333333333333335,30.529,0.9028351224883017,0.71940002659028,0.37673914432525635,0.04085582122206688,1,0.0,0.04483210674558363,0.5017921146953405,0.6682577565632458,95.90601220191566,249.4998345625156,11964.26708896428,models_disagree,../../dataset/images/V01_f0000070.png,baseline/overlays/V01_f0000070.jpg,quality/baseline/entropy/V01_f0000070.jpg,quality/disagreement/V01_f0000070.jpg,,,,"[[159.47865730524063, 151.8341526389122], [418.7751060128212, 162.51102089881897], [438.02280962467194, 257.4484124779701]]",baseline/triangles/V01_f0000070.svg
V01_f0000070,unet_small,unet_small,train,V01,2.3333333333333335,30.394,0.9224436741767764,0.71940002659028,0.31247255206108093,0.044594280421733856,1,0.0,0.05763015458899576,0.6584986386619992,0.7940900562851783,120.0929709501217,256.0005518492963,15371.933418226332,models_disagree,../../dataset/images/V01_f0000070.png,unet_small/overlays/V01_f0000070.jpg,quality/unet_small/entropy/V01_f0000070.jpg,quality/disagreement/V01_f0000070.jpg,,,,"[[158.70500200986862, 153.08509021997452], [417.3223982453346, 150.54665878415108], [415.9198389649391, 271.8372344970703]]",unet_small/triangles/V01_f0000070.svg
V02_f0000070,dino_pyramid,dino_pyramid,train,V02,2.3333333333333335,30.325,0.9081491712707183,0.7035702669568916,0.36009493470191956,0.043011002242565155,1,0.0,0.036041666666666666,0.7712271707785966,0.8708393632416788,105.08173319241435,182.40862247667158,9583.907099544718,models_disagree,../../dataset/images/V02_f0000070.png,dino_pyramid/overlays/V02_f0000070.jpg,quality/dino_pyramid/entropy/V02_f0000070.jpg,quality/disagreement/V02_f0000070.jpg,,,,"[[187.61181235313416, 154.41122502088547], [373.06039094924927, 140.06905472278595], [366.2982702255249, 245.94243919849396]]",dino_pyramid/triangles/V02_f0000070.svg
V01_f0000071,dino_pyramid,dino_pyramid,train,V01,2.3666666666666667,30.155,0.931140675043114,0.4028339215057213,0.2842963933944702,0.08492572605609894,1,0.0,0.10180883917680948,0.8972585823660163,0.9458474355636552,120.48944584274301,449.93743126294396,27106.355878389695,models_disagree;temporal_change,../../dataset/images/V01_f0000071.png,dino_pyramid/overlays/V01_f0000071.jpg,quality/dino_pyramid/entropy/V01_f0000071.jpg,quality/disagreement/V01_f0000071.jpg,,,,"[[186.50499564409256, 158.30376371741295], [647.1874041557312, 148.12961965799332], [630.2180352210999, 268.72529089450836]]",dino_pyramid/triangles/V01_f0000071.svg
V02_f0000014,baseline,baseline,train,V02,0.4666666666666667,30.084,0.923422075979659,0.5111111111111111,0.3105354607105255,0.06930077075958252,1,0.0,0.08694476004977547,0.6189795626697155,0.7646539548022598,111.29772681813806,431.3518229623941,24004.238677287198,models_disagree;temporal_change,../../dataset/images/V02_f0000014.png,baseline/overlays/V02_f0000014.jpg,quality/baseline/entropy/V02_f0000014.jpg,quality/disagreement/V02_f0000014.jpg,,,,"[[195.62628149986267, 140.99700951576233], [618.7489914894104, 127.43672478199005], [607.5978684425354, 235.09372544288635]]",baseline/triangles/V02_f0000014.svg
V02_f0000030,unet_small,unet_small,train,V02,1.0,29.723,0.9191152728446884,0.5371718663899734,0.32412704825401306,0.06326793879270554,1,0.0,0.07918882978723404,0.5628757207704577,0.7203077164612607,103.00191504736526,416.67209434260593,21459.01183204243,models_disagree;temporal_change,../../dataset/images/V02_f0000030.png,unet_small/overlays/V02_f0000030.jpg,quality/unet_small/entropy/V02_f0000030.jpg,quality/disagreement/V02_f0000030.jpg,,,,"[[191.85333967208862, 133.13034838438034], [608.4901285171509, 128.77336132526398], [594.9387502670288, 229.80442547798157]]",unet_small/triangles/V02_f0000030.svg
V02_f0000057,baseline,baseline,train,V02,1.9000000000000001,29.503,0.8903973509933775,0.6012881404720783,0.4020276665687561,0.04769357293844223,1,0.0,0.03658792650918635,0.5678307588985897,0.724352109659456,81.22253840231572,245.4884905071642,9969.59917377233,models_disagree,../../dataset/images/V02_f0000057.png,baseline/overlays/V02_f0000057.jpg,quality/baseline/entropy/V02_f0000057.jpg,quality/disagreement/V02_f0000057.jpg,,,,"[[190.21384119987488, 152.31900763511658], [439.0752696990967, 152.45659470558167], [450.6334447860718, 233.13268613815308]]",baseline/triangles/V02_f0000057.svg
V02_f0000014,dino_pyramid,dino_pyramid,train,V02,0.4666666666666667,29.43,0.9106945975744212,0.5111111111111111,0.3509526550769806,0.06316868960857391,1,0.0,0.07017259102959476,0.9377641183250096,0.9678826328310864,93.10924577897133,416.5211559105249,19390.98533890715,models_disagree;temporal_change,../../dataset/images/V02_f0000014.png,dino_pyramid/overlays/V02_f0000014.jpg,quality/dino_pyramid/entropy/V02_f0000014.jpg,quality/disagreement/V02_f0000014.jpg,,,,"[[234.6376633644104, 145.85463339090347], [640.5688333511353, 136.8705454468727], [636.2852239608765, 227.31450521945953]]",dino_pyramid/triangles/V02_f0000014.svg
V02_f0000007,dino_pyramid,dino_pyramid,train,V02,0.23333333333333334,29.236,0.8962834917891098,0.7236761465138416,0.3945900499820709,0.032385267317295074,1,0.0,0.028988582264716414,0.889267461669506,0.9413886384129847,95.15829041556596,165.27335632203955,7863.565019423977,models_disagree,../../dataset/images/V02_f0000007.png,dino_pyramid/overlays/V02_f0000007.jpg,quality/dino_pyramid/entropy/V02_f0000007.jpg,quality/disagreement/V02_f0000007.jpg,,,,"[[181.12257421016693, 126.56447803974152], [345.2494490146637, 123.86811029911041], [341.7754375934601, 218.18114912509918]]",dino_pyramid/triangles/V02_f0000007.svg
V01_f0000014,dino_pyramid,dino_pyramid,train,V01,0.4666666666666667,29.071,0.9168096054888508,0.5140287671606758,0.33094367384910583,0.06238577514886856,1,0.0,0.07506738544474394,0.9215131695244829,0.9591536338546458,102.12328282931144,405.6431266520282,20712.803875425638,models_disagree;temporal_change,../../dataset/images/V01_f0000014.png,dino_pyramid/overlays/V01_f0000014.jpg,quality/dino_pyramid/entropy/V01_f0000014.jpg,quality/disagreement/V01_f0000014.jpg,,,,"[[238.23141187429428, 148.36467057466507], [633.9796712398529, 139.20006528496742], [632.8863942623138, 238.79492282867432]]",dino_pyramid/triangles/V01_f0000014.svg
V01_f0000057,dino_pyramid,dino_pyramid,train,V01,1.9000000000000001,29.025,0.8878622427551449,0.6041764552336205,0.41979697346687317,0.0443706214427948,1,0.0,0.029293193717277486,0.7652072839984502,0.8669885864793678,77.99875459619062,202.30132889708398,7889.62585356345,models_disagree,../../dataset/images/V01_f0000057.png,dino_pyramid/overlays/V01_f0000057.jpg,quality/dino_pyramid/entropy/V01_f0000057.jpg,quality/disagreement/V01_f0000057.jpg,,,,"[[240.51032096147537, 163.1518229842186], [443.07791697978973, 149.80877190828323], [444.05161678791046, 227.96215116977692]]",dino_pyramid/triangles/V01_f0000057.svg
V02_f0000026,baseline,baseline,train,V02,0.8666666666666667,28.846,0.9434725452523005,0.41736168645862104,0.23959079384803772,0.07933863252401352,1,0.0,0.12970440090205662,0.8510412051395658,0.9195270237924267,160.3093674359226,445.2065426477934,35685.38961510093,models_disagree;temporal_change,../../dataset/images/V02_f0000026.png,baseline/overlays/V02_f0000026.jpg,quality/baseline/entropy/V02_f0000026.jpg,quality/disagreement/V02_f0000026.jpg,,,,"[[197.7398979663849, 131.03329360485077], [636.579122543335, 111.63055181503296], [619.5782661437988, 267.022820353508]]",baseline/triangles/V02_f0000026.svg
V01_f0000021,dino_pyramid,dino_pyramid,train,V01,0.7000000000000001,28.755,0.9049900199600799,0.5413064361191162,0.3635278344154358,0.05473579466342926,1,0.0,0.06436158009096185,0.9272879231090682,0.9622723330442324,88.61432177729138,400.7703820389208,17756.997796402462,models_disagree;temporal_change,../../dataset/images/V01_f0000021.png,dino_pyramid/overlays/V01_f0000021.jpg,quality/dino_pyramid/entropy/V01_f0000021.jpg,quality/disagreement/V01_f0000021.jpg,,,,"[[244.8117275238037, 148.99080991744995], [635.3087060451508, 143.41673254966736], [634.0054447650909, 229.72121089696884]]",dino_pyramid/triangles/V01_f0000021.svg
V01_f0000007,dino_pyramid,dino_pyramid,train,V01,0.23333333333333334,28.709,0.8985263157894737,0.6746735007094664,0.3931159973144531,0.03637753054499626,1,0.0,0.029691211401425176,0.8830059777967549,0.9378684807256236,96.91518718941644,165.7543208586721,8032.0555167364,models_disagree,../../dataset/images/V01_f0000007.png,dino_pyramid/overlays/V01_f0000007.jpg,quality/dino_pyramid/entropy/V01_f0000007.jpg,quality/disagreement/V01_f0000007.jpg,,,,"[[203.65113300085068, 131.85965269804], [368.38199520111084, 123.84365871548653], [370.9091992378235, 220.21707147359848]]",dino_pyramid/triangles/V01_f0000007.svg
V01_f0000014,baseline,baseline,train,V01,0.4666666666666667,28.554,0.9265288165420149,0.5140287671606758,0.30050399899482727,0.0619848370552063,1,0.0,0.088544474393531,0.6118957088538838,0.7592249368155013,117.23311785335547,416.1031995395649,24390.537715390048,models_disagree;temporal_change,../../dataset/images/V01_f0000014.png,baseline/overlays/V01_f0000014.jpg,quality/baseline/entropy/V01_f0000014.jpg,quality/disagreement/V01_f0000014.jpg,,,,"[[191.82248347997665, 142.83821359276772], [602.5254812240601, 132.57063925266266], [587.5594544410706, 245.92441320419312]]",baseline/triangles/V01_f0000014.svg
V01_f0000068,dino_pyramid,dino_pyramid,train,V01,2.2666666666666666,28.392,0.9211069805865345,0.47942365382165236,0.31471773982048035,0.06427957117557526,1,0.0,0.09107775121180052,0.8358897787430433,0.9106099815157116,103.74901056141714,470.0661099378222,24384.446902251693,models_disagree;temporal_change,../../dataset/images/V01_f0000068.png,dino_pyramid/overlays/V01_f0000068.jpg,quality/dino_pyramid/entropy/V01_f0000068.jpg,quality/disagreement/V01_f0000068.jpg,,,,"[[166.09236365556717, 167.40316897630692], [640.796968460083, 166.1595180630684], [630.8974373340607, 269.96201276779175]]",dino_pyramid/triangles/V01_f0000068.svg
V02_f0000070,baseline,baseline,train,V02,2.3333333333333335,28.391,0.9042056074766355,0.7035702669568916,0.3705073893070221,0.03245650976896286,1,0.0,0.04774739583333333,0.44654512716632905,0.6173953633110316,94.45106375409534,269.00760767928614,12704.027351626462,models_disagree,../../dataset/images/V02_f0000070.png,baseline/overlays/V02_f0000070.jpg,quality/baseline/entropy/V02_f0000070.jpg,quality/disagreement/V02_f0000070.jpg,,,,"[[158.99057149887085, 152.79918026924133], [435.7260775566101, 159.4191870689392], [451.92875146865845, 253.38908302783966]]",baseline/triangles/V02_f0000070.svg
V02_f0000033,dino_pyramid,dino_pyramid,train,V02,1.1,28.302,0.9227776114935649,0.4013727488956847,0.3114143908023834,0.07396457344293594,1,0.0,0.08505113666472365,0.926176561058136,0.9616735867135101,108.56772204189275,423.3094022831105,22978.86876239625,models_disagree;temporal_change,../../dataset/images/V02_f0000033.png,dino_pyramid/overlays/V02_f0000033.jpg,quality/dino_pyramid/entropy/V02_f0000033.jpg,quality/disagreement/V02_f0000033.jpg,,,,"[[192.17700362205505, 161.4705764055252], [612.7365875244141, 150.3630509376526], [612.496862411499, 258.21865224838257]]",dino_pyramid/triangles/V02_f0000033.svg
V02_f0000033,baseline,baseline,train,V02,1.1,28.104,0.9180722891566265,0.4013727488956847,0.32516416907310486,0.07191548496484756,1,0.0,0.07885114726299614,0.8556256733877174,0.9221964167219642,101.40965555533889,420.8744050924322,21340.364226240858,models_disagree;temporal_change,../../dataset/images/V02_f0000033.png,baseline/overlays/V02_f0000033.jpg,quality/baseline/entropy/V02_f0000033.jpg,quality/disagreement/V02_f0000033.jpg,,,,"[[183.44423532485962, 156.30319213867188], [610.6049966812134, 154.1721641421318], [590.4680871963501, 252.8838986158371]]",baseline/triangles/V02_f0000033.svg
V02_f0000026,unet_small,unet_small,train,V02,0.8666666666666667,28.057,0.9370605959156344,0.41736168645862104,0.2624955475330353,0.07395219802856445,1,0.0,0.11717283567174862,0.7529639062088347,0.8590751966334352,138.77720583022045,464.5223810177105,32232.559041619446,models_disagree;temporal_change,../../dataset/images/V02_f0000026.png,unet_small/overlays/V02_f0000026.jpg,quality/unet_small/entropy/V02_f0000026.jpg,quality/disagreement/V02_f0000026.jpg,,,,"[[171.88230514526367, 129.9992059469223], [627.3317813873291, 120.78544211387634], [615.6699657440186, 255.60525584220886]]",unet_small/triangles/V02_f0000026.svg
V01_f0000038,dino_pyramid,dino_pyramid,train,V01,1.2666666666666668,28.043,0.9151677852348993,0.5873578745919171,0.33996957540512085,0.04770852252840996,1,0.0,0.04684462193263623,0.8904748833379084,0.9420647596921736,107.87670348343849,233.92246662749332,12617.392285244316,models_disagree,../../dataset/images/V01_f0000038.png,dino_pyramid/overlays/V01_f0000038.jpg,quality/dino_pyramid/entropy/V01_f0000038.jpg,quality/disagreement/V01_f0000038.jpg,,,,"[[179.03116032481194, 177.23461613059044], [414.09983348846436, 163.2702648639679], [407.40041518211365, 270.8573788404465]]",dino_pyramid/triangles/V01_f0000038.svg
V01_f0000044,dino_pyramid,dino_pyramid,train,V01,1.4666666666666668,28.038,0.9014195583596214,0.6534860803153486,0.3820704519748688,0.03632144257426262,1,0.0,0.0316975166326329,0.856280193236715,0.9225764476252439,96.32292609595969,178.2817556848394,8586.310188544363,models_disagree,../../dataset/images/V01_f0000044.png,dino_pyramid/overlays/V01_f0000044.jpg,quality/dino_pyramid/entropy/V01_f0000044.jpg,quality/disagreement/V01_f0000044.jpg,,,,"[[187.44932562112808, 164.5432859659195], [368.2543762922287, 150.74539929628372], [355.71400785446167, 245.79352140426636]]",dino_pyramid/triangles/V01_f0000044.svg
V01_f0000090,unet_small,unet_small,val,V01,3.0,28.027,0.9209643605870022,0.4602123546553565,0.3174285590648651,0.06482583284378052,1,0.0,0.05866839043309632,0.549552379456573,0.7093046827488344,112.49375452384808,278.6716758100336,15674.411545661647,models_disagree;temporal_change,../../dataset/images/V01_f0000090.png,unet_small/overlays/V01_f0000090.jpg,quality/unet_small/entropy/V01_f0000090.jpg,quality/disagreement/V01_f0000090.jpg,,,,"[[155.96255657076836, 172.72860556840897], [438.6144518852234, 169.44073140621185], [438.0884921550751, 283.53267163038254]]",unet_small/triangles/V01_f0000090.svg
V01_f0000021,unet_small,unet_small,train,V01,0.7000000000000001,27.948,0.9257680435102161,0.5413064361191162,0.30040135979652405,0.05537651479244232,1,0.0,0.08847861586838873,0.5372050816696915,0.6989374262101535,117.10984175106304,416.5381243149035,24390.356910901486,models_disagree;temporal_change,../../dataset/images/V01_f0000021.png,unet_small/overlays/V01_f0000021.jpg,quality/unet_small/entropy/V01_f0000021.jpg,quality/disagreement/V01_f0000021.jpg,,,,"[[200.0094987154007, 141.4869949221611], [611.3988664150238, 135.28835400938988], [594.1585757732391, 248.04823100566864]]",unet_small/triangles/V01_f0000021.svg
V02_f0000007,baseline,baseline,train,V02,0.23333333333333334,27.931,0.9034670292318151,0.7236761465138416,0.3766481578350067,0.02747468091547489,1,0.0,0.03713084645068891,0.525679758308157,0.689108910891089,102.9972795802487,195.1858440848614,10051.805476657652,models_disagree,../../dataset/images/V02_f0000007.png,baseline/overlays/V02_f0000007.jpg,quality/baseline/entropy/V02_f0000007.jpg,quality/disagreement/V02_f0000007.jpg,,,,"[[186.1252462863922, 137.11142313480377], [380.98849296569824, 126.85868966579437], [399.14316415786743, 227.38412356376648]]",baseline/triangles/V02_f0000007.svg
V01_f0000036,baseline,baseline,train,V01,1.2,27.868,0.9134504844802103,0.47971372101302495,0.3372441828250885,0.059902124106884,1,0.0,0.07695767195767196,0.7953127166828456,0.8859879499459292,96.02776543393614,434.5213091403074,20863.055175086145,models_disagree;temporal_change,../../dataset/images/V01_f0000036.png,baseline/overlays/V01_f0000036.jpg,quality/baseline/entropy/V01_f0000036.jpg,quality/disagreement/V01_f0000036.jpg,,,,"[[186.19598805904388, 160.84816306829453], [622.2686508893967, 153.14961969852448], [609.85220515728, 247.66559153795242]]",baseline/triangles/V01_f0000036.svg
V01_f0000026,baseline,baseline,train,V01,0.8666666666666667,27.858,0.9438483906547679,0.3978317588843905,0.23667854070663452,0.07692732661962509,1,0.0,0.1300237676410952,0.8441228070175438,0.9154735289920564,163.7062914473896,436.9051797024592,35762.06334162245,models_disagree;temporal_change,../../dataset/images/V01_f0000026.png,baseline/overlays/V01_f0000026.jpg,quality/baseline/entropy/V01_f0000026.jpg,quality/disagreement/V01_f0000026.jpg,,,,"[[200.9855211377144, 130.8191791176796], [634.5418937206268, 109.36862602829933], [614.410772562027, 268.25105398893356]]",baseline/triangles/V01_f0000026.svg
V01_f0000057,baseline,baseline,train,V01,1.9000000000000001,27.843,0.8942786069651741,0.6041764552336205,0.40588703751564026,0.03990429267287254,1,0.0,0.04058900523560209,0.7407645358175393,0.8510795349695516,81.56083844372694,264.42480142704676,10783.354254852968,models_disagree,../../dataset/images/V01_f0000057.png,baseline/overlays/V01_f0000057.jpg,quality/baseline/entropy/V01_f0000057.jpg,quality/disagreement/V01_f0000057.jpg,,,,"[[192.41542440652847, 153.86755764484406], [460.28134548664093, 154.5909270644188], [472.0511554479599, 235.46786606311798]]",baseline/triangles/V01_f0000057.svg
V02_f0000070,unet_small,unet_small,train,V02,2.3333333333333335,27.811,0.9227782571182054,0.7035702669568916,0.313497394323349,0.03373534232378006,1,0.0,0.058229166666666665,0.5762859633827376,0.7311946902654868,119.12629769539703,259.77568869117727,15473.058012525984,models_disagree,../../dataset/images/V02_f0000070.png,unet_small/overlays/V02_f0000070.jpg,quality/unet_small/entropy/V02_f0000070.jpg,quality/disagreement/V02_f0000070.jpg,,,,"[[162.2021520137787, 152.06923538446426], [424.64675188064575, 149.46895790100098], [421.2451386451721, 269.68916058540344]]",unet_small/triangles/V02_f0000070.svg
V02_f0000007,unet_small,unet_small,train,V02,0.23333333333333334,27.781,0.920229281108192,0.7236761465138416,0.32040950655937195,0.030497653409838676,1,0.0,0.05329602567332812,0.4568905414826865,0.6272132716541713,130.91154506108845,220.41730520086423,14427.584991023312,models_disagree,../../dataset/images/V02_f0000007.png,unet_small/overlays/V02_f0000007.jpg,quality/unet_small/entropy/V02_f0000007.jpg,quality/disagreement/V02_f0000007.jpg,,,,"[[178.3565855026245, 121.94241517782211], [398.0463767051697, 118.71727794408798], [412.9516410827637, 247.69558203220367]]",unet_small/triangles/V02_f0000007.svg
V02_f0000090,unet_small,unet_small,val,V02,3.0,27.56,0.9207369323050557,0.44178875462901485,0.3200504779815674,0.06474318355321884,1,0.0,0.05832901554404145,0.48032320814005686,0.6489436975639341,112.5874567380583,273.63063139113336,15403.688436978402,models_disagree;temporal_change,../../dataset/images/V02_f0000090.png,unet_small/overlays/V02_f0000090.jpg,quality/unet_small/entropy/V02_f0000090.jpg,quality/disagreement/V02_f0000090.jpg,,,,"[[156.98095858097076, 173.06886327266693], [434.5945930480957, 168.62086856365204], [433.92528533935547, 282.83251547813416]]",unet_small/triangles/V02_f0000090.svg
V01_f0000033,dino_pyramid,dino_pyramid,train,V01,1.1,27.448,0.9235255994815295,0.3877796876606873,0.31579992175102234,0.07156061381101608,1,0.0,0.07881648936170213,0.9438349435074505,0.9711060567770197,109.02913224663713,394.96217249567013,21531.191468724763,models_disagree;temporal_change,../../dataset/images/V01_f0000033.png,dino_pyramid/overlays/V01_f0000033.jpg,quality/dino_pyramid/entropy/V01_f0000033.jpg,quality/disagreement/V01_f0000033.jpg,,,,"[[209.09136974811554, 161.26547008752823], [598.3966224193573, 144.98503133654594], [602.2309837341309, 252.47611105442047]]",dino_pyramid/triangles/V01_f0000033.svg
V02_f0000029,dino_linear,dino_linear,train,V02,0.9666666666666667,27.401,0.9212556997544721,0.6166563552622535,0.3183976411819458,0.04218515008687973,2,0.00036529680365293693,0.07321867979030705,0.23473370064279156,0.3802175327693595,109.0727021020757,365.86598597964354,19952.99584901993,models_disagree,../../dataset/images/V02_f0000029.png,dino_linear/overlays/V02_f0000029.jpg,quality/dino_linear/entropy/V02_f0000029.jpg,quality/disagreement/V02_f0000029.jpg,,,,"[[191.34925603866577, 133.37450301647186], [556.6633915901184, 139.1409661769867], [536.9956183433533, 244.70511412620544]]",dino_linear/triangles/V02_f0000029.svg
V01_f0000027,dino_pyramid,dino_pyramid,train,V01,0.9,27.237,0.9394816154309825,0.38219386413273415,0.251861572265625,0.07479351758956909,1,0.0,0.1080588290498599,0.9369772646954883,0.9674633582679559,157.27103484461088,376.9698926225313,29643.22255900367,models_disagree;temporal_change,../../dataset/images/V01_f0000027.png,dino_pyramid/overlays/V01_f0000027.jpg,quality/dino_pyramid/entropy/V01_f0000027.jpg,quality/disagreement/V01_f0000027.jpg,,,,"[[189.77965688705444, 126.868586987257], [559.0097808837891, 120.0435720384121], [559.8395285606384, 274.09645915031433]]",dino_pyramid/triangles/V01_f0000027.svg
V02_f0000009,dino_pyramid,dino_pyramid,train,V02,0.3,27.231,0.9219182825484764,0.4874892809016293,0.31290239095687866,0.057648736983537674,1,0.0,0.07400240224209262,0.9141804141804142,0.9551664068946548,111.76917509530557,360.7493491636443,20160.32858609444,models_disagree;temporal_change,../../dataset/images/V02_f0000009.png,dino_pyramid/overlays/V02_f0000009.jpg,quality/dino_pyramid/entropy/V02_f0000009.jpg,quality/disagreement/V02_f0000009.jpg,,,,"[[153.3688098192215, 113.49515533447266], [509.38507318496704, 108.36626958847046], [505.3783392906189, 218.46537387371063]]",dino_pyramid/triangles/V02_f0000009.svg
V01_f0000044,unet_small,unet_small,train,V01,1.4666666666666668,27.089,0.9159323648487735,0.6534860803153486,0.3315489590167999,0.034845370799303055,1,0.0,0.052934589289243134,0.49663299663299665,0.6636670416197975,113.81784514095742,251.8145213916116,14330.493099997379,models_disagree,../../dataset/images/V01_f0000044.png,unet_small/overlays/V01_f0000044.jpg,quality/unet_small/entropy/V01_f0000044.jpg,quality/disagreement/V01_f0000044.jpg,,,,"[[154.33561527729034, 164.00666534900665], [405.43236178159714, 159.92885828018188], [414.37402683496475, 272.86022901535034]]",unet_small/triangles/V01_f0000044.svg
V01_f0000034,baseline,baseline,train,V01,1.1333333333333333,27.079,0.9066859066859067,0.5494776311213923,0.3616654872894287,0.04571565240621567,1,0.0,0.05253805760356442,0.6430882035799008,0.7827798923743273,92.1299682205097,308.80209466803404,14224.963584096402,models_disagree,../../dataset/images/V01_f0000034.png,baseline/overlays/V01_f0000034.jpg,quality/baseline/entropy/V01_f0000034.jpg,quality/disagreement/V01_f0000034.jpg,,,,"[[195.2628744840622, 152.9286503791809], [501.5910118818283, 157.8836627304554], [498.0859123468399, 249.19773638248444]]",baseline/triangles/V01_f0000034.svg
V02_f0000041,dino_pyramid,dino_pyramid,train,V02,1.3666666666666667,26.804,0.9195951644644363,0.5049311883601456,0.32221487164497375,0.0528133325278759,1,0.0,0.08987729657929693,0.927674317886531,0.9624803414962929,100.77508455431135,478.2307108493193,24096.870161154286,models_disagree;temporal_change,../../dataset/images/V02_f0000041.png,dino_pyramid/overlays/V02_f0000041.jpg,quality/dino_pyramid/entropy/V02_f0000041.jpg,quality/disagreement/V02_f0000041.jpg,,,,"[[145.63094079494476, 183.66638922691345], [624.0401673316956, 181.72765320539474], [623.7907290458679, 282.5387274026871]]",dino_pyramid/triangles/V02_f0000041.svg
V01_f0000030,dino_pyramid,dino_pyramid,train,V01,1.0,26.735,0.9128998609179416,0.4486028575041092,0.34332239627838135,0.058002591133117676,1,0.0,0.072932131495228,0.9258548499651081,0.9615001358818733,94.76245888989143,418.89922359069,19847.9602272601,models_disagree;temporal_change,../../dataset/images/V01_f0000030.png,dino_pyramid/overlays/V01_f0000030.jpg,quality/dino_pyramid/entropy/V01_f0000030.jpg,quality/disagreement/V01_f0000030.jpg,,,,"[[183.14706993103027, 132.09110498428345], [597.4884053468704, 121.68567627668381], [599.6059302091599, 215.4223993420601]]",dino_pyramid/triangles/V01_f0000030.svg
V02_f0000058,dino_pyramid,dino_pyramid,train,V02,1.9333333333333333,26.616,0.9143362831858407,0.4739374060407271,0.34030747413635254,0.0545646995306015,1,0.0,0.0708938100669997,0.8860547071656318,0.9395853723640893,95.23746952003285,397.87215907430124,18946.16881135421,models_disagree;temporal_change,../../dataset/images/V02_f0000058.png,dino_pyramid/overlays/V02_f0000058.jpg,quality/dino_pyramid/entropy/V02_f0000058.jpg,quality/disagreement/V02_f0000058.jpg,,,,"[[225.52938580513, 159.27386462688446], [625.3240084648132, 166.89104330539703], [618.7142443656921, 262.2569397687912]]",dino_pyramid/triangles/V02_f0000058.svg
V02_f0000027,dino_pyramid,dino_pyramid,train,V02,0.9,26.568,0.9419354838709677,0.36476432559165245,0.24382378160953522,0.07418183982372284,1,0.0,0.11472826812658565,0.9725996376811594,0.9861095167030192,162.1489747982909,384.7866448042791,31196.379985543983,models_disagree;temporal_change,../../dataset/images/V02_f0000027.png,dino_pyramid/overlays/V02_f0000027.jpg,quality/dino_pyramid/entropy/V02_f0000027.jpg,quality/disagreement/V02_f0000027.jpg,,,,"[[181.64454460144043, 128.86793571710587], [561.077778339386, 118.85951292514801], [560.5914187431335, 278.73825240135193]]",dino_pyramid/triangles/V02_f0000027.svg
V02_f0000034,dino_linear,dino_linear,train,V02,1.1333333333333333,26.533,0.9113043478260869,0.4940905762995502,0.34639889001846313,0.05094930902123451,1,0.0,0.05825639134386154,0.7032873806998939,0.8258000249034989,97.2445731201574,321.7990473052481,15646.605492836095,models_disagree;temporal_change,../../dataset/images/V02_f0000034.png,dino_linear/overlays/V02_f0000034.jpg,quality/dino_linear/entropy/V02_f0000034.jpg,quality/disagreement/V02_f0000034.jpg,,,,"[[165.86073875427246, 159.34872162342072], [487.16724157333374, 158.571573138237], [483.9880299568176, 255.55538833141327]]",dino_linear/triangles/V02_f0000034.svg
V02_f0000014,unet_small,unet_small,train,V02,0.4666666666666667,26.452,0.9158970976253298,0.5111111111111111,0.3340003490447998,0.049445636570453644,1,0.0,0.0785316236541687,0.6322610153986888,0.7747057724640388,99.8443554461387,434.5805417633066,21695.207040895555,models_disagree,../../dataset/images/V02_f0000014.png,unet_small/overlays/V02_f0000014.jpg,quality/unet_small/entropy/V02_f0000014.jpg,quality/disagreement/V02_f0000014.jpg,,,,"[[192.83429503440857, 139.28894138336182], [623.1846570968628, 146.2387603521347], [603.2550287246704, 241.26637363433838]]",unet_small/triangles/V02_f0000014.svg
V01_f0000034,unet_small,unet_small,train,V01,1.1333333333333333,26.437,0.912847790507365,0.5494776311213923,0.34180518984794617,0.04389017075300217,1,0.0,0.06192648384872434,0.708803611738149,0.8295904887714664,98.11362414364636,341.9148231101286,16773.251221884246,models_disagree,../../dataset/images/V01_f0000034.png,unet_small/overlays/V01_f0000034.jpg,quality/unet_small/entropy/V01_f0000034.jpg,quality/disagreement/V01_f0000034.jpg,,,,"[[186.70551466941833, 157.1960337460041], [528.4752461910248, 163.13841193914413], [514.6250731945038, 259.4641372561455]]",unet_small/triangles/V01_f0000034.svg
V02_f0000034,unet_small,unet_small,train,V02,1.1333333333333333,26.419,0.9173439048562934,0.4940905762995502,0.32921913266181946,0.05173826590180397,1,0.0,0.06457858619917548,0.7204366282595512,0.8375044060627423,104.14478177877614,331.15423417759536,17243.9927267717,models_disagree;temporal_change,../../dataset/images/V02_f0000034.png,unet_small/overlays/V02_f0000034.jpg,quality/unet_small/entropy/V02_f0000034.jpg,quality/disagreement/V02_f0000034.jpg,,,,"[[179.29498314857483, 159.84915781021118], [513.8165831565857, 159.10640609264374], [497.86585092544556, 261.79629504680634]]",unet_small/triangles/V02_f0000034.svg
V02_f0000021,baseline,baseline,train,V02,0.7000000000000001,26.396,0.9192525287159267,0.48158156928578255,0.32138651609420776,0.05361415818333626,1,0.0,0.07577058239665209,0.7031893004115226,0.825732407127756,107.38634918993768,384.59394745323493,20650.069968774813,models_disagree;temporal_change,../../dataset/images/V02_f0000021.png,baseline/overlays/V02_f0000021.jpg,quality/baseline/entropy/V02_f0000021.jpg,quality/disagreement/V02_f0000021.jpg,,,,"[[199.39309000968933, 138.10262072086334], [576.8726992607117, 139.31141185760498], [573.434636592865, 244.61006045341492]]",baseline/triangles/V02_f0000021.svg
V01_f0000038,unet_small,unet_small,train,V01,1.2666666666666668,26.325,0.914754746835443,0.5873578745919171,0.3356936573982239,0.0390273742377758,1,0.0,0.06360674688665861,0.485802693847834,0.6539262526032096,99.82207442527823,343.1277997964243,17125.864384330318,models_disagree,../../dataset/images/V01_f0000038.png,unet_small/overlays/V01_f0000038.jpg,quality/unet_small/entropy/V01_f0000038.jpg,quality/disagreement/V01_f0000038.jpg,,,,"[[151.4731805920601, 179.57468703389168], [495.31850504875183, 176.40410363674164], [488.6706337928772, 275.929257273674]]",unet_small/triangles/V01_f0000038.svg
V01_f0000014,unet_small,unet_small,train,V01,0.4666666666666667,26.282,0.9108718672785033,0.5140287671606758,0.3459761440753937,0.0471036434173584,1,0.0,0.07247978436657682,0.7814481147814482,0.8773178497846038,95.81835314877186,418.28332165750936,20039.609515410284,models_disagree,../../dataset/images/V01_f0000014.png,unet_small/overlays/V01_f0000014.jpg,quality/unet_small/entropy/V01_f0000014.jpg,quality/disagreement/V01_f0000014.jpg,,,,"[[201.3716994524002, 145.25117352604866], [625.4891927242279, 147.8288769721985], [599.3824098110199, 237.55985498428345]]",unet_small/triangles/V01_f0000014.svg
V02_f0000016,dino_pyramid,dino_pyramid,train,V02,0.5333333333333333,26.188,0.8830275229357798,0.6120811287477954,0.43195077776908875,0.028110917657613754,1,0.0,0.033067766678799154,0.7460252751732572,0.8545412094326407,72.68614160125463,250.52444162734182,9104.827519350109,models_disagree,../../dataset/images/V02_f0000016.png,dino_pyramid/overlays/V02_f0000016.jpg,quality/dino_pyramid/entropy/V02_f0000016.jpg,quality/disagreement/V02_f0000016.jpg,,,,"[[164.1368007659912, 145.64408415555954], [408.5438132286072, 130.23652803897858], [409.0905547142029, 201.17802214622498]]",dino_pyramid/triangles/V02_f0000016.svg
V01_f0000007,baseline,baseline,train,V01,0.23333333333333334,26.161,0.898353614889048,0.6746735007094664,0.3885226249694824,0.023598184809088707,1,0.0,0.03491686460807601,0.6498455200823893,0.787765293383271,95.37236537953527,198.26089271394093,9454.305150193408,models_disagree,../../dataset/images/V01_f0000007.png,baseline/overlays/V01_f0000007.jpg,quality/baseline/entropy/V01_f0000007.jpg,quality/disagreement/V01_f0000007.jpg,,,,"[[185.18480175733566, 140.3440162539482], [383.500090777874, 131.79807364940643], [398.30068749189377, 225.50828754901886]]",baseline/triangles/V01_f0000007.svg
V01_f0000018,dino_pyramid,dino_pyramid,train,V01,0.6,26.093,0.9189344027499284,0.5315342032423882,0.324714332818985,0.04578109085559845,1,0.0,0.09049663777039618,0.904093902089894,0.9496316343407006,102.55371806022332,488.6426522943199,25056.060397795707,models_disagree,../../dataset/images/V01_f0000018.png,dino_pyramid/overlays/V01_f0000018.jpg,quality/dino_pyramid/entropy/V01_f0000018.jpg,quality/disagreement/V01_f0000018.jpg,,,,"[[166.10999554395676, 159.72885489463806], [642.7072062492371, 149.7693434357643], [636.1727185249329, 249.22838062047958]]",dino_pyramid/triangles/V01_f0000018.svg
V01_f0000097,unet_small,unet_small,test,V01,3.2333333333333334,25.909,0.9233997901364114,0.542014977359805,0.30857521295547485,0.04455800727009773,1,0.0,0.07112694300518135,0.5369044340402093,0.6986829137174089,112.06613947682992,337.47226919770674,18909.607194736247,models_disagree,../../dataset/images/V01_f0000097.png,unet_small/overlays/V01_f0000097.jpg,quality/unet_small/entropy/V01_f0000097.jpg,quality/disagreement/V01_f0000097.jpg,,,,"[[165.33155766129494, 166.4205752313137], [507.81941401958466, 158.75576063990593], [503.3047515153885, 272.20650762319565]]",unet_small/triangles/V01_f0000097.svg
V02_f0000032,dino_pyramid,dino_pyramid,train,V02,1.0666666666666667,25.891,0.9034274193548387,0.5536121983039792,0.37323492765426636,0.03852709382772446,1,0.0,0.06303468709543956,0.913253518168452,0.9546602261499616,85.05883576665704,403.6134104547541,17165.443396545634,models_disagree,../../dataset/images/V02_f0000032.png,dino_pyramid/overlays/V02_f0000032.jpg,quality/dino_pyramid/entropy/V02_f0000032.jpg,quality/disagreement/V02_f0000032.jpg,,,,"[[212.9872763156891, 157.74101269245148], [610.9239792823792, 150.60124242305756], [615.3030180931091, 234.31338918209076]]",dino_pyramid/triangles/V02_f0000032.svg
V02_f0000028,dino_pyramid,dino_pyramid,train,V02,0.9333333333333333,25.857,0.9306884114787518,0.4331541890597009,0.2856151759624481,0.05954570695757866,1,0.0,0.08239979753040375,0.9215871516296646,0.9591937069813176,132.72701097842128,336.02565707393416,22299.840537741642,models_disagree;temporal_change,../../dataset/images/V02_f0000028.png,dino_pyramid/overlays/V02_f0000028.jpg,quality/dino_pyramid/entropy/V02_f0000028.jpg,quality/disagreement/V02_f0000028.jpg,,,,"[[149.51351881027222, 135.55130791664124], [481.7612600326538, 142.3536866903305], [481.56379222869873, 273.5922017097473]]",dino_pyramid/triangles/V02_f0000028.svg
V01_f0000026,unet_small,unet_small,train,V01,0.8666666666666667,25.76,0.9390536415176625,0.3978317588843905,0.2548898458480835,0.06536038219928741,1,0.0,0.11946932362933223,0.7742416272137471,0.8727578198349558,145.95436965076857,449.88105844208945,32831.05315136787,models_disagree;temporal_change,../../dataset/images/V01_f0000026.png,unet_small/overlays/V01_f0000026.jpg,quality/unet_small/entropy/V01_f0000026.jpg,quality/disagreement/V01_f0000026.jpg,,,,"[[175.7029665708542, 130.34489750862122], [616.9459184408188, 121.71747162938118], [609.157418847084, 264.29101824760437]]",unet_small/triangles/V01_f0000026.svg
V01_f0000018,baseline,baseline,train,V01,0.6,25.753,0.9194797150820687,0.5315342032423882,0.3221155107021332,0.04420570284128189,1,0.0,0.08363714926138972,0.7256541677906663,0.841019227763014,105.3803743768539,439.66493584493406,23166.0277698573,models_disagree,../../dataset/images/V01_f0000018.png,baseline/overlays/V01_f0000018.jpg,quality/baseline/entropy/V01_f0000018.jpg,quality/disagreement/V01_f0000018.jpg,,,,"[[179.57843565940857, 152.28063985705376], [612.4429439306259, 147.26382493972778], [597.2286721467972, 248.5482394695282]]",baseline/triangles/V01_f0000018.svg
V01_f0000044,baseline,baseline,train,V01,1.4666666666666668,25.676,0.9102998696219036,0.6534860803153486,0.35092732310295105,0.026513924822211266,1,0.0,0.048323562347671434,0.5479704797047971,0.7079856972586412,101.04902074219508,258.43556059302176,13057.330161442535,models_disagree,../../dataset/images/V01_f0000044.png,baseline/overlays/V01_f0000044.jpg,quality/baseline/entropy/V01_f0000044.jpg,quality/disagreement/V01_f0000044.jpg,,,,"[[155.54684609174728, 158.61843153834343], [412.7206751704216, 153.18743884563446], [415.52654296159744, 253.72407585382462]]",baseline/triangles/V01_f0000044.svg
V01_f0000016,dino_pyramid,dino_pyramid,train,V01,0.5333333333333333,25.664,0.8920289855072464,0.6151190228329516,0.40765565633773804,0.027138711884617805,1,0.0,0.03495989304812834,0.8620432513049963,0.9259110933119744,81.87391080555457,233.45358927377694,9556.879172718893,models_disagree,../../dataset/images/V01_f0000016.png,dino_pyramid/overlays/V01_f0000016.jpg,quality/dino_pyramid/entropy/V01_f0000016.jpg,quality/disagreement/V01_f0000016.jpg,,,,"[[179.97672653198242, 150.63945204019547], [408.78324472904205, 133.47715884447098], [411.87681698799133, 213.83392810821533]]",dino_pyramid/triangles/V01_f0000016.svg
V02_f0000058,baseline,baseline,train,V02,1.9333333333333333,25.644,0.9124663677130045,0.4739374060407271,0.34632977843284607,0.049282293766736984,1,0.0,0.06977933367423199,0.8001936733376371,0.8890084274699659,91.70650876572589,407.43077944711786,18682.027173396822,models_disagree,../../dataset/images/V02_f0000058.png,baseline/overlays/V02_f0000058.jpg,quality/baseline/entropy/V02_f0000058.jpg,quality/disagreement/V02_f0000058.jpg,,,,"[[189.98971223831177, 160.20568710565567], [599.3351626396179, 158.39121860265732], [595.722963809967, 250.37079453468323]]",baseline/triangles/V02_f0000058.svg
V02_f0000097,unet_small,unet_small,test,V02,3.2333333333333334,25.615,0.9240145638752573,0.4827879704936637,0.30730804800987244,0.05062856152653694,1,0.0,0.07851928419148524,0.7203207790347987,0.83742612170149,109.63558856281915,377.6253623303558,20700.589427668197,models_disagree;temporal_change,../../dataset/images/V02_f0000097.png,unet_small/overlays/V02_f0000097.jpg,quality/unet_small/entropy/V02_f0000097.jpg,quality/disagreement/V02_f0000097.jpg,,,,"[[162.53199934959412, 172.71998018026352], [549.8195099830627, 159.8359385728836], [539.4839930534363, 270.9676146507263]]",unet_small/triangles/V02_f0000097.svg
V01_f0000038,baseline,baseline,train,V01,1.2666666666666668,25.604,0.9166156982670745,0.5873578745919171,0.33219894766807556,0.035838011652231216,1,0.0,0.06155745888287531,0.5113250283125708,0.6766579243162233,102.82365078351268,322.7651503512013,16593.945552399946,models_disagree,../../dataset/images/V01_f0000038.png,baseline/overlays/V01_f0000038.jpg,quality/baseline/entropy/V01_f0000038.jpg,quality/disagreement/V01_f0000038.jpg,,,,"[[165.85053706169128, 179.9159310758114], [496.44100201129913, 175.0115007162094], [475.3201974630356, 275.5634933710098]]",baseline/triangles/V01_f0000038.svg
V01_f0000028,unet_small,unet_small,train,V01,0.9333333333333333,25.464,0.9259850905218318,0.43982609935143613,0.30133721232414246,0.055685967206954956,1,0.0,0.07218635607321132,0.8366495507060334,0.9110606325353835,124.65117968085322,315.64415909107515,19672.708395036712,models_disagree;temporal_change,../../dataset/images/V01_f0000028.png,unet_small/overlays/V01_f0000028.jpg,quality/unet_small/entropy/V01_f0000028.jpg,quality/disagreement/V01_f0000028.jpg,,,,"[[170.542867064476, 138.02611827850342], [482.20257782936096, 134.33222472667694], [487.80742049217224, 257.2208046913147]]",unet_small/triangles/V01_f0000028.svg
V02_f0000041,baseline,baseline,train,V02,1.3666666666666667,25.284,0.9174927558334605,0.5049311883601456,0.3273283541202545,0.044738974422216415,1,0.0,0.08260452148296224,0.7862126709461346,0.8803125,99.19171867550126,447.1501632099924,22176.79659741502,models_disagree,../../dataset/images/V02_f0000041.png,baseline/overlays/V02_f0000041.jpg,quality/baseline/entropy/V02_f0000041.jpg,quality/disagreement/V02_f0000041.jpg,,,,"[[163.52126598358154, 193.33859086036682], [616.225118637085, 183.16168409585953], [603.0036878585815, 281.5043499469757]]",baseline/triangles/V02_f0000041.svg
V01_f0000030,unet_small,unet_small,train,V01,1.0,25.264,0.9173884077281812,0.4486028575041092,0.32760557532310486,0.05165484547615051,1,0.0,0.07611346765641569,0.6996684749849307,0.8232999379377605,101.46060730097673,408.9770161737399,20747.52821656452,models_disagree;temporal_change,../../dataset/images/V01_f0000030.png,unet_small/overlays/V01_f0000030.jpg,quality/unet_small/entropy/V01_f0000030.jpg,quality/disagreement/V01_f0000030.jpg,,,,"[[185.0355425775051, 134.26463305950165], [590.2511395215988, 128.09748575091362], [586.2749239206314, 228.40668261051178]]",unet_small/triangles/V01_f0000030.svg
V02_f0000028,unet_small,unet_small,train,V02,0.9333333333333333,25.141,0.92524682651622,0.4331541890597009,0.3042106032371521,0.05474257469177246,1,0.0,0.07266260839449602,0.7289029535864979,0.8431970713849909,120.15175022269865,328.0194077934348,19706.052976697156,models_disagree;temporal_change,../../dataset/images/V02_f0000028.png,unet_small/overlays/V02_f0000028.jpg,quality/unet_small/entropy/V02_f0000028.jpg,quality/disagreement/V02_f0000028.jpg,,,,"[[166.92946314811707, 141.87821769714355], [491.2999963760376, 140.02698945999146], [493.71527194976807, 258.8068525791168]]",unet_small/triangles/V02_f0000028.svg
V01_f0000071,baseline,baseline,train,V01,2.3666666666666667,25.107,0.9234525348269425,0.4028339215057213,0.3089142143726349,0.057955291122198105,1,0.0,0.08686061298108115,0.6769321533923304,0.8073459048691247,107.40550466279137,430.9826292156544,23144.953395902026,models_disagree;temporal_change,../../dataset/images/V01_f0000071.png,baseline/overlays/V01_f0000071.jpg,quality/baseline/entropy/V01_f0000071.jpg,quality/disagreement/V01_f0000071.jpg,,,,"[[159.21205615997314, 163.09010982513428], [601.5643684864044, 153.3466950058937], [584.897688627243, 260.6189176440239]]",baseline/triangles/V01_f0000071.svg
V02_f0000044,dino_pyramid,dino_pyramid,train,V02,1.4666666666666668,25.101,0.9026615969581749,0.632554290977784,0.38017499446868896,0.02453390322625637,1,0.0,0.032842105263157895,0.8518651362984218,0.9200077474336626,95.72805825284361,184.89673531199472,8849.902724353618,models_disagree,../../dataset/images/V02_f0000044.png,dino_pyramid/overlays/V02_f0000044.jpg,quality/dino_pyramid/entropy/V02_f0000044.jpg,quality/disagreement/V02_f0000044.jpg,,,,"[[181.88777446746826, 164.80340695381165], [370.37259578704834, 153.99807369709015], [355.7535195350647, 248.45540952682495]]",dino_pyramid/triangles/V02_f0000044.svg
V02_f0000022,unet_small,unet_small,train,V02,0.7333333333333334,25.082,0.9177707676130389,0.5079322914360768,0.3231934607028961,0.04341922327876091,1,0.0,0.06220403782949896,0.7096520542559466,0.830171323444866,116.6103788945581,288.6948944965409,16832.410516083055,models_disagree,../../dataset/images/V02_f0000022.png,unet_small/overlays/V02_f0000022.jpg,quality/unet_small/entropy/V02_f0000022.jpg,quality/disagreement/V02_f0000022.jpg,,,,"[[180.6892365217209, 138.7512104511261], [463.98780584335327, 138.77784955501556], [467.0657801628113, 253.12538933753967]]",unet_small/triangles/V02_f0000022.svg
V01_f0000030,baseline,baseline,train,V01,1.0,25.057,0.9132027101263505,0.4486028575041092,0.33988237380981445,0.04968088120222092,1,0.0,0.06920731707317074,0.7419041450777202,0.8518311953894776,96.86313744962739,389.0157652818762,18840.64377128518,models_disagree,../../dataset/images/V01_f0000030.png,baseline/overlays/V01_f0000030.jpg,quality/baseline/entropy/V01_f0000030.jpg,quality/disagreement/V01_f0000030.jpg,,,,"[[197.4053736925125, 134.3112364411354], [585.4295922517776, 125.74869766831398], [575.2181814908981, 221.04225307703018]]",baseline/triangles/V01_f0000030.svg
V01_f0000027,baseline,baseline,train,V01,0.9,24.976,0.9406610470275066,0.38219386413273415,0.24723026156425476,0.06375538557767868,1,0.0,0.11722908203622517,0.856786643538595,0.9228703217142523,155.13120944820454,415.11876007204546,32198.937657307728,models_disagree;temporal_change,../../dataset/images/V01_f0000027.png,baseline/overlays/V01_f0000027.jpg,quality/baseline/entropy/V01_f0000027.jpg,quality/disagreement/V01_f0000027.jpg,,,,"[[163.15253347158432, 130.60691580176353], [574.6236921548843, 124.03659895062447], [553.6598263978958, 274.5426446199417]]",baseline/triangles/V01_f0000027.svg
V01_f0000007,dino_linear,dino_linear,train,V01,0.23333333333333334,24.969,0.9007969222313823,0.6746735007094664,0.3798389136791229,0.018188077956438065,1,0.0,0.04568487727632621,0.35079288803459874,0.5193881181074351,86.6587281355543,284.8764615458993,12343.515916662389,models_disagree,../../dataset/images/V01_f0000007.png,dino_linear/overlays/V01_f0000007.jpg,quality/dino_linear/entropy/V01_f0000007.jpg,quality/disagreement/V01_f0000007.jpg,,,,"[[184.4032046198845, 133.36898759007454], [467.76630687713623, 136.59042119979858], [466.7205810546875, 222.7879911661148]]",dino_linear/triangles/V01_f0000007.svg
V02_f0000021,dino_pyramid,dino_pyramid,train,V02,0.7000000000000001,24.957,0.9094736842105263,0.48158156928578255,0.3529858887195587,0.04421745613217354,1,0.0,0.06082839284277168,0.8384406920992287,0.9121215557319424,94.7506206515914,351.06002956081574,16631.577843426658,models_disagree,../../dataset/images/V02_f0000021.png,dino_pyramid/overlays/V02_f0000021.jpg,quality/dino_pyramid/entropy/V02_f0000021.jpg,quality/disagreement/V02_f0000021.jpg,,,,"[[235.82417249679565, 155.27953720092773], [580.2253460884094, 151.08147078752518], [582.0019555091858, 244.02257347106934]]",dino_pyramid/triangles/V02_f0000021.svg
V01_f0000007,unet_small,unet_small,train,V01,0.23333333333333334,24.948,0.9219165927240461,0.6746735007094664,0.3161361813545227,0.02283497527241707,1,0.0,0.057244655581947745,0.4893421957368783,0.657125269313635,129.4510668668067,238.88036551679505,15461.659084840932,models_disagree,../../dataset/images/V01_f0000007.png,unet_small/overlays/V01_f0000007.jpg,quality/unet_small/entropy/V01_f0000007.jpg,quality/disagreement/V01_f0000007.jpg,,,,"[[176.56279584765434, 122.51599878072739], [415.92281091213226, 120.8174116909504], [432.3253620862961, 248.54014813899994]]",unet_small/triangles/V01_f0000007.svg
V02_f0000029,dino_pyramid,dino_pyramid,train,V02,0.9666666666666667,24.922,0.9290009699321048,0.6166563552622535,0.28941139578819275,0.03155304491519928,1,0.0,0.066465175992297,0.9077037588388538,0.9516191962543894,145.37288455298807,249.18380506198477,18112.2842628751,models_disagree,../../dataset/images/V02_f0000029.png,dino_pyramid/overlays/V02_f0000029.jpg,quality/dino_pyramid/entropy/V02_f0000029.jpg,quality/disagreement/V02_f0000029.jpg,,,,"[[158.33781123161316, 122.89031028747559], [403.5987067222595, 117.3976725935936], [407.63232707977295, 260.45856618881226]]",dino_pyramid/triangles/V02_f0000029.svg
V01_f0000069,dino_pyramid,dino_pyramid,train,V01,2.3000000000000003,24.913,0.9219518508930883,0.4466798810703667,0.3079740107059479,0.05117036774754524,1,0.0,0.0961700363956636,0.8787878787878788,0.9354838709677419,105.43496332581343,485.18811015492594,25577.89530015267,models_disagree;temporal_change,../../dataset/images/V01_f0000069.png,dino_pyramid/overlays/V01_f0000069.jpg,quality/dino_pyramid/entropy/V01_f0000069.jpg,quality/disagreement/V01_f0000069.jpg,,,,"[[145.74425289034843, 168.3841533958912], [638.9595059156418, 168.94499212503433], [629.4419823884964, 275.2833813428879]]",dino_pyramid/triangles/V01_f0000069.svg
V02_f0000022,dino_pyramid,dino_pyramid,train,V02,0.7333333333333334,24.913,0.919051878354204,0.5079322914360768,0.32550644874572754,0.04286070540547371,1,0.0,0.05744181366959555,0.9440689815893731,0.9712299208822824,114.06907918876753,275.7568489901066,15727.66492214874,models_disagree,../../dataset/images/V02_f0000022.png,dino_pyramid/overlays/V02_f0000022.jpg,quality/dino_pyramid/entropy/V02_f0000022.jpg,quality/disagreement/V02_f0000022.jpg,,,,"[[202.37333178520203, 140.4993598461151], [472.70082235336304, 129.41896390914917], [475.1164984703064, 241.28895556926727]]",dino_pyramid/triangles/V02_f0000022.svg
V01_f0000043,dino_pyramid,dino_pyramid,train,V01,1.4333333333333333,24.801,0.9112852664576803,0.6097499921774774,0.35148918628692627,0.027825338765978813,1,0.0,0.040099133239794915,0.8376196172248804,0.9116354759967453,110.18477371655815,194.96108273983302,10740.871392611836,models_disagree,../../dataset/images/V01_f0000043.png,dino_pyramid/overlays/V01_f0000043.jpg,quality/dino_pyramid/entropy/V01_f0000043.jpg,quality/disagreement/V01_f0000043.jpg,,,,"[[191.86481499671936, 165.7250113785267], [387.32850819826126, 162.5119373202324], [384.44477039575577, 272.8579491376877]]",dino_pyramid/triangles/V01_f0000043.svg
V01_f0000071,unet_small,unet_small,train,V01,2.3666666666666667,24.785,0.9239263803680982,0.4028339215057213,0.30808258056640625,0.05645240470767021,1,0.0,0.08137181117483715,0.5632014510826437,0.7205743708753354,109.05384670707045,397.6711622929896,21683.78498626111,models_disagree;temporal_change,../../dataset/images/V01_f0000071.png,unet_small/overlays/V01_f0000071.jpg,quality/unet_small/entropy/V01_f0000071.jpg,quality/disagreement/V01_f0000071.jpg,,,,"[[164.79599529504776, 159.59402918815613], [570.5764994621277, 155.79835698008537], [556.4404201507568, 265.113428235054]]",unet_small/triangles/V01_f0000071.svg
V02_f0000016,baseline,baseline,train,V02,0.5333333333333333,24.78,0.8934306569343066,0.6120811287477954,0.40341049432754517,0.023410098627209663,1,0.0,0.034968522937140235,0.6532137518684604,0.7902350813743219,89.82702880176197,214.08367724400586,9615.250320892213,models_disagree,../../dataset/images/V02_f0000016.png,baseline/overlays/V02_f0000016.jpg,quality/baseline/entropy/V02_f0000016.jpg,quality/disagreement/V02_f0000016.jpg,,,,"[[196.35634660720825, 145.32244205474854], [407.5627827644348, 134.89380133152008], [425.29337882995605, 220.755779504776]]",baseline/triangles/V02_f0000016.svg
V02_f0000007,dino_linear,dino_linear,train,V02,0.23333333333333334,24.775,0.9000844356881509,0.7236761465138416,0.38101160526275635,0.010933845303952694,1,0.0,0.044808975056027794,0.24590526781761843,0.3947415171433647,86.4214466883887,280.32984206407764,12113.255250552555,models_disagree,../../dataset/images/V02_f0000007.png,dino_linear/overlays/V02_f0000007.jpg,quality/dino_linear/entropy/V02_f0000007.jpg,quality/disagreement/V02_f0000007.jpg,,,,"[[189.2875099182129, 132.046426653862], [467.2858786582947, 136.1212955713272], [465.99783182144165, 221.82350599765778]]",dino_linear/triangles/V02_f0000007.svg
V02_f0000028,dino_linear,dino_linear,train,V02,0.9333333333333333,24.765,0.9127845139332057,0.4331541890597009,0.34215766191482544,0.05005728453397751,1,0.0,0.05962196795119417,0.6659787267820289,0.7995044787497617,99.08259157111759,327.0162731622762,16200.809915423419,models_disagree;temporal_change,../../dataset/images/V02_f0000028.png,dino_linear/overlays/V02_f0000028.jpg,quality/dino_linear/entropy/V02_f0000028.jpg,quality/disagreement/V02_f0000028.jpg,,,,"[[168.32768440246582, 146.6089547276497], [491.9014620780945, 154.87283945083618], [484.9809765815735, 252.59962928295135]]",dino_linear/triangles/V02_f0000028.svg
V02_f0000050,dino_pyramid,dino_pyramid,train,V02,1.6666666666666667,24.747,0.9397332790389902,0.4212596852783768,0.25263428688049316,0.05751901865005493,1,0.0,0.12526960913251617,0.8640229430379747,0.9270518329884875,143.05416599394326,469.73992089809036,33599.1263090686,models_disagree;temporal_change,../../dataset/images/V02_f0000050.png,dino_pyramid/overlays/V02_f0000050.jpg,quality/dino_pyramid/entropy/V02_f0000050.jpg,quality/disagreement/V02_f0000050.jpg,,,,"[[163.3243864774704, 133.42717933654785], [633.7539911270142, 118.87964272499084], [630.4974746704102, 261.9689030647278]]",dino_pyramid/triangles/V02_f0000050.svg
V01_f0000070,full,TopoFiberDINO Coordinate (ours),train,V01,2.3333333333333335,24.726,0.9270833333333334,0.71940002659028,0.297407329082489,0.017298778519034386,1,0.0,0.0768012668250198,0.2509377344336084,0.4011994002998501,118.16661264332338,346.83753894991526,20492.30855762911,models_disagree,../../dataset/images/V01_f0000070.png,full/overlays/V01_f0000070.jpg,quality/full/entropy/V01_f0000070.jpg,quality/disagreement/V01_f0000070.jpg,,,,"[[186.53193047642708, 155.440304428339], [541.1234538555145, 140.93716442584991], [526.8654997348785, 259.4354599714279]]",full/triangles/V01_f0000070.svg
V01_f0000032,dino_pyramid,dino_pyramid,train,V01,1.0666666666666667,24.662,0.896294570030296,0.5312638888888889,0.38885560631752014,0.03356903791427612,1,0.0,0.0538621129907437,0.8891613536047082,0.9413291796469366,80.0960495565112,368.39358583957494,14753.43545385373,models_disagree,../../dataset/images/V01_f0000032.png,dino_pyramid/overlays/V01_f0000032.jpg,quality/dino_pyramid/entropy/V01_f0000032.jpg,quality/disagreement/V01_f0000032.jpg,,,,"[[232.12623316049576, 158.81603211164474], [595.1169413328171, 150.63370764255524], [595.5216256380081, 229.56211119890213]]",dino_pyramid/triangles/V01_f0000032.svg
V01_f0000044,dino_linear,dino_linear,train,V01,1.4666666666666668,24.63,0.9160988904029589,0.6534860803153486,0.33037251234054565,0.022588424384593964,1,0.0,0.06456755154469403,0.3017036087195457,0.46355192794821276,103.73523669647717,337.52233484228276,17506.479647605913,models_disagree,../../dataset/images/V01_f0000044.png,dino_linear/overlays/V01_f0000044.jpg,quality/dino_linear/entropy/V01_f0000044.jpg,quality/disagreement/V01_f0000044.jpg,,,,"[[162.14769065380096, 159.7614660859108], [498.08531296253204, 157.8502580523491], [498.37221825122833, 261.09927892684937]]",dino_linear/triangles/V01_f0000044.svg
V02_f0000028,baseline,baseline,train,V02,0.9333333333333333,24.606,0.9254781667268134,0.4331541890597009,0.30214864015579224,0.05212049186229706,1,0.0,0.07085103832269923,0.8258978901594459,0.9046484960747994,121.32472521641171,317.3467027245942,19251.00075319784,models_disagree;temporal_change,../../dataset/images/V02_f0000028.png,baseline/overlays/V02_f0000028.jpg,quality/baseline/entropy/V02_f0000028.jpg,quality/disagreement/V02_f0000028.jpg,,,,"[[173.28941345214844, 140.8880455493927], [487.6814389228821, 144.07178628444672], [478.9390826225281, 263.7170524597168]]",baseline/triangles/V02_f0000028.svg
V01_f0000022,dino_pyramid,dino_pyramid,train,V01,0.7333333333333334,24.597,0.9276663993584603,0.4128164579504495,0.2944735884666443,0.055110231041908264,1,0.0,0.0808260062918448,0.9677313137965097,0.9836010709504686,125.35243643635187,355.57972983271617,22286.39274095536,models_disagree;temporal_change,../../dataset/images/V01_f0000022.png,dino_pyramid/overlays/V01_f0000022.jpg,quality/dino_pyramid/entropy/V01_f0000022.jpg,quality/disagreement/V01_f0000022.jpg,,,,"[[205.33350485563278, 135.88667660951614], [552.3200526237488, 125.84283202886581], [553.9707570075989, 248.19141626358032]]",dino_pyramid/triangles/V01_f0000022.svg
V01_f0000068,unet_small,unet_small,train,V01,2.2666666666666666,24.564,0.9244897959183673,0.47942365382165236,0.3053627014160156,0.04590008035302162,1,0.0,0.08471498190464992,0.5627472132326501,0.7202024850437183,109.6237657850703,416.5398349683147,22831.332654359187,models_disagree,../../dataset/images/V01_f0000068.png,unet_small/overlays/V01_f0000068.jpg,quality/unet_small/entropy/V01_f0000068.jpg,quality/disagreement/V01_f0000068.jpg,,,,"[[161.6967288851738, 168.48058998584747], [589.3986152410507, 168.09910163283348], [566.941583275795, 275.9641036391258]]",unet_small/triangles/V01_f0000068.svg
V01_f0000035,full,TopoFiberDINO Coordinate (ours),train,V01,1.1666666666666667,24.498,0.914327607875995,0.6762956431680452,0.3391781449317932,0.01867714710533619,1,0.0,0.05994923123462798,0.3950147135191276,0.5663233651817844,108.74472318953109,297.83139419985923,16193.796259707904,models_disagree,../../dataset/images/V01_f0000035.png,full/overlays/V01_f0000035.jpg,quality/full/entropy/V01_f0000035.jpg,quality/disagreement/V01_f0000035.jpg,,,,"[[184.8045173883438, 153.6346971988678], [488.6403149366379, 145.10683715343475], [514.4223314523697, 250.49854069948196]]",full/triangles/V01_f0000035.svg
V02_f0000008,unet_small,unet_small,train,V02,0.26666666666666666,24.475,0.917036379769299,0.6711096176821982,0.32997748255729675,0.019821835681796074,1,0.0,0.057493798511642796,0.15003304692663583,0.26091954022988506,111.16503165511614,281.3909492627323,15640.416891127408,models_disagree,../../dataset/images/V02_f0000008.png,unet_small/overlays/V02_f0000008.jpg,quality/unet_small/entropy/V02_f0000008.jpg,quality/disagreement/V02_f0000008.jpg,,,,"[[187.2049230337143, 124.78816252946854], [465.1997494697571, 120.77858728170395], [471.86018228530884, 230.29322516918182]]",unet_small/triangles/V02_f0000008.svg
V01_f0000048,dino_pyramid,dino_pyramid,train,V01,1.6,24.456,0.9274987690792713,0.44040043052551275,0.29473668336868286,0.05091927945613861,1,0.0,0.1028902189321153,0.879512254014246,0.9358941418293937,113.94731343887638,485.5840630936392,27665.499719127016,models_disagree;temporal_change,../../dataset/images/V01_f0000048.png,dino_pyramid/overlays/V01_f0000048.jpg,quality/dino_pyramid/entropy/V01_f0000048.jpg,quality/disagreement/V01_f0000048.jpg,,,,"[[149.78104376792908, 164.0438586473465], [636.7339919805527, 155.73766082525253], [629.8433700799942, 269.4706320762634]]",dino_pyramid/triangles/V01_f0000048.svg
V02_f0000022,baseline,baseline,train,V02,0.7333333333333334,24.416,0.9195586760280843,0.5079322914360768,0.3237091302871704,0.04049142450094223,1,0.0,0.06433697766449796,0.844231570179092,0.9155374887082204,116.99049843411083,300.6329198243279,17585.597567975103,models_disagree,../../dataset/images/V02_f0000022.png,baseline/overlays/V02_f0000022.jpg,quality/baseline/entropy/V02_f0000022.jpg,quality/disagreement/V02_f0000022.jpg,,,,"[[175.14104962348938, 131.0384430885315], [472.8291964530945, 128.67913246154785], [489.4091820716858, 242.23697328567505]]",baseline/triangles/V02_f0000022.svg
V01_f0000058,dino_pyramid,dino_pyramid,train,V01,1.9333333333333333,24.404,0.9069511658600968,0.42556523720029615,0.3629314601421356,0.04788695275783539,1,0.0,0.05678010471204188,0.8439565124706886,0.9153757225433526,88.71771351677232,344.303579728261,15272.91317456552,models_disagree,../../dataset/images/V01_f0000058.png,dino_pyramid/overlays/V01_f0000058.jpg,quality/dino_pyramid/entropy/V01_f0000058.jpg,quality/disagreement/V01_f0000058.jpg,,,,"[[245.04701083898544, 159.37267988920212], [590.1081863641739, 164.44093734025955], [585.0176154375076, 253.13664972782135]]",dino_pyramid/triangles/V01_f0000058.svg
V01_f0000016,baseline,baseline,train,V01,0.5333333333333333,24.344,0.8958333333333334,0.6151190228329516,0.39844810962677,0.021393781527876854,1,0.0,0.035227272727272725,0.7984218077474893,0.8879138412445153,90.48397596169582,213.3733138699368,9653.43290153737,models_disagree,../../dataset/images/V01_f0000016.png,baseline/overlays/V01_f0000016.jpg,quality/baseline/entropy/V01_f0000016.jpg,quality/disagreement/V01_f0000016.jpg,,,,"[[194.45987433195114, 148.13071489334106], [404.83804726600647, 132.11461901664734], [421.77564883232117, 219.35876458883286]]",baseline/triangles/V01_f0000016.svg
V02_f0000035,dino_linear,dino_linear,train,V02,1.1666666666666667,24.337,0.9123777116120799,0.6140193483754243,0.3416767418384552,0.0252158734947443,1,0.0,0.05958017676767677,0.44024802705749716,0.6113502935420744,98.3596099246024,323.86292503270965,15927.515487629034,models_disagree,../../dataset/images/V02_f0000035.png,dino_linear/overlays/V02_f0000035.jpg,quality/dino_linear/entropy/V02_f0000035.jpg,quality/disagreement/V02_f0000035.jpg,,,,"[[170.14526188373566, 156.68226993083954], [496.24289989471436, 157.51436853408813], [484.86286640167236, 255.257141828537]]",dino_linear/triangles/V02_f0000035.svg
V02_f0000057,unet_small,unet_small,train,V02,1.9000000000000001,24.29,0.9153635652853792,0.6012881404720783,0.3362058997154236,0.027243344113230705,1,0.0,0.064501312335958,0.3732067084259446,0.5435550323719835,98.67422120925055,348.9764775323791,17217.491070427513,models_disagree,../../dataset/images/V02_f0000057.png,unet_small/overlays/V02_f0000057.jpg,quality/unet_small/entropy/V02_f0000057.jpg,quality/disagreement/V02_f0000057.jpg,,,,"[[182.030668258667, 158.37848979234695], [538.3558630943298, 157.15002584457397], [520.3615593910217, 254.51225006580353]]",unet_small/triangles/V02_f0000057.svg
V02_f0000033,unet_small,unet_small,train,V02,1.1,24.263,0.9092295957284515,0.4013727488956847,0.3559068441390991,0.05071794614195824,1,0.0,0.0656430501828202,0.8052562846882142,0.8921240618500769,90.33453167528043,393.92835798534753,17792.66686610929,models_disagree;temporal_change,../../dataset/images/V02_f0000033.png,unet_small/overlays/V02_f0000033.jpg,quality/unet_small/entropy/V02_f0000033.jpg,quality/disagreement/V02_f0000033.jpg,,,,"[[196.10272765159607, 160.60249829292297], [599.7225880622864, 159.41497385501862], [578.0138468742371, 246.49194037914276]]",unet_small/triangles/V02_f0000033.svg
V01_f0000068,baseline,baseline,train,V01,2.2666666666666666,24.257,0.9237008110543706,0.47942365382165236,0.3071175515651703,0.04418766498565674,1,0.0,0.08364363265786069,0.568902882053766,0.7252238345168261,109.6392368541712,408.4061288699721,22388.66814793502,models_disagree,../../dataset/images/V01_f0000068.png,baseline/overlays/V01_f0000068.jpg,quality/baseline/entropy/V01_f0000068.jpg,quality/disagreement/V01_f0000068.jpg,,,,"[[174.18306532502174, 171.75111919641495], [591.2839286327362, 167.487233877182], [572.7925231456757, 276.11812949180603]]",baseline/triangles/V01_f0000068.svg
V02_f0000021,unet_small,unet_small,train,V02,0.7000000000000001,24.166,0.9204774714189644,0.48158156928578255,0.3161582946777344,0.04273812472820282,1,0.0,0.07666925986533252,0.7491691446562883,0.8566,109.02927036869252,384.6040795741067,20966.551088393706,models_disagree,../../dataset/images/V02_f0000021.png,unet_small/overlays/V02_f0000021.jpg,quality/unet_small/entropy/V02_f0000021.jpg,quality/disagreement/V02_f0000021.jpg,,,,"[[196.67237520217896, 150.88531112670898], [579.9959349632263, 149.1425564289093], [561.6239190101624, 254.5196064710617]]",unet_small/triangles/V02_f0000021.svg
V01_f0000090,dino_pyramid,dino_pyramid,val,V01,3.0,24.141,0.9260835303388495,0.4602123546553565,0.2970792055130005,0.04654901847243309,1,0.0,0.07941822882999354,0.7270400481782595,0.8419492633597768,119.50613551002273,351.8796820941206,21025.89048578185,models_disagree,../../dataset/images/V01_f0000090.png,dino_pyramid/overlays/V01_f0000090.jpg,quality/dino_pyramid/entropy/V01_f0000090.jpg,quality/disagreement/V01_f0000090.jpg,,,,"[[142.75923162698746, 162.6938134431839], [499.73332011699677, 163.76041620969772], [502.1391488313675, 284.94177013635635]]",dino_pyramid/triangles/V01_f0000090.svg
V01_f0000100,baseline,baseline,test,V01,3.3333333333333335,24.131,0.921321029626032,0.5450374410249752,0.3199331760406494,0.03482166677713394,1,0.0,0.07818024061435656,0.47079207920792077,0.6401884887243352,105.03250374376911,391.3060637746889,20549.927804187282,models_disagree,../../dataset/images/V01_f0000100.png,baseline/overlays/V01_f0000100.jpg,quality/baseline/entropy/V01_f0000100.jpg,quality/disagreement/V01_f0000100.jpg,,,,"[[160.5110218524933, 159.8067283630371], [557.4274063110352, 159.92702543735504], [551.541152715683, 266.14100486040115]]",baseline/triangles/V01_f0000100.svg
V01_f0000030,dino_linear,dino_linear,train,V01,1.0,24.06,0.9260742337902357,0.4486028575041092,0.300773561000824,0.04758945479989052,1,0.0,0.08251590668080594,0.5137709137709138,0.6787961231083149,117.66762759413552,382.588297341653,22509.128646736008,models_disagree,../../dataset/images/V01_f0000030.png,dino_linear/overlays/V01_f0000030.jpg,quality/dino_linear/entropy/V01_f0000030.jpg,quality/disagreement/V01_f0000030.jpg,,,,"[[194.95991069078445, 133.97866487503052], [590.7538731098175, 136.41935214400291], [556.0643064975739, 247.55486100912094]]",dino_linear/triangles/V01_f0000030.svg
V02_f0000037,dino_pyramid,dino_pyramid,train,V02,1.2333333333333334,24.049,0.9190734915641979,0.46257707846055707,0.31926560401916504,0.044214244931936264,1,0.0,0.08865435356200528,0.9206416209371042,0.9586813186813187,101.9051876985753,466.3968047284936,23764.126963936455,models_disagree,../../dataset/images/V02_f0000037.png,dino_pyramid/overlays/V02_f0000037.jpg,quality/dino_pyramid/entropy/V02_f0000037.jpg,quality/disagreement/V02_f0000037.jpg,,,,"[[178.30636739730835, 175.41676032543182], [645.8559036254883, 166.29207587242126], [639.1729402542114, 267.8783257007599]]",dino_pyramid/triangles/V02_f0000037.svg
V02_f0000018,baseline,baseline,train,V02,0.6,24.029,0.923121387283237,0.5024601846687736,0.3104437291622162,0.04003932699561119,1,0.0,0.0886780366722716,0.8785602947428086,0.9353549068416686,108.86688026718255,444.0929399542947,24173.506460752647,models_disagree,../../dataset/images/V02_f0000018.png,baseline/overlays/V02_f0000018.jpg,quality/baseline/entropy/V02_f0000018.jpg,quality/disagreement/V02_f0000018.jpg,,,,"[[167.94579148292542, 166.48332011699677], [611.3221192359924, 154.06332278251648], [596.9074702262878, 260.38752114772797]]",baseline/triangles/V02_f0000018.svg
V01_f0000041,dino_pyramid,dino_pyramid,train,V01,1.3666666666666667,23.99,0.9195768729169685,0.4610466300142538,0.3210483193397522,0.04422640800476074,1,0.0,0.08610184625889644,0.9167925098157657,0.95659024659261,101.79225338573114,458.244650731852,23322.877799976275,models_disagree,../../dataset/images/V01_f0000041.png,dino_pyramid/overlays/V01_f0000041.jpg,quality/dino_pyramid/entropy/V01_f0000041.jpg,quality/disagreement/V01_f0000041.jpg,,,,"[[148.12363377213478, 183.95881354808807], [606.0621982812881, 182.97066539525986], [608.1281760931015, 284.65741127729416]]",dino_pyramid/triangles/V01_f0000041.svg
V01_f0000032,baseline,baseline,train,V01,1.0666666666666667,23.965,0.9070235459851077,0.5312638888888889,0.36089417338371277,0.0324958860874176,1,0.0,0.06307851899138206,0.7692793931731985,0.8695962843872812,89.2576959425667,386.4335804761321,17246.08551406799,models_disagree,../../dataset/images/V01_f0000032.png,baseline/overlays/V01_f0000032.jpg,quality/baseline/entropy/V01_f0000032.jpg,quality/disagreement/V01_f0000032.jpg,,,,"[[212.04476100206375, 150.3346748650074], [595.2526519298553, 142.20982789993286], [587.0999264717102, 229.78882491588593]]",baseline/triangles/V01_f0000032.svg
V01_f0000021,dino_linear,dino_linear,train,V01,0.7000000000000001,23.949,0.9221419185282523,0.5413064361191162,0.3123157024383545,0.03456134721636772,1,0.0,0.0788425982158522,0.44397700182302624,0.6149363892395844,113.19390635030575,384.56056097389006,21764.95606244978,models_disagree,../../dataset/images/V01_f0000021.png,dino_linear/overlays/V01_f0000021.jpg,quality/dino_linear/entropy/V01_f0000021.jpg,quality/disagreement/V01_f0000021.jpg,,,,"[[193.9873097538948, 139.92395997047424], [583.236894607544, 137.26656138896942], [553.9689588546753, 243.56688559055328]]",dino_linear/triangles/V01_f0000021.svg
V02_f0000044,unet_small,unet_small,train,V02,1.4666666666666668,23.92,0.914559292904493,0.632554290977784,0.34046921133995056,0.02130758948624134,1,0.0,0.05185526315789474,0.5714625445897741,0.7273002421307506,109.22010215936055,253.76194821903212,13857.952954320524,models_disagree,../../dataset/images/V02_f0000044.png,unet_small/overlays/V02_f0000044.jpg,quality/unet_small/entropy/V02_f0000044.jpg,quality/disagreement/V02_f0000044.jpg,,,,"[[156.8931770324707, 165.4958787560463], [411.06863737106323, 164.90925002098083], [419.9733638763428, 273.59846580028534]]",unet_small/triangles/V02_f0000044.svg
V02_f0000044,dino_linear,dino_linear,train,V02,1.4666666666666668,23.906,0.9148671096345515,0.632554290977784,0.3365514576435089,0.02130795456469059,1,0.0,0.060657894736842105,0.33400549954170483,0.5007558059639962,102.19169548710003,319.60467174476224,16330.471645597654,models_disagree,../../dataset/images/V02_f0000044.png,dino_linear/overlays/V02_f0000044.jpg,quality/dino_linear/entropy/V02_f0000044.jpg,quality/disagreement/V02_f0000044.jpg,,,,"[[158.83417189121246, 163.3743137717247], [477.9585027694702, 159.91413938999176], [480.3741788864136, 261.92124247550964]]",dino_linear/triangles/V02_f0000044.svg
V02_f0000044,baseline,baseline,train,V02,1.4666666666666668,23.893,0.9106371490280778,0.632554290977784,0.3480305075645447,0.02028692699968815,1,0.0,0.04660526315789474,0.5549711995992987,0.7138025446931873,102.92171864844647,243.52686334590385,12532.101656312894,models_disagree,../../dataset/images/V02_f0000044.png,baseline/overlays/V02_f0000044.jpg,quality/baseline/entropy/V02_f0000044.jpg,quality/disagreement/V02_f0000044.jpg,,,,"[[167.9983502626419, 162.09667336940765], [411.23048186302185, 158.40968763828278], [409.7694003582001, 261.1639117002487]]",baseline/triangles/V02_f0000044.svg
V02_f0000007,directional,directional,train,V02,0.23333333333333334,23.836,0.9253812636165577,0.7236761465138416,0.30528169870376587,0.011932493187487125,1,0.0,0.0702833879245183,0.18524332810047095,0.3125827814569536,119.5889619422627,318.2547590617986,19029.87813469271,models_disagree,../../dataset/images/V02_f0000007.png,directional/overlays/V02_f0000007.jpg,quality/directional/entropy/V02_f0000007.jpg,quality/disagreement/V02_f0000007.jpg,,,,"[[200.4758334159851, 134.07877850532532], [533.137035369873, 130.32776975631714], [496.9351387023926, 243.27493977546692]]",directional/triangles/V02_f0000007.svg
V01_f0000070,dino_linear,dino_linear,train,V01,2.3333333333333335,23.791,0.9179769816826066,0.71940002659028,0.3164356052875519,0.010573492385447025,1,0.0,0.07694404423503758,0.22549859292793345,0.3680111821086262,105.7873615187184,387.9161527253965,20518.31314365595,models_disagree,../../dataset/images/V01_f0000070.png,dino_linear/overlays/V01_f0000070.jpg,quality/dino_linear/entropy/V01_f0000070.jpg,quality/disagreement/V01_f0000070.jpg,,,,"[[169.40303790569305, 148.06196093559265], [568.0203751325607, 147.82515540719032], [548.4214073419571, 252.86174565553665]]",dino_linear/triangles/V01_f0000070.svg
V01_f0000058,baseline,baseline,train,V01,1.9333333333333333,23.658,0.9010825727021864,0.42556523720029615,0.37499141693115234,0.0428401343524456,1,0.0,0.058900523560209424,0.8150360453141091,0.898093508851566,83.21529837965157,379.83015208364975,15803.839719614674,models_disagree,../../dataset/images/V01_f0000058.png,baseline/overlays/V01_f0000058.jpg,quality/baseline/entropy/V01_f0000058.jpg,quality/disagreement/V01_f0000058.jpg,,,,"[[199.01941573619843, 158.92301872372627], [579.3873988389969, 159.98297184705734], [578.5953124761581, 243.31077933311462]]",baseline/triangles/V01_f0000058.svg
V02_f0000082,unet_small,unet_small,val,V02,2.7333333333333334,23.642,0.9098294069861901,0.5475136082664454,0.3491869568824768,0.029484830796718597,1,0.0,0.061013726460552704,0.36887145658762704,0.5389424329252409,92.58050078571378,350.3673028804062,16218.590179803932,models_disagree,../../dataset/images/V02_f0000082.png,unet_small/overlays/V02_f0000082.jpg,quality/unet_small/entropy/V02_f0000082.jpg,quality/disagreement/V02_f0000082.jpg,,,,"[[164.1473650932312, 173.49909037351608], [527.6067852973938, 175.77744710445404], [505.95442056655884, 266.8105323314667]]",unet_small/triangles/V02_f0000082.svg
V01_f0000043,unet_small,unet_small,train,V01,1.4333333333333333,23.632,0.9203168685927307,0.6097499921774774,0.3205551505088806,0.024014176800847054,1,0.0,0.05388075162927315,0.7080465226679326,0.8290717065036132,118.15518609733554,245.1392568438083,14482.237256071354,models_disagree,../../dataset/images/V01_f0000043.png,unet_small/overlays/V01_f0000043.jpg,quality/unet_small/entropy/V01_f0000043.jpg,quality/disagreement/V01_f0000043.jpg,,,,"[[165.11459302902222, 167.32114925980568], [410.8133344054222, 166.13678634166718], [407.687794983387, 284.4640016555786]]",unet_small/triangles/V01_f0000043.svg
V01_f0000034,full,TopoFiberDINO Coordinate (ours),train,V01,1.1333333333333333,23.628,0.8905200298581737,0.5494776311213923,0.4121282696723938,0.024823645129799843,1,0.0,0.05037659788893015,0.4935897435897436,0.6609442060085837,74.87790562345816,364.2281837844386,13636.321785407385,models_disagree,../../dataset/images/V01_f0000034.png,full/overlays/V01_f0000034.jpg,quality/full/entropy/V01_f0000034.jpg,quality/disagreement/V01_f0000034.jpg,,,,"[[183.32710999250412, 155.7808667421341], [562.1024540662766, 169.7448268532753], [537.0393990278244, 239.65758830308914]]",full/triangles/V01_f0000034.svg
V01_f0000035,dino_linear,dino_linear,train,V01,1.1666666666666667,23.626,0.920378331900258,0.6762956431680452,0.3205198347568512,0.015679847449064255,1,0.0,0.07444331917244282,0.28810461192350956,0.4473310773932977,108.16013705979594,368.2571565547414,19915.372263105783,models_disagree,../../dataset/images/V01_f0000035.png,dino_linear/overlays/V01_f0000035.jpg,quality/dino_linear/entropy/V01_f0000035.jpg,quality/disagreement/V01_f0000035.jpg,,,,"[[183.12057214975357, 148.22005480527878], [564.9540249109268, 148.95062148571014], [535.3906925916672, 252.73840874433517]]",dino_linear/triangles/V01_f0000035.svg
V01_f0000038,dino_linear,dino_linear,train,V01,1.2666666666666668,23.582,0.9211091234347049,0.5873578745919171,0.31867271661758423,0.026737339794635773,1,0.0,0.07050338920708318,0.4242622950819672,0.5957642725598526,107.65840271319387,352.80824397388125,18991.38600513743,models_disagree,../../dataset/images/V01_f0000038.png,dino_linear/overlays/V01_f0000038.jpg,quality/dino_linear/entropy/V01_f0000038.jpg,quality/disagreement/V01_f0000038.jpg,,,,"[[159.3546097278595, 169.33223605155945], [517.3928800821304, 167.95626282691956], [499.01955330371857, 273.95300567150116]]",dino_linear/triangles/V01_f0000038.svg
V02_f0000027,baseline,baseline,train,V02,0.9,23.564,0.9397548566142461,0.36476432559165245,0.25236183404922485,0.05866854637861252,1,0.0,0.11156362665242356,0.9001547987616099,0.9474541751527495,148.97661146014843,408.2680733206147,30411.197065334305,models_disagree;temporal_change,../../dataset/images/V02_f0000027.png,baseline/overlays/V02_f0000027.jpg,quality/baseline/entropy/V02_f0000027.jpg,quality/disagreement/V02_f0000027.jpg,,,,"[[165.65662443637848, 128.63269793987274], [572.0899128913879, 125.99146980047226], [552.7665066719055, 271.606418132782]]",baseline/triangles/V02_f0000027.svg
V01_f0000038,full,TopoFiberDINO Coordinate (ours),train,V01,1.2666666666666668,23.551,0.9109394062627084,0.5873578745919171,0.35038548707962036,0.024298930540680885,1,0.0,0.061649414113814305,0.3781599312123818,0.5487896181682056,92.92656681642511,357.31963753862817,16602.243586277065,models_disagree,../../dataset/images/V01_f0000038.png,full/overlays/V01_f0000038.jpg,quality/full/entropy/V01_f0000038.jpg,quality/disagreement/V01_f0000038.jpg,,,,"[[169.05439603328705, 178.25739830732346], [527.6540896892548, 172.9033961892128], [520.3038399219513, 265.46864211559296]]",full/triangles/V01_f0000038.svg
V02_f0000033,dino_linear,dino_linear,train,V02,1.1,23.546,0.9218999043672298,0.4013727488956847,0.3119248151779175,0.049986377358436584,1,0.0,0.07849345556674261,0.6213775441434155,0.766481004239754,109.31472983096181,389.5907990708665,21294.00647253015,models_disagree,../../dataset/images/V02_f0000033.png,dino_linear/overlays/V02_f0000033.jpg,quality/dino_linear/entropy/V02_f0000033.jpg,quality/disagreement/V02_f0000033.jpg,,,,"[[173.8394844532013, 152.67392075061798], [572.3656868934631, 153.17582821846008], [546.3436961174011, 258.61005759239197]]",dino_linear/triangles/V02_f0000033.svg
V01_f0000048,baseline,baseline,train,V01,1.6,23.469,0.9260047910566942,0.44040043052551275,0.2995792329311371,0.04564819112420082,1,0.0,0.09493621042683888,0.7890709075690542,0.882101323352493,112.4731234441004,454.43552792068107,25555.891614603846,models_disagree,../../dataset/images/V01_f0000048.png,baseline/overlays/V01_f0000048.jpg,quality/baseline/entropy/V01_f0000048.jpg,quality/disagreement/V01_f0000048.jpg,,,,"[[160.07032454013824, 164.82489556074142], [618.8897716999054, 151.4163315296173], [606.2615435123444, 263.1725147366524]]",baseline/triangles/V01_f0000048.svg
V01_f0000007,full,TopoFiberDINO Coordinate (ours),train,V01,0.23333333333333334,23.46,0.9143640995492848,0.6746735007094664,0.3385328948497772,0.013700075447559357,1,0.0,0.06576933227764582,0.2306632213608958,0.3748600223964166,99.99996257364502,352.6290877868732,17631.44779053295,models_disagree,../../dataset/images/V01_f0000007.png,full/overlays/V01_f0000007.jpg,quality/full/entropy/V01_f0000007.jpg,quality/disagreement/V01_f0000007.jpg,,,,"[[185.29909685254097, 129.73187863826752], [542.0322703123093, 129.23090904951096], [524.0694218873978, 227.07076370716095]]",full/triangles/V01_f0000007.svg
V01_f0000057,directional,directional,train,V01,1.9000000000000001,23.444,0.9247225349847193,0.6041764552336205,0.3069533109664917,0.024762405082583427,1,0.0,0.07839005235602094,0.38704291200534313,0.5580835439990369,112.20959890506873,375.1679792449308,21048.724236549417,models_disagree,../../dataset/images/V01_f0000057.png,directional/overlays/V01_f0000057.jpg,quality/directional/entropy/V01_f0000057.jpg,quality/disagreement/V01_f0000057.jpg,,,,"[[160.66244131326675, 152.73626893758774], [544.9692034721375, 148.6433520913124], [522.7789974212646, 258.87275487184525]]",directional/triangles/V01_f0000057.svg
V01_f0000028,baseline,baseline,train,V01,0.9333333333333333,23.42,0.9296465968586387,0.43982609935143613,0.28666967153549194,0.04629410058259964,1,0.0,0.0786955074875208,0.9013860124263183,0.9481357352325094,131.2322455666814,326.2234229408216,21405.516174486635,models_disagree,../../dataset/images/V01_f0000028.png,baseline/overlays/V01_f0000028.jpg,quality/baseline/entropy/V01_f0000028.jpg,quality/disagreement/V01_f0000028.jpg,,,,"[[170.10761415958405, 138.02849873900414], [494.0418164730072, 139.164537191391], [479.25230836868286, 267.82840490341187]]",baseline/triangles/V01_f0000028.svg
V02_f0000016,unet_small,unet_small,train,V02,0.5333333333333333,23.414,0.9139072847682119,0.6120811287477954,0.33911240100860596,0.02119147591292858,1,0.0,0.058465105620037476,0.3765625,0.547105561861521,106.67319097251585,301.2673490699906,16068.57473056335,models_disagree,../../dataset/images/V02_f0000016.png,unet_small/overlays/V02_f0000016.jpg,quality/unet_small/entropy/V02_f0000016.jpg,quality/disagreement/V02_f0000016.jpg,,,,"[[184.44514274597168, 139.3518163561821], [479.38633918762207, 141.12396323680878], [486.8971252441406, 244.96856260299683]]",unet_small/triangles/V02_f0000016.svg
V02_f0000008,dino_pyramid,dino_pyramid,train,V02,0.26666666666666666,23.365,0.9165562913907285,0.6711096176821982,0.33190402388572693,0.014159752056002617,1,0.0,0.04858499373182897,0.7280550774526678,0.8426294820717132,116.49182400939802,225.64165571181496,13142.704023184964,models_disagree,../../dataset/images/V02_f0000008.png,dino_pyramid/overlays/V02_f0000008.jpg,quality/dino_pyramid/entropy/V02_f0000008.jpg,quality/disagreement/V02_f0000008.jpg,,,,"[[122.18658328056335, 113.36747711896896], [346.2010395526886, 114.67323905229568], [333.09171080589294, 228.89782655239105]]",dino_pyramid/triangles/V02_f0000008.svg
V02_f0000029,baseline,baseline,train,V02,0.9666666666666667,23.311,0.9190301921317475,0.6166563552622535,0.32561999559402466,0.02125709317624569,1,0.0,0.056274740558467956,0.55701394585726,0.7154899894625922,123.4518427417413,247.8231147782123,15297.110096684184,models_disagree,../../dataset/images/V02_f0000029.png,baseline/overlays/V02_f0000029.jpg,quality/baseline/entropy/V02_f0000029.jpg,quality/disagreement/V02_f0000029.jpg,,,,"[[179.70826864242554, 124.19047689437866], [425.9407567977905, 121.40400433540344], [443.7651300430298, 241.62661457061768]]",baseline/triangles/V02_f0000029.svg
V02_f0000057,dino_linear,dino_linear,train,V02,1.9000000000000001,23.283,0.9109514478554321,0.6012881404720783,0.3552692234516144,0.021218275651335716,1,0.0,0.058608923884514434,0.4211822660098522,0.5927209705372617,93.4380986736371,329.85222264913875,15410.382263804371,models_disagree,../../dataset/images/V02_f0000057.png,dino_linear/overlays/V02_f0000057.jpg,quality/dino_linear/entropy/V02_f0000057.jpg,quality/disagreement/V02_f0000057.jpg,,,,"[[175.4624354839325, 152.11039781570435], [506.6648840904236, 152.24058389663696], [503.1794571876526, 245.93287587165833]]",dino_linear/triangles/V02_f0000057.svg
V02_f0000070,dino_linear,dino_linear,train,V02,2.3333333333333335,23.283,0.921248382923674,0.7035702669568916,0.31443896889686584,0.01074886042624712,1,0.0,0.07733072916666667,0.23267677483349866,0.37751465685711,106.4671057612805,386.4499759469512,20572.10523029418,models_disagree,../../dataset/images/V02_f0000070.png,dino_linear/overlays/V02_f0000070.jpg,quality/dino_linear/entropy/V02_f0000070.jpg,quality/disagreement/V02_f0000070.jpg,,,,"[[168.81945133209229, 149.2977654337883], [565.8959627151489, 147.42374348640442], [546.4061307907104, 253.12978088855743]]",dino_linear/triangles/V02_f0000070.svg
V01_f0000006,dino_pyramid,dino_pyramid,train,V01,0.2,23.275,0.9310279308379251,0.49734869263119397,0.28302207589149475,0.0386856347322464,1,0.0,0.06696646401772409,0.9375827501418574,0.9677860210855135,154.36903871230044,234.95391152550198,18134.804731943314,models_disagree,../../dataset/images/V01_f0000006.png,dino_pyramid/overlays/V01_f0000006.jpg,quality/dino_pyramid/entropy/V01_f0000006.jpg,quality/disagreement/V01_f0000006.jpg,,,,"[[250.49628829956055, 122.34226986765862], [484.18034625053406, 112.92790621519089], [489.4681146144867, 266.4935365319252]]",dino_pyramid/triangles/V01_f0000006.svg
V01_f0000032,unet_small,unet_small,train,V01,1.0666666666666667,23.274,0.9045195439739414,0.5312638888888889,0.3703276515007019,0.028480732813477516,1,0.0,0.06357059261623577,0.744364012409514,0.8534503201327959,86.06632021710358,401.25413863539524,17267.233592116,models_disagree,../../dataset/images/V01_f0000032.png,unet_small/overlays/V01_f0000032.jpg,quality/unet_small/entropy/V01_f0000032.jpg,quality/disagreement/V01_f0000032.jpg,,,,"[[191.08971118927002, 151.86507627367973], [590.0862588882446, 152.13771164417267], [578.6821732521057, 236.18026077747345]]",unet_small/triangles/V01_f0000032.svg
V02_f0000076,dino_pyramid,dino_pyramid,val,V02,2.5333333333333337,23.273,0.9316752429959977,0.48429207824908005,0.28141117095947266,0.04045508801937103,1,0.0,0.0863915761080997,0.2737556561085973,0.42984014209591476,127.36983410104249,361.1737843940796,23001.322499959802,models_disagree,../../dataset/images/V02_f0000076.png,dino_pyramid/overlays/V02_f0000076.jpg,quality/dino_pyramid/entropy/V02_f0000076.jpg,quality/disagreement/V02_f0000076.jpg,,,,"[[129.31523859500885, 141.57985973358154], [495.59502124786377, 141.5595738887787], [498.85093688964844, 270.6481237411499]]",dino_pyramid/triangles/V02_f0000076.svg
V01_f0000083,unet_small,unet_small,val,V01,2.7666666666666666,23.25,0.90729736154029,0.5652554164182071,0.35355639457702637,0.02473720908164978,1,0.0,0.05214019891336765,0.45243403939056115,0.62300115133683,96.74607704024919,285.75235368157615,13822.70961185515,models_disagree,../../dataset/images/V01_f0000083.png,unet_small/overlays/V01_f0000083.jpg,quality/unet_small/entropy/V01_f0000083.jpg,quality/disagreement/V01_f0000083.jpg,,,,"[[150.30379429459572, 180.5400587618351], [440.5333307981491, 182.28956311941147], [446.91287767887115, 280.09671717882156]]",unet_small/triangles/V01_f0000083.svg
V02_f0000007,full,TopoFiberDINO Coordinate (ours),train,V02,0.23333333333333334,23.196,0.9242194092827004,0.7236761465138416,0.3085545599460602,0.008470476604998112,1,0.0,0.0755082284607938,0.14830875975715524,0.2583081570996979,115.47065153183627,354.2773111123325,20454.315968544044,models_disagree,../../dataset/images/V02_f0000007.png,full/overlays/V02_f0000007.jpg,quality/full/entropy/V02_f0000007.jpg,quality/disagreement/V02_f0000007.jpg,,,,"[[187.90648698806763, 125.54619550704956], [558.5291218757629, 116.64443242549896], [524.6204352378845, 226.03192710876465]]",full/triangles/V02_f0000007.svg
V01_f0000028,dino_pyramid,dino_pyramid,train,V01,0.9333333333333333,23.184,0.9324114356743319,0.43982609935143613,0.2788170278072357,0.045735836029052734,1,0.0,0.08215640599001664,0.9508878579427291,0.9748257482574826,139.36310019412122,321.83507593395063,22425.966966682885,models_disagree,../../dataset/images/V01_f0000028.png,dino_pyramid/overlays/V01_f0000028.jpg,quality/dino_pyramid/entropy/V01_f0000028.jpg,quality/disagreement/V01_f0000028.jpg,,,,"[[167.27417469024658, 131.99423253536224], [484.88057696819305, 138.19342106580734], [484.70445787906647, 275.72860568761826]]",dino_pyramid/triangles/V01_f0000028.svg
V01_f0000021,directional,directional,train,V01,0.7000000000000001,23.168,0.9268016194331984,0.5413064361191162,0.299674928188324,0.03170482814311981,1,0.0,0.08027315545838563,0.3311580294305822,0.49754878400461405,123.85691479997999,357.5546194647806,22142.8060196943,models_disagree,../../dataset/images/V01_f0000021.png,directional/overlays/V01_f0000021.jpg,quality/directional/entropy/V01_f0000021.jpg,quality/disagreement/V01_f0000021.jpg,,,,"[[186.4764249920845, 134.17278975248337], [558.3737342357635, 128.596018999815], [517.7264873981476, 242.18447506427765]]",directional/triangles/V01_f0000021.svg
V02_f0000018,dino_pyramid,dino_pyramid,train,V02,0.6,23.13,0.9209302325581395,0.5024601846687736,0.3150593042373657,0.03505109250545502,1,0.0,0.0910134251474631,0.872316699191525,0.9318046456223943,105.94139264519511,467.8591663599232,24782.825822995143,models_disagree,../../dataset/images/V02_f0000018.png,dino_pyramid/overlays/V02_f0000018.jpg,quality/dino_pyramid/entropy/V02_f0000018.jpg,quality/disagreement/V02_f0000018.jpg,,,,"[[155.7727575302124, 168.88459569215775], [617.4176359176636, 164.07463240623474], [613.3725500106812, 268.4098148345947]]",dino_pyramid/triangles/V02_f0000018.svg
V02_f0000032,baseline,baseline,train,V02,1.0666666666666667,23.1,0.9056932610379551,0.5536121983039792,0.3618549108505249,0.025077052414417267,1,0.0,0.06554379596140243,0.6879084967320261,0.8151016456921588,88.09089461241028,405.5331947794185,17861.890961573903,models_disagree,../../dataset/images/V02_f0000032.png,baseline/overlays/V02_f0000032.jpg,quality/baseline/entropy/V02_f0000032.jpg,quality/disagreement/V02_f0000032.jpg,,,,"[[204.82460618019104, 145.47447443008423], [610.8178853988647, 141.50806790590286], [596.3542699813843, 227.1094844341278]]",baseline/triangles/V02_f0000032.svg
V02_f0000041,unet_small,unet_small,train,V02,1.3666666666666667,23.074,0.9159625134429252,0.5049311883601456,0.32434016466140747,0.03334281966090202,1,0.0,0.08226258269000618,0.7443670626792298,0.8534523250352278,101.21624742733142,435.55729042233867,22042.73723808274,models_disagree,../../dataset/images/V02_f0000041.png,unet_small/overlays/V02_f0000041.jpg,quality/unet_small/entropy/V02_f0000041.jpg,quality/disagreement/V02_f0000041.jpg,,,,"[[146.2167352437973, 184.2362654209137], [591.1053013801575, 179.40703058242798], [571.6978812217712, 278.782390832901]]",unet_small/triangles/V02_f0000041.svg
V02_f0000083,unet_small,unet_small,val,V02,2.7666666666666666,23.067,0.9108095007270964,0.5691277389455457,0.35188549757003784,0.02412746660411358,1,0.0,0.0521875,0.303243062520896,0.465366854797332,99.50759229422087,274.00898578293726,13632.987221120742,models_disagree,../../dataset/images/V02_f0000083.png,unet_small/overlays/V02_f0000083.jpg,quality/unet_small/entropy/V02_f0000083.jpg,quality/disagreement/V02_f0000083.jpg,,,,"[[149.1903054714203, 180.44316911697388], [427.90276765823364, 179.8954735994339], [437.3564887046814, 280.23922657966614]]",unet_small/triangles/V02_f0000083.svg
V01_f0000069,unet_small,unet_small,train,V01,2.3000000000000003,23.041,0.9266424828698105,0.4466798810703667,0.2961539924144745,0.04286498948931694,1,0.0,0.09285427487144948,0.6692966636609559,0.8018906144496961,113.61280121135154,434.81293252307097,24700.157633434235,models_disagree,../../dataset/images/V01_f0000069.png,unet_small/overlays/V01_f0000069.jpg,quality/unet_small/entropy/V01_f0000069.jpg,quality/disagreement/V01_f0000069.jpg,,,,"[[152.50699365139008, 172.12796956300735], [601.6421386003494, 163.206048309803], [581.0586820840836, 276.3940393924713]]",unet_small/triangles/V01_f0000069.svg
V02_f0000032,unet_small,unet_small,train,V02,1.0666666666666667,23.006,0.9036427732079906,0.5536121983039792,0.36729714274406433,0.024149030447006226,1,0.0,0.06492986506866684,0.7577427322819684,0.8621770619392498,86.08971314291917,410.6864356262197,17677.938717374596,models_disagree,../../dataset/images/V02_f0000032.png,unet_small/overlays/V02_f0000032.jpg,quality/unet_small/entropy/V02_f0000032.jpg,quality/disagreement/V02_f0000032.jpg,,,,"[[188.9185094833374, 152.74064111709595], [598.4071040153503, 153.66539698839188], [585.3288674354553, 237.4938975572586]]",unet_small/triangles/V02_f0000032.svg
V01_f0000070,directional,directional,train,V01,2.3333333333333335,22.986,0.9285085143863769,0.71940002659028,0.2909673750400543,0.008921781554818153,1,0.0,0.0852510935451631,0.3086086209013877,0.4716591591591592,119.87890566285333,379.42774330098644,22742.69132252414,models_disagree,../../dataset/images/V01_f0000070.png,directional/overlays/V01_f0000070.jpg,quality/directional/entropy/V01_f0000070.jpg,quality/disagreement/V01_f0000070.jpg,,,,"[[152.64590096473694, 151.27110108733177], [542.5932440757751, 140.16781747341156], [523.3671932220459, 259.71414148807526]]",directional/triangles/V01_f0000070.svg
V02_f0000006,baseline,baseline,train,V02,0.2,22.9,0.9240701483908268,0.4573135260148414,0.30797079205513,0.04025167226791382,1,0.0,0.06573878627968338,0.7664502544306019,0.8677858349061289,126.2733300336776,281.1994781009244,17753.997251767963,models_disagree,../../dataset/images/V02_f0000006.png,baseline/overlays/V02_f0000006.jpg,quality/baseline/entropy/V02_f0000006.jpg,quality/disagreement/V02_f0000006.jpg,,,,"[[191.6185462474823, 123.03433978557587], [473.49640130996704, 116.12742203474045], [491.1850905418396, 240.63296484947205]]",baseline/triangles/V02_f0000006.svg
V01_f0000057,unet_small,unet_small,train,V01,1.9000000000000001,22.874,0.912883197516492,0.6041764552336205,0.343533992767334,0.019246354699134827,1,0.0,0.06403141361256544,0.41705974842767296,0.5886269070735091,95.32664329868285,362.4857153265342,17277.27324290021,models_disagree,../../dataset/images/V01_f0000057.png,unet_small/overlays/V01_f0000057.jpg,quality/unet_small/entropy/V01_f0000057.jpg,quality/disagreement/V01_f0000057.jpg,,,,"[[185.1417459845543, 159.97964143753052], [556.658695936203, 161.38490661978722], [536.2424676418304, 254.7006458044052]]",unet_small/triangles/V01_f0000057.svg
V01_f0000034,dino_linear,dino_linear,train,V01,1.1333333333333333,22.861,0.9191003083620534,0.5494776311213923,0.32606446743011475,0.027416659519076347,1,0.0,0.07140773351721212,0.48375451263537905,0.6520681265206812,105.6762419030614,363.1985490874391,19190.728866102567,models_disagree,../../dataset/images/V01_f0000034.png,dino_linear/overlays/V01_f0000034.jpg,quality/dino_linear/entropy/V01_f0000034.jpg,quality/disagreement/V01_f0000034.jpg,,,,"[[178.46890038251877, 150.0726342201233], [547.6760230064392, 150.33520013093948], [524.6514739990234, 252.59263068437576]]",dino_linear/triangles/V01_f0000034.svg
V01_f0000044,full,TopoFiberDINO Coordinate (ours),train,V01,1.4666666666666668,22.836,0.9170421958213847,0.6534860803153486,0.3313884139060974,0.013830344192683697,1,0.0,0.06162966866477834,0.27086410635155095,0.4262676158651751,103.55190722269046,322.24054402338896,16684.311459049637,models_disagree,../../dataset/images/V01_f0000044.png,full/overlays/V01_f0000044.jpg,quality/full/entropy/V01_f0000044.jpg,quality/disagreement/V01_f0000044.jpg,,,,"[[185.36454212665558, 166.1466881632805], [507.41388058662415, 155.70073574781418], [500.8536193370819, 258.5586905479431]]",full/triangles/V01_f0000044.svg
V01_f0000022,unet_small,unet_small,train,V01,0.7333333333333334,22.82,0.9203270583761172,0.4128164579504495,0.3216593861579895,0.04457176476716995,1,0.0,0.06817509612540669,0.7555803571428571,0.8607755880483153,111.06359932753634,338.03078085907134,18771.45760285307,models_disagree,../../dataset/images/V01_f0000022.png,unet_small/overlays/V01_f0000022.jpg,quality/unet_small/entropy/V01_f0000022.jpg,quality/disagreement/V01_f0000022.jpg,,,,"[[197.3254308104515, 137.24693655967712], [527.3915593624115, 134.79360938072205], [525.3386681079865, 243.18619072437286]]",unet_small/triangles/V01_f0000022.svg
V02_f0000010,dino_pyramid,dino_pyramid,train,V02,0.33333333333333337,22.816,0.8723984988058683,0.5092577967321295,0.4618612229824066,0.02171367220580578,1,0.0,0.03657064692629546,0.8539208882720333,0.9212053153658993,62.4377210404635,321.23866038021805,10028.704932116125,models_disagree,../../dataset/images/V02_f0000010.png,dino_pyramid/overlays/V02_f0000010.jpg,quality/dino_pyramid/entropy/V02_f0000010.jpg,quality/disagreement/V02_f0000010.jpg,,,,"[[238.17771434783936, 152.17343997955322], [553.2962250709534, 139.0841658115387], [554.3517565727234, 200.35798358917236]]",dino_pyramid/triangles/V02_f0000010.svg
V01_f0000018,unet_small,unet_small,train,V01,0.6,22.727,0.9139554087530967,0.5315342032423882,0.3376372456550598,0.02783069759607315,1,0.0,0.07815495962623889,0.6351636747624076,0.7768808524378431,98.562927710027,439.2781048742719,21648.268047660258,models_disagree,../../dataset/images/V01_f0000018.png,unet_small/overlays/V01_f0000018.jpg,quality/unet_small/entropy/V01_f0000018.jpg,quality/disagreement/V01_f0000018.jpg,,,,"[[174.46576243638992, 160.91012209653854], [610.1213287115097, 157.65690430998802], [591.7453047037125, 251.6726329922676]]",unet_small/triangles/V01_f0000018.svg
V02_f0000077,dino_pyramid,dino_pyramid,val,V02,2.566666666666667,22.682,0.9237633061991234,0.44235588972431084,0.3060200810432434,0.04096369445323944,1,0.0,0.07979220779220779,0.4316508937960042,0.6030113845023871,111.66436766708208,378.23752483252196,21117.827019192908,models_disagree,../../dataset/images/V02_f0000077.png,dino_pyramid/overlays/V02_f0000077.jpg,quality/dino_pyramid/entropy/V02_f0000077.jpg,quality/disagreement/V02_f0000077.jpg,,,,"[[158.19236397743225, 138.03658026456833], [541.4440011978149, 127.2769570350647], [546.1379671096802, 240.35861551761627]]",dino_pyramid/triangles/V02_f0000077.svg
V01_f0000033,baseline,baseline,train,V01,1.1,22.586,0.911873840445269,0.3877796876606873,0.34694382548332214,0.04462847486138344,1,0.0,0.06839095744680851,0.8423064140910601,0.914404257238207,95.17691467763842,392.68590237016,18687.316312498086,models_disagree,../../dataset/images/V01_f0000033.png,baseline/overlays/V01_f0000033.jpg,quality/baseline/entropy/V01_f0000033.jpg,quality/disagreement/V01_f0000033.jpg,,,,"[[201.59332180023193, 156.06598556041718], [600.9394104480743, 154.7781117260456], [578.4305317401886, 245.9341585636139]]",baseline/triangles/V01_f0000033.svg
V02_f0000070,full,TopoFiberDINO Coordinate (ours),train,V02,2.3333333333333335,22.583,0.9246415471823941,0.7035702669568916,0.30424562096595764,0.008011232130229473,1,0.0,0.07518229166666666,0.2511361970385574,0.40145301148347784,114.19849959671673,350.2133852508709,19996.92156716819,models_disagree,../../dataset/images/V02_f0000070.png,full/overlays/V02_f0000070.jpg,quality/full/entropy/V02_f0000070.jpg,quality/disagreement/V02_f0000070.jpg,,,,"[[186.24920189380646, 155.7124839425087], [540.9298038482666, 141.55685424804688], [535.3163909912109, 256.7133979797363]]",full/triangles/V02_f0000070.svg
V01_f0000076,dino_pyramid,dino_pyramid,val,V01,2.5333333333333337,22.56,0.9300387019946412,0.5039026629935721,0.2856210172176361,0.03406921774148941,1,0.0,0.08419317577126244,0.22293588695550626,0.3645912910618793,126.3926288027003,354.0268843510593,22373.194289979976,models_disagree,../../dataset/images/V01_f0000076.png,dino_pyramid/overlays/V01_f0000076.jpg,quality/dino_pyramid/entropy/V01_f0000076.jpg,quality/disagreement/V01_f0000076.jpg,,,,"[[129.40924483537674, 139.51539248228073], [487.6094238758087, 135.78276336193085], [490.64350724220276, 263.6249363422394]]",dino_pyramid/triangles/V01_f0000076.svg
V02_f0000096,baseline,baseline,test,V02,3.2,22.548,0.9312706061374588,0.4813175597309209,0.28040412068367004,0.03711096569895744,1,0.0,0.0981585598596998,0.5903774001324211,0.742436858173744,122.06075556383446,423.0576477780321,25819.368067422576,models_disagree,../../dataset/images/V02_f0000096.png,baseline/overlays/V02_f0000096.jpg,quality/baseline/entropy/V02_f0000096.jpg,quality/disagreement/V02_f0000096.jpg,,,,"[[158.93927693367004, 156.80280351638794], [596.8543982505798, 145.2081948518753], [578.9291882514954, 268.4622013568878]]",baseline/triangles/V02_f0000096.svg
V02_f0000070,directional,directional,train,V02,2.3333333333333335,22.508,0.9293809938971229,0.7035702669568916,0.2907063663005829,0.008704409003257751,1,0.0,0.086328125,0.27132412672623885,0.4268370607028754,119.72033950649666,383.97100712123785,22984.56966660302,models_disagree,../../dataset/images/V02_f0000070.png,directional/overlays/V02_f0000070.jpg,quality/directional/entropy/V02_f0000070.jpg,quality/disagreement/V02_f0000070.jpg,,,,"[[151.6018384695053, 149.66310012340546], [545.0618076324463, 140.76504868268967], [526.8934679031372, 260.25980949401855]]",directional/triangles/V02_f0000070.svg
V02_f0000031,dino_pyramid,dino_pyramid,train,V02,1.0333333333333334,22.505,0.901722882795438,0.4177184254167758,0.37785351276397705,0.03819628432393074,1,0.0,0.05199230337529063,0.8569360675512666,0.9229569962322983,85.56992316454829,331.2922228040119,14174.325025175855,models_disagree,../../dataset/images/V02_f0000031.png,dino_pyramid/overlays/V02_f0000031.jpg,quality/dino_pyramid/entropy/V02_f0000031.jpg,quality/disagreement/V02_f0000031.jpg,,,,"[[198.967387676239, 135.70895791053772], [525.7250833511353, 145.81766188144684], [525.7902717590332, 230.21428871154785]]",dino_pyramid/triangles/V02_f0000031.svg
V02_f0000008,dino_linear,dino_linear,train,V02,0.26666666666666666,22.497,0.9020632737276478,0.6711096176821982,0.37979036569595337,0.006562666967511177,1,0.0,0.04614440799125123,0.12096543844615824,0.21582367180532552,87.3741170367042,286.94019433017615,12535.57306096973,models_disagree,../../dataset/images/V02_f0000008.png,dino_linear/overlays/V02_f0000008.jpg,quality/dino_linear/entropy/V02_f0000008.jpg,quality/disagreement/V02_f0000008.jpg,,,,"[[192.64759182929993, 130.67800152301788], [475.6896758079529, 140.95995998382568], [471.3852381706238, 227.088440656662]]",dino_linear/triangles/V02_f0000008.svg
V01_f0000033,unet_small,unet_small,train,V01,1.1,22.461,0.9064128256513027,0.3877796876606873,0.3627781867980957,0.042772941291332245,1,0.0,0.06300531914893617,0.769715043074884,0.8698745553267179,88.45194940127693,389.8137509720968,17239.893088452936,models_disagree,../../dataset/images/V01_f0000033.png,unet_small/overlays/V01_f0000033.jpg,quality/unet_small/entropy/V01_f0000033.jpg,quality/disagreement/V01_f0000033.jpg,,,,"[[194.69613164663315, 156.04708716273308], [585.4042183160782, 154.67338263988495], [570.2832506895065, 240.61290174722672]]",unet_small/triangles/V01_f0000033.svg
V01_f0000057,dino_linear,dino_linear,train,V01,1.9000000000000001,22.451,0.9144311728999412,0.6041764552336205,0.33667367696762085,0.01747918874025345,1,0.0,0.06274869109947644,0.4835210680016688,0.6518560179977503,97.67819329394815,348.2256570632355,17007.02652026741,models_disagree,../../dataset/images/V01_f0000057.png,dino_linear/overlays/V01_f0000057.jpg,quality/dino_linear/entropy/V01_f0000057.jpg,quality/disagreement/V01_f0000057.jpg,,,,"[[178.22873458266258, 151.52786672115326], [529.0554002523422, 151.04147046804428], [519.0603672266006, 248.4092339873314]]",dino_linear/triangles/V01_f0000057.svg
V02_f0000050,baseline,baseline,train,V02,1.6666666666666667,22.409,0.9349537829510441,0.4212596852783768,0.26722946763038635,0.04475172981619835,1,0.0,0.1114866642116892,0.8223791973791974,0.9025335655300264,131.8522325073723,453.64211560611943,29906.86285101716,models_disagree,../../dataset/images/V02_f0000050.png,baseline/overlays/V02_f0000050.jpg,quality/baseline/entropy/V02_f0000050.jpg,quality/disagreement/V02_f0000050.jpg,,,,"[[169.55312132835388, 137.5591161251068], [628.5449266433716, 126.56757664680481], [611.7753839492798, 257.4160907268524]]",baseline/triangles/V02_f0000050.svg
V01_f0000100,full,TopoFiberDINO Coordinate (ours),test,V01,3.3333333333333335,22.408,0.8802296964725185,0.5450374410249752,0.4361421465873718,0.016959911212325096,1,0.0,0.04430256802082389,0.6702917771883289,0.8026044148006988,65.66377163674349,359.631418408067,11807.377665872731,models_disagree,../../dataset/images/V01_f0000100.png,full/overlays/V01_f0000100.jpg,quality/full/entropy/V01_f0000100.jpg,quality/disagreement/V01_f0000100.jpg,,,,"[[190.92250794172287, 188.76636028289795], [556.0644063949585, 190.81773608922958], [560.3911619186401, 257.1811303496361]]",full/triangles/V01_f0000100.svg
V02_f0000008,full,TopoFiberDINO Coordinate (ours),train,V02,0.26666666666666666,22.387,0.9288500546107037,0.6711096176821982,0.29115942120552063,0.012035789899528027,1,0.0,0.08253980955429303,0.15266426936907487,0.26488939307997733,125.47137755693427,357.3845672218231,22420.76698345546,models_disagree,../../dataset/images/V02_f0000008.png,full/overlays/V02_f0000008.jpg,quality/full/entropy/V02_f0000008.jpg,quality/disagreement/V02_f0000008.jpg,,,,"[[166.10502004623413, 113.59286177158356], [519.4741058349609, 120.46672028303146], [509.2447328567505, 243.88048338890076]]",full/triangles/V02_f0000008.svg
V01_f0000016,unet_small,unet_small,train,V01,0.5333333333333333,22.381,0.9162829635830891,0.6151190228329516,0.3368382453918457,0.016180288046598434,1,0.0,0.061229946524064174,0.4672148429264179,0.6368731139531542,103.86723117914919,322.80406605728336,16764.382277370598,models_disagree,../../dataset/images/V01_f0000016.png,unet_small/overlays/V01_f0000016.jpg,quality/unet_small/entropy/V01_f0000016.jpg,quality/disagreement/V01_f0000016.jpg,,,,"[[175.29861941933632, 140.7608985900879], [492.3225824832916, 145.42314782738686], [490.55200123786926, 247.4258467555046]]",unet_small/triangles/V01_f0000016.svg
V02_f0000008,baseline,baseline,train,V02,0.26666666666666666,22.367,0.9119035133717881,0.6711096176821982,0.347266286611557,0.008126569911837578,1,0.0,0.048625003334133526,0.19479553903345725,0.3260734287492221,114.23183255377084,231.33047500755646,13212.65204282373,models_disagree,../../dataset/images/V02_f0000008.png,baseline/overlays/V02_f0000008.jpg,quality/baseline/entropy/V02_f0000008.jpg,quality/disagreement/V02_f0000008.jpg,,,,"[[186.32521748542786, 126.18064087629318], [418.53641510009766, 123.7196335196495], [440.30423641204834, 234.34212374687195]]",baseline/triangles/V02_f0000008.svg
V02_f0000036,dino_linear,dino_linear,train,V02,1.2,22.364,0.9232649071358748,0.5467556123293829,0.3112119436264038,0.026209749281406403,1,0.0,0.07761213720316623,0.4474119854320715,0.6182234083110941,110.9511924306403,377.49148113767853,20941.564982317,models_disagree,../../dataset/images/V02_f0000036.png,dino_linear/overlays/V02_f0000036.jpg,quality/dino_linear/entropy/V02_f0000036.jpg,quality/disagreement/V02_f0000036.jpg,,,,"[[178.96979212760925, 155.6518827676773], [567.0663499832153, 158.8500019311905], [538.9820623397827, 265.7896193265915]]",dino_linear/triangles/V02_f0000036.svg
V01_f0000069,baseline,baseline,train,V01,2.3000000000000003,22.361,0.923585797218847,0.4466798810703667,0.30452412366867065,0.038774725049734116,1,0.0,0.09219371300529745,0.7846432889963725,0.8793278677417169,107.98050071682556,454.24930839791904,24525.033885539506,models_disagree,../../dataset/images/V01_f0000069.png,baseline/overlays/V01_f0000069.jpg,quality/baseline/entropy/V01_f0000069.jpg,quality/disagreement/V01_f0000069.jpg,,,,"[[157.94663101434708, 169.96467858552933], [622.1454274654388, 164.09437358379364], [608.732705116272, 272.6096659898758]]",baseline/triangles/V01_f0000069.svg
V02_f0000082,dino_linear,dino_linear,val,V02,2.7333333333333334,22.325,0.9138190414786159,0.5475136082664454,0.34101706743240356,0.02379518933594227,1,0.0,0.05792722631729742,0.40263901979264843,0.5741163822066927,98.67975792860862,311.91069365791435,15389.635872753695,models_disagree,../../dataset/images/V02_f0000082.png,dino_linear/overlays/V02_f0000082.jpg,quality/dino_linear/entropy/V02_f0000082.jpg,quality/disagreement/V02_f0000082.jpg,,,,"[[151.56500101089478, 174.46909928321838], [466.80757999420166, 171.81334781646729], [467.7912139892578, 271.545805811882]]",dino_linear/triangles/V02_f0000082.svg
V01_f0000025,baseline,baseline,train,V01,0.8333333333333334,22.323,0.9224994480017664,0.5225851986287559,0.314922571182251,0.028855014592409134,1,0.0,0.05883940256621288,0.6763930722891566,0.8069623806850085,127.54401780308916,254.60297673700782,16236.54329883221,models_disagree,../../dataset/images/V01_f0000025.png,baseline/overlays/V01_f0000025.jpg,quality/baseline/entropy/V01_f0000025.jpg,quality/disagreement/V01_f0000025.jpg,,,,"[[205.86398494243622, 131.85856863856316], [453.63357412815094, 123.61034005880356], [460.2799469232559, 247.5963681936264]]",baseline/triangles/V01_f0000025.svg
V01_f0000013,full,TopoFiberDINO Coordinate (ours),train,V01,0.43333333333333335,22.316,0.8922683342808414,0.4231454346951676,0.40740376710891724,0.03444517031311989,1,0.0,0.044646692439862544,0.7492477432296891,0.856651376146789,100.77944735053966,244.10566843483278,12300.41717999826,models_disagree,../../dataset/images/V01_f0000013.png,full/overlays/V01_f0000013.jpg,quality/full/entropy/V01_f0000013.jpg,quality/disagreement/V01_f0000013.jpg,,,,"[[216.54601228237152, 141.92524552345276], [488.8952031135559, 149.59225058555603], [534.0178527832031, 237.1458113193512]]",full/triangles/V01_f0000013.svg
V02_f0000030,directional,directional,train,V02,1.0,22.281,0.925523539600063,0.5371718663899734,0.3044968843460083,0.027499549090862274,1,0.0,0.07990691489361702,0.39951865222623345,0.5709372312983663,114.89256572025958,379.25033039442707,21786.521754635934,models_disagree,../../dataset/images/V02_f0000030.png,directional/overlays/V02_f0000030.jpg,quality/directional/entropy/V02_f0000030.jpg,quality/disagreement/V02_f0000030.jpg,,,,"[[183.44610035419464, 132.20677399635315], [574.6340131759644, 132.16945695877075], [542.5936603546143, 241.2652144432068]]",directional/triangles/V02_f0000030.svg
V02_f0000090,dino_pyramid,dino_pyramid,val,V02,3.0,22.219,0.9275136399064692,0.44178875462901485,0.2959294021129608,0.03956313803792,1,0.0,0.08,0.8060587133041849,0.8926162891232924,118.27450052779334,358.53972195300577,21203.05326668283,models_disagree,../../dataset/images/V02_f0000090.png,dino_pyramid/overlays/V02_f0000090.jpg,quality/dino_pyramid/entropy/V02_f0000090.jpg,quality/disagreement/V02_f0000090.jpg,,,,"[[137.10348844528198, 163.75051587820053], [500.837881565094, 165.14238119125366], [501.5981125831604, 285.1227650642395]]",dino_pyramid/triangles/V02_f0000090.svg
V01_f0000049,dino_pyramid,dino_pyramid,train,V01,1.6333333333333333,22.203,0.926466254052461,0.33615607809156195,0.29798877239227295,0.05245270952582359,1,0.0,0.08591863517060368,0.8764431006047279,0.9341536658609829,116.35039354393092,396.79344907586926,23083.53697781555,temporal_change,../../dataset/images/V01_f0000049.png,dino_pyramid/overlays/V01_f0000049.jpg,quality/dino_pyramid/entropy/V01_f0000049.jpg,quality/disagreement/V01_f0000049.jpg,,,,"[[147.36025542020798, 149.26064014434814], [544.4906450510025, 144.23909783363342], [543.0080679655075, 260.6506571173668]]",dino_pyramid/triangles/V01_f0000049.svg
V02_f0000038,baseline,baseline,train,V02,1.2666666666666668,22.198,0.9162453286436579,0.46460855708945775,0.3356001675128937,0.0340670645236969,1,0.0,0.057460526315789476,0.8635804997951659,0.9267970982633545,102.91122995281545,298.8875319353636,15379.441764514837,models_disagree,../../dataset/images/V02_f0000038.png,baseline/overlays/V02_f0000038.jpg,quality/baseline/entropy/V02_f0000038.jpg,quality/disagreement/V02_f0000038.jpg,,,,"[[167.7613788843155, 176.64387559890747], [471.9148564338684, 172.2199341058731], [454.5679306983948, 273.7192668914795]]",baseline/triangles/V02_f0000038.svg
V02_f0000006,dino_pyramid,dino_pyramid,train,V02,0.2,22.185,0.9305827141181071,0.4573135260148414,0.28646430373191833,0.03814399614930153,1,0.0,0.06513192612137203,0.8961210974456008,0.9452150483983635,150.18544193958505,234.05371901258155,17575.73061375401,models_disagree,../../dataset/images/V02_f0000006.png,dino_pyramid/overlays/V02_f0000006.jpg,quality/dino_pyramid/entropy/V02_f0000006.jpg,quality/disagreement/V02_f0000006.jpg,,,,"[[241.84929370880127, 120.07434523105621], [474.79501247406006, 110.8927600979805], [478.2028341293335, 260.4238350391388]]",dino_pyramid/triangles/V02_f0000006.svg
V02_f0000018,unet_small,unet_small,train,V02,0.6,22.159,0.9172718661193558,0.5024601846687736,0.33020851016044617,0.02937261201441288,1,0.0,0.08107134278164785,0.8781643227239082,0.9351304484905809,100.28847253078534,440.20401910934726,22073.69433919454,models_disagree,../../dataset/images/V02_f0000018.png,unet_small/overlays/V02_f0000018.jpg,quality/unet_small/entropy/V02_f0000018.jpg,quality/disagreement/V02_f0000018.jpg,,,,"[[167.9161638021469, 170.89214754104614], [610.0937032699585, 165.05174136161804], [592.2470998764038, 262.2694010734558]]",unet_small/triangles/V02_f0000018.svg
V02_f0000094,dino_pyramid,dino_pyramid,test,V02,3.1333333333333333,22.094,0.9255048029798079,0.6613691792864841,0.3027794063091278,0.0110349515452981,1,0.0,0.06361188077789574,0.16642410752504067,0.2853577981651376,122.4491850719169,274.5551140480477,16809.52498625532,models_disagree,../../dataset/images/V02_f0000094.png,dino_pyramid/overlays/V02_f0000094.jpg,quality/dino_pyramid/entropy/V02_f0000094.jpg,quality/disagreement/V02_f0000094.jpg,,,,"[[150.45777440071106, 151.9151632785797], [429.6302604675293, 143.14276146888733], [426.8926477432251, 267.504865527153]]",dino_pyramid/triangles/V02_f0000094.svg
V02_f0000094,dino_linear,dino_linear,test,V02,3.1333333333333333,22.091,0.9199377485734048,0.6613691792864841,0.3216079771518707,0.009771744720637798,1,0.0,0.07193722971748194,0.27964125560538117,0.4370619568264648,103.0774682384809,368.74477788108067,19004.639065071395,models_disagree,../../dataset/images/V02_f0000094.png,dino_linear/overlays/V02_f0000094.jpg,quality/dino_linear/entropy/V02_f0000094.jpg,quality/disagreement/V02_f0000094.jpg,,,,"[[155.01365303993225, 161.08782041072845], [530.5965399742126, 156.74798715114594], [524.1226601600647, 261.2607933282852]]",dino_linear/triangles/V02_f0000094.svg
V01_f0000100,unet_small,unet_small,test,V01,3.3333333333333335,22.054,0.9224855861627163,0.5450374410249752,0.3097812235355377,0.024701355025172234,1,0.0,0.07763633302684572,0.44384765625,0.614812309773419,108.45658829256479,380.88967190376286,20654.997165278244,models_disagree,../../dataset/images/V01_f0000100.png,unet_small/overlays/V01_f0000100.jpg,quality/unet_small/entropy/V01_f0000100.jpg,quality/disagreement/V01_f0000100.jpg,,,,"[[160.69005045294762, 158.94614160060883], [548.7648545503616, 152.94954925775528], [538.3685337305069, 262.30133324861526]]",unet_small/triangles/V01_f0000100.svg
V01_f0000056,unet_small,unet_small,train,V01,1.8666666666666667,21.991,0.9135901017760926,0.43916219514233656,0.3387463390827179,0.03561932221055031,1,0.0,0.06270341207349081,0.6631047211968136,0.797429906542056,98.23072381475635,343.42071729898043,16867.232816630833,models_disagree,../../dataset/images/V01_f0000056.png,unet_small/overlays/V01_f0000056.jpg,quality/unet_small/entropy/V01_f0000056.jpg,quality/disagreement/V01_f0000056.jpg,,,,"[[177.7289354801178, 153.48071604967117], [522.2635269165039, 149.02879670262337], [516.7138276100159, 247.1923828125]]",unet_small/triangles/V01_f0000056.svg
V01_f0000016,full,TopoFiberDINO Coordinate (ours),train,V01,0.5333333333333333,21.976,0.8926426426426426,0.6151190228329516,0.4074685573577881,0.008835462853312492,1,0.0,0.05050802139037433,0.3203945957538066,0.48530128309241516,110.5517405411746,250.30783715946097,13835.983534537656,models_disagree,../../dataset/images/V01_f0000016.png,full/overlays/V01_f0000016.jpg,quality/full/entropy/V01_f0000016.jpg,quality/disagreement/V01_f0000016.jpg,,,,"[[190.2521465420723, 150.54432302713394], [497.99130952358246, 142.89002493023872], [565.4726921319962, 227.9585525393486]]",full/triangles/V01_f0000016.svg
V01_f0000064,unet_small,unet_small,train,V01,2.1333333333333333,21.953,0.9214984939759037,0.43009106422340243,0.3164542019367218,0.038341619074344635,1,0.0,0.06608504858426496,0.8008965259618976,0.8894420244762498,109.80465494502732,324.15039653666275,17796.611221001018,models_disagree,../../dataset/images/V01_f0000064.png,unet_small/overlays/V01_f0000064.jpg,quality/unet_small/entropy/V01_f0000064.jpg,quality/disagreement/V01_f0000064.jpg,,,,"[[149.27458900213242, 178.1579554080963], [475.1660557985306, 175.48037320375443], [471.2071224451065, 285.7000306248665]]",unet_small/triangles/V01_f0000064.svg
V02_f0000100,baseline,baseline,test,V02,3.3333333333333335,21.95,0.9205152371976123,0.5338219698495161,0.31939101219177246,0.025135867297649384,1,0.0,0.07909604519774012,0.26378676470588236,0.41745454545454547,101.758853520907,411.3431104185361,20928.901659957046,models_disagree,../../dataset/images/V02_f0000100.png,baseline/overlays/V02_f0000100.jpg,quality/baseline/entropy/V02_f0000100.jpg,quality/disagreement/V02_f0000100.jpg,,,,"[[160.6402587890625, 163.9468538761139], [579.3698859214783, 163.1186341047287], [571.7356324195862, 266.12377846241]]",baseline/triangles/V02_f0000100.svg
V01_f0000007,directional,directional,train,V01,0.23333333333333334,21.933,0.9226012367843607,0.6746735007094664,0.3146601915359497,0.007914915680885315,1,0.0,0.0635128002111375,0.2736073059360731,0.42965724939050626,115.6259464843115,297.422669311187,17194.888822498193,models_disagree,../../dataset/images/V01_f0000007.png,directional/overlays/V01_f0000007.jpg,quality/directional/entropy/V01_f0000007.jpg,quality/disagreement/V01_f0000007.jpg,,,,"[[208.37165904045105, 135.37799566984177], [519.0816453695297, 131.73536583781242], [485.21313536167145, 241.65496230125427]]",directional/triangles/V01_f0000007.svg
V01_f0000021,full,TopoFiberDINO Coordinate (ours),train,V01,0.7000000000000001,21.898,0.9099646920360925,0.5413064361191162,0.35436588525772095,0.02157093770802021,1,0.0,0.06560319581089653,0.4749841671944269,0.6440532417346501,94.03856652085878,385.77747612631225,18138.980425476613,models_disagree,../../dataset/images/V01_f0000021.png,full/overlays/V01_f0000021.jpg,quality/full/entropy/V01_f0000021.jpg,quality/disagreement/V01_f0000021.jpg,,,,"[[191.1973755955696, 145.8040103316307], [581.7217010259628, 149.7558429837227], [555.8708552122116, 237.63010650873184]]",full/triangles/V01_f0000021.svg
V02_f0000010,unet_small,unet_small,train,V02,0.33333333333333337,21.886,0.900235294117647,0.5092577967321295,0.3788677155971527,0.0233265683054924,1,0.0,0.05458105353502843,0.6122498191463709,0.7594974573736165,84.4067097551574,352.30567674982996,14868.4815012586,models_disagree,../../dataset/images/V02_f0000010.png,unet_small/overlays/V02_f0000010.jpg,quality/unet_small/entropy/V02_f0000010.jpg,quality/disagreement/V02_f0000010.jpg,,,,"[[220.37306785583496, 141.77197337150574], [570.141921043396, 143.13478088378906], [557.3577833175659, 224.98803091049194]]",unet_small/triangles/V02_f0000010.svg
V02_f0000013,dino_pyramid,dino_pyramid,train,V02,0.43333333333333335,21.83,0.9139211136890951,0.4537323141974305,0.3417702317237854,0.03306815028190613,1,0.0,0.05585135135135135,0.8648285137861466,0.9275153263613415,107.39478149791584,285.8915716990742,15351.631437358907,models_disagree,../../dataset/images/V02_f0000013.png,dino_pyramid/overlays/V02_f0000013.jpg,quality/dino_pyramid/entropy/V02_f0000013.jpg,quality/disagreement/V02_f0000013.jpg,,,,"[[200.03052949905396, 140.91526424884796], [479.07606840133667, 136.71382057666779], [487.2700810432434, 241.0171698331833]]",dino_pyramid/triangles/V02_f0000013.svg
V01_f0000035,directional,directional,train,V01,1.1666666666666667,21.827,0.9211021735409892,0.6762956431680452,0.31766414642333984,0.0068473806604743,1,0.0,0.07373308255843011,0.31130309575233983,0.4747996046996816,110.20322121069789,361.23647157356936,19904.711393097023,models_disagree,../../dataset/images/V01_f0000035.png,directional/overlays/V01_f0000035.jpg,quality/directional/entropy/V01_f0000035.jpg,quality/disagreement/V01_f0000035.jpg,,,,"[[181.55710315704346, 153.43567728996277], [565.3727947473526, 148.21891486644745], [528.9527057409286, 251.9666701555252]]",directional/triangles/V01_f0000035.svg
V02_f0000100,full,TopoFiberDINO Coordinate (ours),test,V02,3.3333333333333335,21.817,0.8843899840170485,0.5338219698495161,0.4286958873271942,0.016345784068107605,1,0.0,0.04567718861763334,0.5046431414168214,0.6707811673426204,68.96549278636265,350.84043340130927,12097.941689451169,models_disagree,../../dataset/images/V02_f0000100.png,full/overlays/V02_f0000100.jpg,quality/full/entropy/V02_f0000100.jpg,quality/disagreement/V02_f0000100.jpg,,,,"[[195.54920196533203, 189.5271258354187], [555.47367811203, 192.2374038696289], [565.1277709007263, 261.57011902332306]]",full/triangles/V02_f0000100.svg
V01_f0000032,directional,directional,train,V01,1.0666666666666667,21.808,0.9237989182309895,0.5312638888888889,0.3066343367099762,0.025485701858997345,1,0.0,0.08048728588147676,0.46505660377358493,0.6348650319390068,115.87735311968805,379.8735172649312,22009.368850463175,models_disagree,../../dataset/images/V01_f0000032.png,directional/overlays/V01_f0000032.jpg,quality/directional/entropy/V01_f0000032.jpg,quality/disagreement/V01_f0000032.jpg,,,,"[[178.60238826274872, 147.37850055098534], [572.672746181488, 140.38219302892685], [538.8728656768799, 249.4547814130783]]",directional/triangles/V01_f0000032.svg
V02_f0000010,baseline,baseline,train,V02,0.33333333333333337,21.806,0.9007110208227527,0.5092577967321295,0.3798951208591461,0.023032240569591522,1,0.0,0.0502092050209205,0.4968227818310191,0.6638364779874214,86.0460760224262,318.86787005410383,13718.66449389227,models_disagree,../../dataset/images/V02_f0000010.png,baseline/overlays/V02_f0000010.jpg,quality/baseline/entropy/V02_f0000010.jpg,quality/disagreement/V02_f0000010.jpg,,,,"[[220.1336681842804, 139.0892038345337], [532.98903465271, 130.6084389090538], [535.2474975585938, 215.0328528881073]]",baseline/triangles/V02_f0000010.svg
V02_f0000029,full,TopoFiberDINO Coordinate (ours),train,V02,0.9666666666666667,21.769,0.9303266406952353,0.6166563552622535,0.28601765632629395,0.016084501519799232,1,0.0,0.0861372632930352,0.333674630261661,0.5003838607864881,140.5570333689427,333.90381460669806,23466.26480584546,models_disagree,../../dataset/images/V02_f0000029.png,full/overlays/V02_f0000029.jpg,quality/full/entropy/V02_f0000029.jpg,quality/disagreement/V02_f0000029.jpg,,,,"[[172.2081971168518, 123.68424475193024], [506.7490482330322, 117.06714707612991], [535.2648210525513, 252.47370100021362]]",full/triangles/V02_f0000029.svg
V01_f0000022,baseline,baseline,train,V01,0.7333333333333334,21.765,0.9291179442760213,0.4128164579504495,0.2903844118118286,0.04127582535147667,1,0.0,0.08980667365760533,0.79363274587834,0.8849445324881141,125.91557383206228,393.3609948035965,24765.13769192286,models_disagree,../../dataset/images/V01_f0000022.png,baseline/overlays/V01_f0000022.jpg,quality/baseline/entropy/V01_f0000022.jpg,quality/disagreement/V01_f0000022.jpg,,,,"[[183.80434477329254, 135.54872944951057], [567.500409245491, 120.6645593047142], [573.3471034765244, 243.4348315000534]]",baseline/triangles/V01_f0000022.svg
V01_f0000032,dino_linear,dino_linear,train,V01,1.0666666666666667,21.744,0.9151433519338079,0.5312638888888889,0.3379020094871521,0.023221027106046677,1,0.0,0.06641664006809235,0.47049821458935553,0.6399167437557817,100.31558383632947,361.30905493385825,18122.464395521212,models_disagree,../../dataset/images/V01_f0000032.png,dino_linear/overlays/V01_f0000032.jpg,quality/dino_linear/entropy/V01_f0000032.jpg,quality/disagreement/V01_f0000032.jpg,,,,"[[194.852421104908, 133.19997489452362], [559.8434745073318, 135.5854868888855], [537.4539731740952, 231.8710908293724]]",dino_linear/triangles/V01_f0000032.svg
V02_f0000034,full,TopoFiberDINO Coordinate (ours),train,V02,1.1333333333333333,21.736,0.8974481278321012,0.4940905762995502,0.39283648133277893,0.023834053426980972,2,0.0002521432173474558,0.0522371349920314,0.5677913475470917,0.724320042249802,79.79952427786797,353.136281410807,14090.053630918854,models_disagree,../../dataset/images/V02_f0000034.png,full/overlays/V02_f0000034.jpg,quality/full/entropy/V02_f0000034.jpg,quality/disagreement/V02_f0000034.jpg,,,,"[[182.41907000541687, 159.69607770442963], [550.8076500892639, 168.33285415172577], [525.7411551475525, 243.91285157203674]]",full/triangles/V02_f0000034.svg
V02_f0000009,baseline,baseline,train,V02,0.3,21.725,0.9157614719574374,0.4874892809016293,0.3368786871433258,0.028735581785440445,1,0.0,0.057653810222874684,0.6443614130434783,0.7837223714108655,114.21797991013392,275.03079973717973,15706.73117952463,models_disagree,../../dataset/images/V02_f0000009.png,baseline/overlays/V02_f0000009.jpg,quality/baseline/entropy/V02_f0000009.jpg,quality/disagreement/V02_f0000009.jpg,,,,"[[196.43953442573547, 121.28648018836975], [473.11903953552246, 117.42193758487701], [497.20500469207764, 227.40115475654602]]",baseline/triangles/V02_f0000009.svg
V02_f0000083,dino_linear,dino_linear,val,V02,2.7666666666666666,21.719,0.9204389574759945,0.5691277389455457,0.31601330637931824,0.019550619646906853,1,0.0,0.0727734375,0.6051995163240629,0.7540489642184558,106.08202477651822,362.92103734323075,19249.69923768215,models_disagree,../../dataset/images/V02_f0000083.png,dino_linear/overlays/V02_f0000083.jpg,quality/dino_linear/entropy/V02_f0000083.jpg,quality/disagreement/V02_f0000083.jpg,,,,"[[156.3380992412567, 175.63190174102783], [526.8492579460144, 172.31061851978302], [514.3086504936218, 279.0234134197235]]",dino_linear/triangles/V02_f0000083.svg
V01_f0000041,baseline,baseline,train,V01,1.3666666666666667,21.691,0.9196713829301689,0.4610466300142538,0.3195735812187195,0.032752446830272675,1,0.0,0.08284528718123801,0.895370088333841,0.9447971072719968,103.19326243112222,432.64097836785834,22322.81700958594,models_disagree,../../dataset/images/V01_f0000041.png,baseline/overlays/V01_f0000041.jpg,quality/baseline/entropy/V01_f0000041.jpg,quality/disagreement/V01_f0000041.jpg,,,,"[[162.68603765964508, 185.3247843682766], [599.2701750993729, 178.27074229717255], [586.387708067894, 280.5703729391098]]",baseline/triangles/V01_f0000041.svg
V02_f0000037,unet_small,unet_small,train,V02,1.2333333333333334,21.684,0.9112633423610005,0.46257707846055707,0.3445644676685333,0.030633309856057167,1,0.0,0.07911609498680738,0.7971639093563186,0.8871354529279802,93.67595748078173,452.9888548677912,21217.082353931608,models_disagree,../../dataset/images/V02_f0000037.png,unet_small/overlays/V02_f0000037.jpg,quality/unet_small/entropy/V02_f0000037.jpg,quality/disagreement/V02_f0000037.jpg,,,,"[[159.2820417881012, 177.38874506950378], [633.3119916915894, 168.34859240055084], [607.114462852478, 258.1916341781616]]",unet_small/triangles/V02_f0000037.svg
V02_f0000029,unet_small,unet_small,train,V02,0.9666666666666667,21.648,0.9263376036171816,0.6166563552622535,0.3051793575286865,0.01458449475467205,1,0.0,0.06806996897400236,0.43338861249309013,0.6047049749325106,124.4067157335325,298.5959746628072,18573.67226952646,models_disagree,../../dataset/images/V02_f0000029.png,unet_small/overlays/V02_f0000029.jpg,quality/unet_small/entropy/V02_f0000029.jpg,quality/disagreement/V02_f0000029.jpg,,,,"[[175.782870054245, 130.65990030765533], [469.95655059814453, 128.04249131679535], [475.79607009887695, 250.38002347946167]]",unet_small/triangles/V02_f0000029.svg
V02_f0000043,dino_pyramid,dino_pyramid,train,V02,1.4333333333333333,21.64,0.9159476760367381,0.5603015873015873,0.3421474099159241,0.019250473007559776,1,0.0,0.04592348284960422,0.891795154185022,0.9428030854315238,110.31868036217563,223.38933163544723,12322.008136505476,models_disagree,../../dataset/images/V02_f0000043.png,dino_pyramid/overlays/V02_f0000043.jpg,quality/dino_pyramid/entropy/V02_f0000043.jpg,quality/disagreement/V02_f0000043.jpg,,,,"[[197.70782947540283, 166.24214148521423], [420.7504677772522, 166.86163997650146], [419.3736004829407, 276.9957206249237]]",dino_pyramid/triangles/V02_f0000043.svg
V01_f0000057,full,TopoFiberDINO Coordinate (ours),train,V01,1.9000000000000001,21.634,0.8915281076801267,0.6041764552336205,0.4090019762516022,0.008243080228567123,1,0.0,0.046897905759162306,0.4449069539666993,0.6158278257922386,74.07390320245243,340.2865786594364,12603.177544356402,models_disagree,../../dataset/images/V01_f0000057.png,full/overlays/V01_f0000057.jpg,quality/full/entropy/V01_f0000057.jpg,quality/disagreement/V01_f0000057.jpg,,,,"[[207.66191309690475, 163.70145231485367], [548.6093642711639, 169.38594728708267], [546.8893311023712, 243.5925230383873]]",full/triangles/V01_f0000057.svg
V02_f0000008,directional,directional,train,V02,0.26666666666666666,21.626,0.9259326331039478,0.6711096176821982,0.3037281334400177,0.007577584125101566,1,0.0,0.06969672721453149,0.10415709692237024,0.18866354654186168,120.49716677209648,316.46631773834525,19066.64733313433,models_disagree,../../dataset/images/V02_f0000008.png,directional/overlays/V02_f0000008.jpg,quality/directional/entropy/V02_f0000008.jpg,quality/disagreement/V02_f0000008.jpg,,,,"[[201.5833854675293, 135.84558641910553], [532.9852795600891, 135.93962579965591], [493.2048296928406, 248.01674485206604]]",directional/triangles/V02_f0000008.svg
V02_f0000094,baseline,baseline,test,V02,3.1333333333333333,21.603,0.9226231783483692,0.6613691792864841,0.3108832836151123,0.007931807078421116,1,0.0,0.07122510811300722,0.22525862068965516,0.3676915499894463,110.09528845753304,342.96469098738436,18879.39829250238,models_disagree,../../dataset/images/V02_f0000094.png,baseline/overlays/V02_f0000094.jpg,quality/baseline/entropy/V02_f0000094.jpg,quality/disagreement/V02_f0000094.jpg,,,,"[[146.87606692314148, 158.64961791038513], [495.2624201774597, 153.73104733228683], [495.8332943916321, 265.57189202308655]]",baseline/triangles/V02_f0000094.svg
V02_f0000038,unet_small,unet_small,train,V02,1.2666666666666668,21.601,0.9160756501182034,0.46460855708945775,0.3320949673652649,0.031046457588672638,1,0.0,0.06405263157894737,0.8762705238467553,0.9340556307948744,101.75970820195384,337.05812618909374,17149.46828404976,models_disagree,../../dataset/images/V02_f0000038.png,unet_small/overlays/V02_f0000038.jpg,quality/unet_small/entropy/V02_f0000038.jpg,quality/disagreement/V02_f0000038.jpg,,,,"[[155.94708144664764, 178.49218356609344], [495.62581300735474, 176.45116007328033], [484.0740466117859, 277.61256635189056]]",unet_small/triangles/V02_f0000038.svg
V02_f0000057,directional,directional,train,V02,1.9000000000000001,21.591,0.9197551853111187,0.6012881404720783,0.31523922085762024,0.014738660305738449,1,0.0,0.07416010498687664,0.3326256192498231,0.4992033988316516,107.7089976883674,367.94277132892523,19815.373553259353,models_disagree,../../dataset/images/V02_f0000057.png,directional/overlays/V02_f0000057.jpg,quality/directional/entropy/V02_f0000057.jpg,quality/disagreement/V02_f0000057.jpg,,,,"[[162.5827181339264, 157.5465806722641], [537.6034426689148, 152.86756139993668], [519.9163556098938, 259.4871863126755]]",directional/triangles/V02_f0000057.svg
V01_f0000031,dino_pyramid,dino_pyramid,train,V01,1.0333333333333334,21.589,0.9059745347698335,0.4029560286543527,0.3675399422645569,0.03641897439956665,1,0.0,0.05243279569892473,0.8178905864958107,0.8998237766029551,91.463907229696,314.8618495864562,14399.247500373063,models_disagree,../../dataset/images/V01_f0000031.png,dino_pyramid/overlays/V01_f0000031.jpg,quality/dino_pyramid/entropy/V01_f0000031.jpg,quality/disagreement/V01_f0000031.jpg,,,,"[[204.81236517429352, 129.76565212011337], [512.6175353527069, 132.02029466629028], [510.1202006340027, 221.38282656669617]]",dino_pyramid/triangles/V01_f0000031.svg
V01_f0000048,unet_small,unet_small,train,V01,1.6,21.588,0.931055823740562,0.44040043052551275,0.28330740332603455,0.037377599626779556,1,0.0,0.10232582558933165,0.6459923664122137,0.784927536231884,122.11816975066016,451.1528437703932,27546.979779522968,models_disagree,../../dataset/images/V01_f0000048.png,unet_small/overlays/V01_f0000048.jpg,quality/unet_small/entropy/V01_f0000048.jpg,quality/disagreement/V01_f0000048.jpg,,,,"[[154.922787129879, 169.396810233593], [612.6879422664642, 160.37388145923615], [594.2120208740234, 281.0800150036812]]",unet_small/triangles/V01_f0000048.svg
V02_f0000016,full,TopoFiberDINO Coordinate (ours),train,V02,0.5333333333333333,21.582,0.8905872888173774,0.6120811287477954,0.41062024235725403,0.0067828320898115635,1,0.0,0.0476806729485987,0.3061572158676077,0.46879075833799144,88.35678619439145,296.0617289489837,13079.531442543614,models_disagree,../../dataset/images/V02_f0000016.png,full/overlays/V02_f0000016.jpg,quality/full/entropy/V02_f0000016.jpg,quality/disagreement/V02_f0000016.jpg,,,,"[[198.7030792236328, 150.42667269706726], [513.0418825149536, 147.1952713727951], [547.8094339370728, 226.11489844322205]]",full/triangles/V02_f0000016.svg
V01_f0000023,baseline,baseline,train,V01,0.7666666666666667,21.553,0.9249953122070129,0.4165052366328057,0.30521881580352783,0.038828007876873016,1,0.0,0.06889824693583758,0.7940451355964346,0.8852008456659619,128.07370533220706,297.2716077483283,19036.338147195416,models_disagree,../../dataset/images/V01_f0000023.png,baseline/overlays/V01_f0000023.jpg,quality/baseline/entropy/V01_f0000023.jpg,quality/disagreement/V01_f0000023.jpg,,,,"[[188.69452154636383, 129.12272661924362], [479.5250781774521, 124.23773109912872], [491.59418070316315, 248.56916069984436]]",baseline/triangles/V01_f0000023.svg
V01_f0000099,baseline,baseline,test,V01,3.3000000000000003,21.527,0.9209608678806664,0.45129145308738977,0.3198355436325073,0.033440351486206055,1,0.0,0.06434704021690013,0.25098702763677383,0.4012623985572588,109.40948335044239,310.9421403115547,17010.00946168398,models_disagree,../../dataset/images/V01_f0000099.png,baseline/overlays/V01_f0000099.jpg,quality/baseline/entropy/V01_f0000099.jpg,quality/disagreement/V01_f0000099.jpg,,,,"[[160.35784170031548, 150.06466582417488], [476.3060847520828, 151.15052461624146], [477.6537004709244, 262.300506234169]]",baseline/triangles/V01_f0000099.svg
V01_f0000043,full,TopoFiberDINO Coordinate (ours),train,V01,1.4333333333333333,21.514,0.9240482822655525,0.6097499921774774,0.3104613721370697,0.014264246448874474,1,0.0,0.06799019157891976,0.42375215146299483,0.5952611218568665,118.92086465362618,306.8402458256536,18244.85367205897,models_disagree,../../dataset/images/V01_f0000043.png,full/overlays/V01_f0000043.jpg,quality/full/entropy/V01_f0000043.jpg,quality/disagreement/V01_f0000043.jpg,,,,"[[167.00262862443924, 167.19692945480347], [474.93019807338715, 159.18298065662384], [485.68245327472687, 277.8323292732239]]",full/triangles/V01_f0000043.svg
V02_f0000071,dino_pyramid,dino_pyramid,val,V02,2.3666666666666667,21.474,0.9295469049138482,0.44455232978390563,0.2875227630138397,0.03594658896327019,1,0.0,0.09833333333333333,0.5114935753860662,0.6768054905630947,117.93343893013196,444.1601408445337,26190.666422743812,models_disagree,../../dataset/images/V02_f0000071.png,dino_pyramid/overlays/V02_f0000071.jpg,quality/dino_pyramid/entropy/V02_f0000071.jpg,quality/disagreement/V02_f0000071.jpg,,,,"[[181.35520219802856, 158.47153717279434], [632.3571968078613, 148.7473168373108], [621.5599536895752, 267.2786672115326]]",dino_pyramid/triangles/V02_f0000071.svg
V01_f0000009,dino_linear,dino_linear,train,V01,0.3,21.462,0.9068367838228214,0.4887463791687966,0.36245736479759216,0.025257272645831108,1,0.0,0.0518253494997681,0.47029543994861917,0.6397291689417932,90.09103702432795,315.8589539340045,14228.030356666946,models_disagree,../../dataset/images/V01_f0000009.png,dino_linear/overlays/V01_f0000009.jpg,quality/dino_linear/entropy/V01_f0000009.jpg,quality/disagreement/V01_f0000009.jpg,,,,"[[181.14109298586845, 139.99513909220695], [495.7619994878769, 139.3023021519184], [485.50303757190704, 227.82844305038452]]",dino_linear/triangles/V01_f0000009.svg
V01_f0000025,dino_pyramid,dino_pyramid,train,V01,0.8333333333333334,21.453,0.9221250266695115,0.5225851986287559,0.3131105601787567,0.024421192705631256,1,0.0,0.06075529230810745,0.9281756180733163,0.962750082900409,125.31625932558205,267.8421742631024,16782.48968414134,models_disagree,../../dataset/images/V01_f0000025.png,dino_pyramid/overlays/V01_f0000025.jpg,quality/dino_pyramid/entropy/V01_f0000025.jpg,quality/disagreement/V01_f0000025.jpg,,,,"[[219.42792695760727, 138.25108855962753], [479.8794142007828, 125.86656957864761], [486.09133327007294, 247.70363420248032]]",dino_pyramid/triangles/V01_f0000025.svg
V02_f0000069,dino_pyramid,dino_pyramid,train,V02,2.3000000000000003,21.444,0.9243348115299335,0.3829666561148043,0.30758973956108093,0.042325615882873535,1,0.0,0.09045691906005222,0.9159559834938101,0.9561346830353937,107.56860783726668,449.24271876260093,24162.206919160853,models_disagree,../../dataset/images/V02_f0000069.png,dino_pyramid/overlays/V02_f0000069.jpg,quality/dino_pyramid/entropy/V02_f0000069.jpg,quality/disagreement/V02_f0000069.jpg,,,,"[[138.37223410606384, 164.7502179145813], [590.7389044761658, 161.30209243297577], [588.997642993927, 269.5774323940277]]",dino_pyramid/triangles/V02_f0000069.svg
V02_f0000096,unet_small,unet_small,test,V02,3.2,21.433,0.9342134705750728,0.4813175597309209,0.27228468656539917,0.03219969570636749,1,0.0,0.11145355134884201,0.4697820500618635,0.6392540309525351,127.25465808752391,460.76131442965755,29317.011763852082,models_disagree,../../dataset/images/V02_f0000096.png,unet_small/overlays/V02_f0000096.jpg,quality/unet_small/entropy/V02_f0000096.jpg,quality/disagreement/V02_f0000096.jpg,,,,"[[159.88086640834808, 162.5835782289505], [650.8334541320801, 143.7659604549408], [617.9293298721313, 269.3783413171768]]",unet_small/triangles/V02_f0000096.svg
V02_f0000100,unet_small,unet_small,test,V02,3.3333333333333335,21.431,0.9229218362282878,0.5338219698495161,0.3081769049167633,0.023085379973053932,1,0.0,0.08032706162856995,0.257913777509798,0.41006590772917917,108.39513994886586,391.9783649489662,21244.274862785405,models_disagree,../../dataset/images/V02_f0000100.png,unet_small/overlays/V02_f0000100.jpg,quality/unet_small/entropy/V02_f0000100.jpg,quality/disagreement/V02_f0000100.jpg,,,,"[[160.14979362487793, 160.5026741027832], [560.8991861343384, 153.0660171508789], [549.6014642715454, 262.508082985878]]",unet_small/triangles/V02_f0000100.svg
V01_f0000037,dino_pyramid,dino_pyramid,train,V01,1.2333333333333334,21.418,0.9146911788421223,0.4912670162411809,0.33791255950927734,0.026486702263355255,1,0.0,0.07841042482754983,0.900670921289478,0.9477399913904434,95.71620039879062,441.93448879564716,21150.145046350626,models_disagree,../../dataset/images/V01_f0000037.png,dino_pyramid/overlays/V01_f0000037.jpg,quality/dino_pyramid/entropy/V01_f0000037.jpg,quality/disagreement/V01_f0000037.jpg,,,,"[[203.412752866745, 171.47040367126465], [644.3245449066162, 163.1922796368599], [640.0934910774231, 258.41932743787766]]",dino_pyramid/triangles/V01_f0000037.svg
V01_f0000037,unet_small,unet_small,train,V01,1.2333333333333334,21.417,0.9109973579920739,0.4912670162411809,0.3500612676143646,0.025648584589362144,1,0.0,0.07608910695208325,0.7541788069314522,0.8598653728472768,90.97401907856494,452.2343297764609,20570.787272532893,models_disagree,../../dataset/images/V01_f0000037.png,unet_small/overlays/V01_f0000037.jpg,quality/unet_small/entropy/V01_f0000037.jpg,quality/disagreement/V01_f0000037.jpg,,,,"[[168.80924785137177, 168.86857151985168], [631.6224426031113, 167.15082898736], [611.0778461694717, 255.38907945156097]]",unet_small/triangles/V01_f0000037.svg
V01_f0000043,dino_linear,dino_linear,train,V01,1.4333333333333333,21.415,0.9191273274402859,0.6097499921774774,0.3230122923851013,0.01265941932797432,1,0.0,0.0665740024389924,0.3681917211328976,0.5382165605095541,106.03923474188616,337.676508137368,17903.4792565994,models_disagree,../../dataset/images/V01_f0000043.png,dino_linear/overlays/V01_f0000043.jpg,quality/dino_linear/entropy/V01_f0000043.jpg,quality/disagreement/V01_f0000043.jpg,,,,"[[152.33449584245682, 174.60858821868896], [491.0927457809448, 173.81874471902847], [485.727956533432, 279.91385757923126]]",dino_linear/triangles/V01_f0000043.svg
V01_f0000041,unet_small,unet_small,train,V01,1.3666666666666667,21.31,0.9190647482014388,0.4610466300142538,0.32204747200012207,0.03071058914065361,1,0.0,0.08393518396932531,0.8667858739383102,0.928639846743295,101.57001727205572,445.67083735312707,22633.397323804325,models_disagree,../../dataset/images/V01_f0000041.png,unet_small/overlays/V01_f0000041.jpg,quality/unet_small/entropy/V01_f0000041.jpg,quality/disagreement/V01_f0000041.jpg,,,,"[[144.51330482959747, 183.01649764180183], [596.4931277036667, 179.00897562503815], [579.9753948450089, 279.1414260864258]]",unet_small/triangles/V01_f0000041.svg
V02_f0000094,unet_small,unet_small,test,V02,3.1333333333333333,21.309,0.913876820853565,0.6613691792864841,0.3428390324115753,0.004497267305850983,1,0.0,0.048514902763031824,0.07192635292093263,0.1342001765791797,104.94056353996956,244.09497156806634,12807.731936812865,models_disagree,../../dataset/images/V02_f0000094.png,unet_small/overlays/V02_f0000094.jpg,quality/unet_small/entropy/V02_f0000094.jpg,quality/disagreement/V02_f0000094.jpg,,,,"[[166.51835560798645, 167.21375542879105], [414.50284481048584, 163.1328341960907], [418.39141845703125, 269.6676709651947]]",unet_small/triangles/V02_f0000094.svg
V01_f0000043,baseline,baseline,train,V01,1.4333333333333333,21.298,0.9177914110429448,0.6097499921774774,0.3301844298839569,0.011776305735111237,1,0.0,0.05110082479904538,0.7197734548140852,0.8370561282932417,111.61545978695983,245.99212774143547,13728.262220916438,models_disagree,../../dataset/images/V01_f0000043.png,baseline/overlays/V01_f0000043.jpg,quality/baseline/entropy/V01_f0000043.jpg,quality/disagreement/V01_f0000043.jpg,,,,"[[168.65747874975204, 168.66641119122505], [415.4909545183182, 161.96776181459427], [411.4934607744217, 273.71323853731155]]",baseline/triangles/V01_f0000043.svg
V01_f0000064,baseline,baseline,train,V01,2.1333333333333333,21.297,0.9175847457627119,0.43009106422340243,0.33153897523880005,0.034181464463472366,1,0.0,0.06016873889875666,0.9044559585492228,0.9498313200565894,105.83893180793491,302.4665586286889,16006.368736441276,models_disagree,../../dataset/images/V01_f0000064.png,baseline/overlays/V01_f0000064.jpg,quality/baseline/entropy/V01_f0000064.jpg,quality/disagreement/V01_f0000064.jpg,,,,"[[148.71875995397568, 170.70762813091278], [452.5384989976883, 171.19576781988144], [451.32464587688446, 277.4962931871414]]",baseline/triangles/V01_f0000064.svg
V02_f0000016,dino_linear,dino_linear,train,V02,0.5333333333333333,21.268,0.9098137210358928,0.6120811287477954,0.35195234417915344,0.009539216756820679,1,0.0,0.05636214124910691,0.3827927306188176,0.5536516386624522,96.79984513209017,320.8021712122364,15526.800245691378,models_disagree,../../dataset/images/V02_f0000016.png,dino_linear/overlays/V02_f0000016.jpg,quality/dino_linear/entropy/V02_f0000016.jpg,quality/disagreement/V02_f0000016.jpg,,,,"[[188.1887573003769, 141.83540564775467], [510.0076174736023, 139.36587154865265], [488.87325525283813, 231.45094501972198]]",dino_linear/triangles/V02_f0000016.svg
V02_f0000037,baseline,baseline,train,V02,1.2333333333333334,21.249,0.9179730799683293,0.46257707846055707,0.32575884461402893,0.029968896880745888,1,0.0,0.08009234828496042,0.7235847805912767,0.8396277209445427,100.47916475592247,426.9154696958942,21448.05490821289,models_disagree,../../dataset/images/V02_f0000037.png,baseline/overlays/V02_f0000037.jpg,quality/baseline/entropy/V02_f0000037.jpg,quality/disagreement/V02_f0000037.jpg,,,,"[[183.752703666687, 174.90435326099396], [614.9792289733887, 170.27084338665009], [601.1857223510742, 269.6998385190964]]",baseline/triangles/V02_f0000037.svg
V02_f0000057,full,TopoFiberDINO Coordinate (ours),train,V02,1.9000000000000001,21.245,0.8882450331125827,0.6012881404720783,0.4139249920845032,0.005917424336075783,1,0.0,0.04469816272965879,0.41894793344068704,0.5905050122943067,74.71955802455359,320.39688957003773,11969.956990557463,models_disagree,../../dataset/images/V02_f0000057.png,full/overlays/V02_f0000057.jpg,quality/full/entropy/V02_f0000057.jpg,quality/disagreement/V02_f0000057.jpg,,,,"[[206.5229094028473, 163.7793396115303], [531.8819332122803, 165.9988228082657], [542.9142951965332, 240.15733981132507]]",full/triangles/V02_f0000057.svg
V01_f0000049,baseline,baseline,train,V01,1.6333333333333333,21.234,0.9299438368312148,0.33615607809156195,0.28818196058273315,0.04838591068983078,1,0.0,0.08568241469816273,0.8057210965435042,0.8924092409240925,123.75924485154222,372.15698553407816,23028.933747961917,,../../dataset/images/V01_f0000049.png,baseline/overlays/V01_f0000049.jpg,quality/baseline/entropy/V01_f0000049.jpg,quality/disagreement/V01_f0000049.jpg,,,,"[[166.40991246700287, 157.0381186902523], [546.0954965353012, 142.53245294094086], [526.1352998018265, 264.74757492542267]]",baseline/triangles/V01_f0000049.svg
V01_f0000043,directional,directional,train,V01,1.4333333333333333,21.232,0.9165687426556992,0.6097499921774774,0.330060213804245,0.011170304380357265,1,0.0,0.06401699426967913,0.3575809199318569,0.5267913163508596,103.06679886170538,333.4325896211997,17182.914824212872,models_disagree,../../dataset/images/V01_f0000043.png,directional/overlays/V01_f0000043.jpg,quality/directional/entropy/V01_f0000043.jpg,quality/disagreement/V01_f0000043.jpg,,,,"[[168.19927442073822, 170.25170847773552], [510.9390095472336, 172.404482960701], [487.17551958560944, 272.8855758905411]]",directional/triangles/V01_f0000043.svg
V01_f0000094,dino_pyramid,dino_pyramid,test,V01,3.1333333333333333,21.229,0.9218587205667848,0.6421987598458188,0.31437891721725464,0.008286112919449806,1,0.0,0.05948563407126943,0.19176491604144338,0.32181668290489396,115.85542223734215,270.898442105251,15692.52669677102,models_disagree,../../dataset/images/V01_f0000094.png,dino_pyramid/overlays/V01_f0000094.jpg,quality/dino_pyramid/entropy/V01_f0000094.jpg,quality/disagreement/V01_f0000094.jpg,,,,"[[164.4979014992714, 160.4836955666542], [440.3182017803192, 146.47932350635529], [443.3342037200928, 264.5156532526016]]",dino_pyramid/triangles/V01_f0000094.svg
V02_f0000064,unet_small,unet_small,train,V02,2.1333333333333333,21.222,0.9230909422270822,0.399368742910687,0.31164494156837463,0.03888377919793129,1,0.0,0.06896866840731071,0.8674493789348307,0.9290205011389522,112.44736331907369,327.8186574959113,18431.171841106858,models_disagree,../../dataset/images/V02_f0000064.png,unet_small/overlays/V02_f0000064.jpg,quality/unet_small/entropy/V02_f0000064.jpg,quality/disagreement/V02_f0000064.jpg,,,,"[[146.29956007003784, 177.82981729507446], [476.5767288208008, 173.8624633550644], [471.11412048339844, 286.8231647014618]]",unet_small/triangles/V02_f0000064.svg
V02_f0000058,unet_small,unet_small,train,V02,1.9333333333333333,21.22,0.9159454061251664,0.4739374060407271,0.3315325677394867,0.02794542908668518,1,0.0,0.07539105009899173,0.6083877239272323,0.7565187359696081,99.71790342169223,404.31465158299926,20158.70468926433,models_disagree,../../dataset/images/V02_f0000058.png,unet_small/overlays/V02_f0000058.jpg,quality/unet_small/entropy/V02_f0000058.jpg,quality/disagreement/V02_f0000058.jpg,,,,"[[170.57340502738953, 164.30415225028992], [594.595935344696, 160.4692358970642], [566.4474606513977, 256.5215964317322]]",unet_small/triangles/V02_f0000058.svg
V02_f0000038,dino_pyramid,dino_pyramid,train,V02,1.2666666666666668,21.208,0.9176470588235294,0.46460855708945775,0.32434114813804626,0.029433514922857285,1,0.0,0.06219736842105263,0.9381147540983606,0.9680693592725735,107.49516733685977,310.22347681553333,16673.762276054094,models_disagree,../../dataset/images/V02_f0000038.png,dino_pyramid/overlays/V02_f0000038.jpg,quality/dino_pyramid/entropy/V02_f0000038.jpg,quality/disagreement/V02_f0000038.jpg,,,,"[[163.86167764663696, 179.1904736161232], [474.45900678634644, 169.95756083726883], [472.691810131073, 277.50065982341766]]",dino_pyramid/triangles/V02_f0000038.svg
V01_f0000096,unet_small,unet_small,test,V01,3.2,21.172,0.9363340563991324,0.4289195775792039,0.2662750780582428,0.03792082145810127,1,0.0,0.11482268134131428,0.5185256287195239,0.6829329962073325,130.22834639733324,466.34641983273906,30365.76155156707,models_disagree,../../dataset/images/V01_f0000096.png,unet_small/overlays/V01_f0000096.jpg,quality/unet_small/entropy/V01_f0000096.jpg,quality/disagreement/V01_f0000096.jpg,,,,"[[153.13235127925873, 161.38684004545212], [639.9939932823181, 144.59755271673203], [615.1962656974792, 274.94528889656067]]",unet_small/triangles/V01_f0000096.svg
V01_f0000044,directional,directional,train,V01,1.4666666666666668,21.166,0.9230769230769231,0.6534860803153486,0.3109036982059479,0.006836131680756807,1,0.0,0.0737105592516962,0.2993503248375812,0.46076923076923076,112.70297918149497,353.7216310952158,19932.740812684275,models_disagree,../../dataset/images/V01_f0000044.png,directional/overlays/V01_f0000044.jpg,quality/directional/entropy/V01_f0000044.jpg,quality/disagreement/V01_f0000044.jpg,,,,"[[158.62840569019318, 162.00102120637894], [518.4316630363464, 155.2812159061432], [497.25501585006714, 265.43936133384705]]",directional/triangles/V01_f0000044.svg
V01_f0000094,unet_small,unet_small,test,V01,3.1333333333333333,21.156,0.9162365086813703,0.6421987598458188,0.3331412374973297,0.0066579473204910755,1,0.0,0.05249262707826244,0.1183923110528615,0.21171875,105.70019161316753,262.58421493515846,13877.60091661971,models_disagree,../../dataset/images/V01_f0000094.png,unet_small/overlays/V01_f0000094.jpg,quality/unet_small/entropy/V01_f0000094.jpg,quality/disagreement/V01_f0000094.jpg,,,,"[[167.5913863480091, 168.16576570272446], [435.14921140670776, 162.32340037822723], [436.717200756073, 270.03706991672516]]",unet_small/triangles/V01_f0000094.svg
V01_f0000031,baseline,baseline,train,V01,1.0333333333333334,21.154,0.9064367816091954,0.4029560286543527,0.3611506521701813,0.03434748202562332,1,0.0,0.0557258064516129,0.8031700969955051,0.8908422986092889,93.9340657918384,326.48413511071635,15333.991113740745,models_disagree,../../dataset/images/V01_f0000031.png,baseline/overlays/V01_f0000031.jpg,quality/baseline/entropy/V01_f0000031.jpg,quality/disagreement/V01_f0000031.jpg,,,,"[[205.05089515447617, 134.09415632486343], [524.6616635322571, 126.62173435091972], [532.3792359828949, 218.10856461524963]]",baseline/triangles/V01_f0000031.svg
V01_f0000094,baseline,baseline,test,V01,3.1333333333333333,21.132,0.9239057239057239,0.6421987598458188,0.3092051148414612,0.00826228130608797,1,0.0,0.0735617973187034,0.2768441535467893,0.43363812690495984,109.8077037869815,353.9305449208338,19432.150218915936,models_disagree,../../dataset/images/V01_f0000094.png,baseline/overlays/V01_f0000094.jpg,quality/baseline/entropy/V01_f0000094.jpg,quality/disagreement/V01_f0000094.jpg,,,,"[[149.77293959259987, 163.28731924295425], [511.6700586080551, 155.4584875702858], [504.71410381793976, 267.15338230133057]]",baseline/triangles/V01_f0000094.svg
V01_f0000064,dino_linear,dino_linear,train,V01,2.1333333333333333,21.122,0.9184116949822204,0.43009106422340243,0.32886049151420593,0.03349369764328003,1,0.0,0.06335544875143663,0.8008781977854142,0.8894307219336373,103.42449500812977,328.54456235171114,16989.777724446365,models_disagree,../../dataset/images/V01_f0000064.png,dino_linear/overlays/V01_f0000064.jpg,quality/dino_linear/entropy/V01_f0000064.jpg,quality/disagreement/V01_f0000064.jpg,,,,"[[152.8692964911461, 176.41375958919525], [484.74366760253906, 172.20380902290344], [474.9489288330078, 275.6233513355255]]",dino_linear/triangles/V01_f0000064.svg
V02_f0000025,baseline,baseline,train,V02,0.8333333333333334,21.108,0.9238548483045806,0.45948982867816596,0.30920615792274475,0.03097100555896759,1,0.0,0.065308705134764,0.9165823041101437,0.9564758081555039,125.38993295540557,285.89053064933876,17923.897235352953,models_disagree,../../dataset/images/V02_f0000025.png,baseline/overlays/V02_f0000025.jpg,quality/baseline/entropy/V02_f0000025.jpg,quality/disagreement/V02_f0000025.jpg,,,,"[[201.21378421783447, 138.82273477315903], [480.6332302093506, 127.17499279975891], [490.4231071472168, 249.35164260864258]]",baseline/triangles/V02_f0000025.svg
V02_f0000013,full,TopoFiberDINO Coordinate (ours),train,V02,0.43333333333333335,21.081,0.8982289188474756,0.4537323141974305,0.38606294989585876,0.02578785829246044,1,0.0,0.04855405405405405,0.7126816380449141,0.8322406478981874,99.57950133725252,268.22720755455737,13354.965786683279,models_disagree,../../dataset/images/V02_f0000013.png,full/overlays/V02_f0000013.jpg,quality/full/entropy/V02_f0000013.jpg,quality/disagreement/V02_f0000013.jpg,,,,"[[210.67428946495056, 137.8125777244568], [490.5897331237793, 144.7694075703621], [523.1813335418701, 236.1418571472168]]",full/triangles/V02_f0000013.svg
V01_f0000006,baseline,baseline,train,V01,0.2,21.075,0.9201396465197469,0.49734869263119397,0.32425761222839355,0.025239983573555946,1,0.0,0.05794616835247728,0.6471399035148173,0.7857740585774059,118.54558110977987,264.31896266368227,15666.922513650212,models_disagree,../../dataset/images/V01_f0000006.png,baseline/overlays/V01_f0000006.jpg,quality/baseline/entropy/V01_f0000006.jpg,quality/disagreement/V01_f0000006.jpg,,,,"[[193.27556586265564, 127.26563215255737], [458.11646926403046, 121.89894542098045], [474.20584213733673, 238.79539221525192]]",baseline/triangles/V01_f0000006.svg
V01_f0000090,baseline,baseline,val,V01,3.0,21.069,0.9235326791334938,0.4602123546553565,0.3158990442752838,0.03061121329665184,1,0.0,0.06721396250808015,0.820965230928905,0.9016813907096038,110.37873527123644,323.438197642807,17850.34959711062,models_disagree,../../dataset/images/V01_f0000090.png,baseline/overlays/V01_f0000090.jpg,quality/baseline/entropy/V01_f0000090.jpg,quality/disagreement/V01_f0000090.jpg,,,,"[[145.54154860973358, 161.0187292098999], [473.44697165489197, 170.97701132297516], [468.8174271583557, 282.82930701971054]]",baseline/triangles/V01_f0000090.svg
V02_f0000038,full,TopoFiberDINO Coordinate (ours),train,V02,1.2666666666666668,21.063,0.9137585238668271,0.46460855708945775,0.33935320377349854,0.027832910418510437,1,0.0,0.06273684210526316,0.6656145888129055,0.7992420254763659,97.7889491078945,344.0506179825328,16822.174186216776,models_disagree,../../dataset/images/V02_f0000038.png,full/overlays/V02_f0000038.jpg,quality/full/entropy/V02_f0000038.jpg,quality/disagreement/V02_f0000038.jpg,,,,"[[164.85073149204254, 177.5205807685852], [512.6203608512878, 168.31388354301453], [501.068594455719, 265.47534477710724]]",full/triangles/V02_f0000038.svg
V02_f0000079,baseline,baseline,val,V02,2.6333333333333333,21.045,0.9067307692307692,0.3876672327999761,0.3601823151111603,0.03577973321080208,1,0.0,0.06428895661759938,0.5095238095238095,0.6750788643533123,85.98064671114253,396.78524872187285,17057.926145274083,models_disagree,../../dataset/images/V02_f0000079.png,baseline/overlays/V02_f0000079.jpg,quality/baseline/entropy/V02_f0000079.jpg,quality/disagreement/V02_f0000079.jpg,,,,"[[191.25112295150757, 156.08061629533768], [598.0374026298523, 152.00203573703766], [585.4066729545593, 238.16881430149078]]",baseline/triangles/V02_f0000079.svg
V02_f0000021,directional,directional,train,V02,0.7000000000000001,21.021,0.923090492150291,0.48158156928578255,0.31066426634788513,0.027602965012192726,1,0.0,0.0729135928320412,0.5242276932726988,0.6878600823045268,116.56261675166883,342.82613546627886,19980.35572040578,models_disagree,../../dataset/images/V02_f0000021.png,directional/overlays/V02_f0000021.jpg,quality/directional/entropy/V02_f0000021.jpg,quality/disagreement/V02_f0000021.jpg,,,,"[[189.67037916183472, 135.8191033601761], [548.3025026321411, 131.5690405368805], [509.8666763305664, 239.27376866340637]]",directional/triangles/V02_f0000021.svg
V02_f0000014,dino_linear,dino_linear,train,V02,0.4666666666666667,21.006,0.9185896252538306,0.5111111111111111,0.3241143524646759,0.0228252075612545,1,0.0,0.0694286641778932,0.4530050687907314,0.62354231037576,109.87619436615937,351.04037443671047,19285.49020598868,models_disagree,../../dataset/images/V02_f0000014.png,dino_linear/overlays/V02_f0000014.jpg,quality/dino_linear/entropy/V02_f0000014.jpg,quality/disagreement/V02_f0000014.jpg,,,,"[[207.0435655117035, 139.81282889842987], [573.0840110778809, 138.89945316314697], [534.7718524932861, 238.64526414871216]]",dino_linear/triangles/V02_f0000014.svg
V01_f0000094,dino_linear,dino_linear,test,V01,3.1333333333333333,20.996,0.9202074272331884,0.6421987598458188,0.3201330900192261,0.00675052497535944,1,0.0,0.07417996368272611,0.32698121850664225,0.4928196630764982,103.45731743402504,377.74990529574507,19540.4959314274,models_disagree,../../dataset/images/V01_f0000094.png,dino_linear/overlays/V01_f0000094.jpg,quality/dino_linear/entropy/V01_f0000094.jpg,quality/disagreement/V01_f0000094.jpg,,,,"[[156.30271965265274, 163.88795524835587], [542.8642656803131, 160.86407750844955], [534.1418254375458, 265.94191789627075]]",dino_linear/triangles/V01_f0000094.svg
V01_f0000097,dino_pyramid,dino_pyramid,test,V01,3.2333333333333334,20.96,0.9275665134419836,0.542014977359805,0.29509851336479187,0.02075052075088024,1,0.0,0.08893782383419689,0.6806542431961389,0.8099872367581366,115.27655222279722,411.05633673591603,23692.578634124773,models_disagree,../../dataset/images/V01_f0000097.png,dino_pyramid/overlays/V01_f0000097.jpg,quality/dino_pyramid/entropy/V01_f0000097.jpg,quality/disagreement/V01_f0000097.jpg,,,,"[[151.45988175272942, 146.62186056375504], [568.1333590745926, 147.9516550898552], [564.0427609682083, 264.673188328743]]",dino_pyramid/triangles/V01_f0000097.svg
V01_f0000030,full,TopoFiberDINO Coordinate (ours),train,V01,1.0,20.955,0.9260869565217391,0.4486028575041092,0.3005742132663727,0.032069869339466095,1,0.0,0.0821712619300106,0.5755134917438582,0.7305725971370143,116.72615625657996,383.32216635579965,22371.8615433289,models_disagree,../../dataset/images/V01_f0000030.png,full/overlays/V01_f0000030.jpg,quality/full/entropy/V01_f0000030.jpg,quality/disagreement/V01_f0000030.jpg,,,,"[[177.83749896287918, 132.08390772342682], [564.5314090251923, 124.29458275437355], [544.1792149543762, 237.97933012247086]]",full/triangles/V01_f0000030.svg
V01_f0000009,unet_small,unet_small,train,V01,0.3,20.952,0.9112636062470422,0.4887463791687966,0.3502110540866852,0.023702073842287064,1,0.0,0.053349234744583585,0.7674418604651163,0.868421052631579,99.04039289062517,293.9560634474257,14556.762008207292,models_disagree,../../dataset/images/V01_f0000009.png,unet_small/overlays/V01_f0000009.jpg,quality/unet_small/entropy/V01_f0000009.jpg,quality/disagreement/V01_f0000009.jpg,,,,"[[201.69676554203033, 129.3243058025837], [492.45769369602203, 122.31113389134407], [496.84818375110626, 220.1840579509735]]",unet_small/triangles/V01_f0000009.svg
V02_f0000043,dino_linear,dino_linear,train,V02,1.4333333333333333,20.936,0.9186630602782071,0.5603015873015873,0.32532748579978943,0.01634114608168602,1,0.0,0.06538258575197889,0.4756011315417256,0.6446201773304577,105.16599868209433,334.23252177044264,17574.948472011718,models_disagree,../../dataset/images/V02_f0000043.png,dino_linear/overlays/V02_f0000043.jpg,quality/dino_linear/entropy/V02_f0000043.jpg,quality/disagreement/V02_f0000043.jpg,,,,"[[153.36235105991364, 175.37679052352905], [487.6947069168091, 174.28536748886108], [481.5694999694824, 279.1047797203064]]",dino_linear/triangles/V02_f0000043.svg
V02_f0000035,directional,directional,train,V02,1.1666666666666667,20.929,0.9199303742384682,0.6140193483754243,0.320968359708786,0.009876172989606857,1,0.0,0.0726930765993266,0.31661346709226323,0.48095128145924726,107.40544938198752,362.774430175348,19481.975348638854,models_disagree,../../dataset/images/V02_f0000035.png,directional/overlays/V02_f0000035.jpg,quality/directional/entropy/V02_f0000035.jpg,quality/disagreement/V02_f0000035.jpg,,,,"[[178.87598991394043, 159.5575543642044], [559.7885298728943, 154.98637330532074], [528.3746266365051, 257.74474370479584]]",directional/triangles/V02_f0000035.svg
V01_f0000016,dino_linear,dino_linear,train,V01,0.5333333333333333,20.918,0.9143147208121828,0.6151190228329516,0.3363199532032013,0.008419848047196865,1,0.0,0.06307486631016043,0.3880305104635243,0.5591094828800902,103.94120931419056,332.14982918230623,17262.027459355366,models_disagree,../../dataset/images/V01_f0000016.png,dino_linear/overlays/V01_f0000016.jpg,quality/dino_linear/entropy/V01_f0000016.jpg,quality/disagreement/V01_f0000016.jpg,,,,"[[190.95395064353943, 145.29068022966385], [535.3699638843536, 141.62662625312805], [503.6545422077179, 238.66604268550873]]",dino_linear/triangles/V01_f0000016.svg
V01_f0000014,full,TopoFiberDINO Coordinate (ours),train,V01,0.4666666666666667,20.892,0.9050894085281981,0.5140287671606758,0.3688808083534241,0.018853560090065002,1,0.0,0.056078167115902966,0.48454417072022593,0.6527851178522355,107.74873196679142,286.5245080035823,15436.326207397387,models_disagree,../../dataset/images/V01_f0000014.png,full/overlays/V01_f0000014.jpg,quality/full/entropy/V01_f0000014.jpg,quality/disagreement/V01_f0000014.jpg,,,,"[[213.61364942789078, 144.7528637945652], [516.6494936943054, 143.66445690393448], [557.6475801467896, 240.4245212674141]]",full/triangles/V01_f0000014.svg
V02_f0000096,directional,directional,test,V02,3.2,20.884,0.9284216412693974,0.4813175597309209,0.29231584072113037,0.028152577579021454,1,0.0,0.08856450198586682,0.5144598337950138,0.6793971319871233,115.96864548510084,402.5512901856841,23341.663930556773,models_disagree,../../dataset/images/V02_f0000096.png,directional/overlays/V02_f0000096.jpg,quality/directional/entropy/V02_f0000096.jpg,quality/disagreement/V02_f0000096.jpg,,,,"[[160.18664360046387, 142.2516444325447], [579.5522332191467, 141.2911319732666], [555.9706521034241, 257.2519314289093]]",directional/triangles/V02_f0000096.svg
V01_f0000064,dino_pyramid,dino_pyramid,train,V01,2.1333333333333333,20.88,0.9255167498218104,0.43009106422340243,0.30224329233169556,0.033881302922964096,1,0.0,0.07057778706509246,0.8478904515173945,0.917684758662127,119.31911437806114,317.03392618680766,18914.10365020475,models_disagree,../../dataset/images/V01_f0000064.png,dino_pyramid/overlays/V01_f0000064.jpg,quality/dino_pyramid/entropy/V01_f0000064.jpg,quality/disagreement/V01_f0000064.jpg,,,,"[[147.63744568824768, 175.07076635956764], [466.5116456747055, 164.1843058168888], [463.11373603343964, 283.983439207077]]",dino_pyramid/triangles/V01_f0000064.svg
V01_f0000038,directional,directional,train,V01,1.2666666666666668,20.878,0.9223901098901099,0.5873578745919171,0.3124789297580719,0.013505658134818077,1,0.0,0.07424728075245651,0.2700636942675159,0.42527582748244735,112.73073414916672,353.1041512388045,19902.845100134415,models_disagree,../../dataset/images/V01_f0000038.png,directional/overlays/V01_f0000038.jpg,quality/directional/entropy/V01_f0000038.jpg,quality/disagreement/V01_f0000038.jpg,,,,"[[176.20942133665085, 162.20317035913467], [546.1055362224579, 161.01014614105225], [512.6373150348663, 268.56929808855057]]",directional/triangles/V01_f0000038.svg
V02_f0000088,unet_small,unet_small,val,V02,2.9333333333333336,20.873,0.9245522493301368,0.42651469706058787,0.3059341311454773,0.03407466039061546,1,0.0,0.08883337886889661,0.7161465400271371,0.8345983554712207,109.18663713574145,431.98813858857886,23583.666067507773,models_disagree,../../dataset/images/V02_f0000088.png,unet_small/overlays/V02_f0000088.jpg,quality/unet_small/entropy/V02_f0000088.jpg,quality/disagreement/V02_f0000088.jpg,,,,"[[143.54026794433594, 182.08734798431396], [589.1155529022217, 171.58578968048096], [569.5492172241211, 280.2038266658783]]",unet_small/triangles/V02_f0000088.svg
V02_f0000035,full,TopoFiberDINO Coordinate (ours),train,V02,1.1666666666666667,20.87,0.9075862068965517,0.6140193483754243,0.36139732599258423,0.006802164018154144,1,0.0,0.054661195286195285,0.3459479416651283,0.5140584281991496,101.09031774031314,289.7567935121531,14645.80316177893,models_disagree,../../dataset/images/V02_f0000035.png,full/overlays/V02_f0000035.jpg,quality/full/entropy/V02_f0000035.jpg,quality/disagreement/V02_f0000035.jpg,,,,"[[184.38945472240448, 155.7130635380745], [485.72638750076294, 152.75235563516617], [514.3139576911926, 249.76279878616333]]",full/triangles/V02_f0000035.svg
V01_f0000050,dino_pyramid,dino_pyramid,train,V01,1.6666666666666667,20.839,0.939135317237507,0.3894638847817754,0.255695104598999,0.041819144040346146,1,0.0,0.11408970976253298,0.9282691022499443,0.9628003696857671,145.464132675411,422.68221288212845,30742.550747111127,models_disagree,../../dataset/images/V01_f0000050.png,dino_pyramid/overlays/V01_f0000050.jpg,quality/dino_pyramid/entropy/V01_f0000050.jpg,quality/disagreement/V01_f0000050.jpg,,,,"[[179.66389787197113, 130.0262287259102], [601.025821685791, 121.82281538844109], [598.204719543457, 266.7226865887642]]",dino_pyramid/triangles/V01_f0000050.svg
V01_f0000025,unet_small,unet_small,train,V01,0.8333333333333334,20.833,0.921311475409836,0.5225851986287559,0.3159630298614502,0.021138489246368408,1,0.0,0.06723153932296234,0.816742944317315,0.8991287918547287,116.97197351525469,317.39622001892144,18563.231120947614,models_disagree,../../dataset/images/V01_f0000025.png,unet_small/overlays/V01_f0000025.jpg,quality/unet_small/entropy/V01_f0000025.jpg,quality/disagreement/V01_f0000025.jpg,,,,"[[185.08640283346176, 136.3726258277893], [494.1310747861862, 132.6792687177658], [498.1088887453079, 246.48193269968033]]",unet_small/triangles/V01_f0000025.svg
V02_f0000030,dino_linear,dino_linear,train,V02,1.0,20.828,0.9257195914577531,0.5371718663899734,0.3013557195663452,0.02028135396540165,1,0.0,0.08287234042553192,0.40485698866702646,0.5763675476336816,117.8029013564866,381.3770517945374,22463.661606089787,models_disagree,../../dataset/images/V02_f0000030.png,dino_linear/overlays/V02_f0000030.jpg,quality/dino_linear/entropy/V02_f0000030.jpg,quality/disagreement/V02_f0000030.jpg,,,,"[[192.13850140571594, 132.48023164272308], [586.5205836296082, 134.67366647720337], [552.0813775062561, 246.05447947978973]]",dino_linear/triangles/V02_f0000030.svg
V01_f0000094,full,TopoFiberDINO Coordinate (ours),test,V01,3.1333333333333333,20.801,0.9268542949281735,0.6421987598458188,0.29806405305862427,0.007271872833371162,1,0.0,0.08463727800744375,0.5265469061876248,0.6898535564853556,120.13464621824848,372.0523188931708,22348.18685245502,models_disagree,../../dataset/images/V01_f0000094.png,full/overlays/V01_f0000094.jpg,quality/full/entropy/V01_f0000094.jpg,quality/disagreement/V01_f0000094.jpg,,,,"[[158.1330145597458, 148.8729491829872], [541.086741566658, 143.1107148528099], [560.1519576311111, 264.0532851219177]]",full/triangles/V01_f0000094.svg
V02_f0000032,dino_linear,dino_linear,train,V02,1.0666666666666667,20.781,0.9163391353172375,0.5536121983039792,0.33123302459716797,0.01588183268904686,1,0.0,0.06777263202850775,0.4686530105524519,0.6382079459002535,101.67125079346665,365.09402939961444,18559.783313142743,models_disagree,../../dataset/images/V02_f0000032.png,dino_linear/overlays/V02_f0000032.jpg,quality/dino_linear/entropy/V02_f0000032.jpg,quality/disagreement/V02_f0000032.jpg,,,,"[[193.2759189605713, 137.34833282232285], [561.8550825119019, 138.55038058757782], [539.801173210144, 236.29154884815216]]",dino_linear/triangles/V02_f0000032.svg
V01_f0000091,unet_small,unet_small,val,V01,3.0333333333333337,20.747,0.9234920023125843,0.3999728555917481,0.3171234130859375,0.036525990813970566,1,0.0,0.06468470560910464,0.4379111842105263,0.6090935087217615,108.91194065176202,313.818556131931,17089.29398043126,models_disagree,../../dataset/images/V01_f0000091.png,unet_small/overlays/V01_f0000091.jpg,quality/unet_small/entropy/V01_f0000091.jpg,quality/disagreement/V01_f0000091.jpg,,,,"[[169.08046925067902, 162.25263476371765], [489.59603321552277, 156.40365332365036], [480.6510215997696, 266.75015687942505]]",unet_small/triangles/V01_f0000091.svg
V01_f0000016,directional,directional,train,V01,0.5333333333333333,20.734,0.919180421172453,0.6151190228329516,0.32577821612358093,0.008597084321081638,1,0.0,0.06768716577540107,0.3486770569046756,0.5170653050255307,109.5288194266807,338.31522989631804,18527.633862304894,models_disagree,../../dataset/images/V01_f0000016.png,directional/overlays/V01_f0000016.jpg,quality/directional/entropy/V01_f0000016.jpg,quality/disagreement/V01_f0000016.jpg,,,,"[[196.78461134433746, 144.84220370650291], [549.6146816015244, 138.69068026542664], [515.1750582456589, 240.60791730880737]]",directional/triangles/V01_f0000016.svg
V02_f0000014,full,TopoFiberDINO Coordinate (ours),train,V02,0.4666666666666667,20.734,0.9072052401746725,0.5111111111111111,0.3584393858909607,0.018902795389294624,1,0.0,0.059148947681653415,0.40245009074410165,0.5739242963442251,94.03310512137618,346.91187907126056,16310.600596280992,models_disagree,../../dataset/images/V02_f0000014.png,full/overlays/V02_f0000014.jpg,quality/full/entropy/V02_f0000014.jpg,quality/disagreement/V02_f0000014.jpg,,,,"[[208.71886253356934, 141.79290568828583], [546.2434601783752, 147.4411313533783], [547.9596877098083, 238.86878740787506]]",full/triangles/V02_f0000014.svg
V02_f0000022,full,TopoFiberDINO Coordinate (ours),train,V02,0.7333333333333334,20.722,0.9220085470085471,0.5079322914360768,0.31819459795951843,0.022569233551621437,1,0.0,0.07234556308270172,0.6275826446280992,0.7711837511900984,126.02341379148022,314.18778229606073,19797.508448261982,models_disagree,../../dataset/images/V02_f0000022.png,full/overlays/V02_f0000022.jpg,quality/full/entropy/V02_f0000022.jpg,quality/disagreement/V02_f0000022.jpg,,,,"[[182.25817680358887, 144.95056462287903], [503.97623777389526, 134.92605805397034], [543.2922577857971, 252.13022375106812]]",full/triangles/V02_f0000022.svg
V01_f0000009,directional,directional,train,V01,0.3,20.712,0.9200163231993471,0.4887463791687966,0.320014625787735,0.024472782388329506,1,0.0,0.06233353210097396,0.4996232102486812,0.6663316582914572,113.56382941040168,299.040364864566,16980.084491151927,models_disagree,../../dataset/images/V01_f0000009.png,directional/overlays/V01_f0000009.jpg,quality/directional/entropy/V01_f0000009.jpg,quality/disagreement/V01_f0000009.jpg,,,,"[[213.98886400461197, 141.12629368901253], [524.754168510437, 132.21769407391548], [493.2682111263275, 240.05305767059326]]",directional/triangles/V01_f0000009.svg
V01_f0000042,dino_pyramid,dino_pyramid,train,V01,1.4000000000000001,20.704,0.9239928557253423,0.46778336125069797,0.30817171931266785,0.027944566681981087,1,0.0,0.06355559638324956,0.938374214473951,0.9682074879732273,119.93023006889194,285.3891722048324,17113.394540848087,models_disagree,../../dataset/images/V01_f0000042.png,dino_pyramid/overlays/V01_f0000042.jpg,quality/dino_pyramid/entropy/V01_f0000042.jpg,quality/disagreement/V01_f0000042.jpg,,,,"[[150.60441049933434, 171.0687093436718], [436.41456162929535, 167.8866595029831], [431.16105806827545, 287.70482540130615]]",dino_pyramid/triangles/V01_f0000042.svg
V01_f0000006,unet_small,unet_small,train,V01,0.2,20.676,0.9270100037050759,0.49734869263119397,0.29807743430137634,0.024788742884993553,1,0.0,0.06860172229621912,0.7916018662519441,0.8836805555555556,129.56743119780475,286.24047187385224,18543.72132277126,models_disagree,../../dataset/images/V01_f0000006.png,unet_small/overlays/V01_f0000006.jpg,quality/unet_small/entropy/V01_f0000006.jpg,quality/disagreement/V01_f0000006.jpg,,,,"[[193.57892924547195, 123.07839095592499], [478.59932911396027, 117.92828142642975], [485.0746775865555, 246.7351108789444]]",unet_small/triangles/V01_f0000006.svg
V02_f0000029,directional,directional,train,V02,0.9666666666666667,20.656,0.9239723535831211,0.6166563552622535,0.3106185495853424,0.009091852232813835,1,0.0,0.07129292821226062,0.29190505173463177,0.45189861490624705,115.81983423078506,334.1924487984147,19353.057010506258,models_disagree,../../dataset/images/V02_f0000029.png,directional/overlays/V02_f0000029.jpg,quality/directional/entropy/V02_f0000029.jpg,quality/disagreement/V02_f0000029.jpg,,,,"[[189.9787974357605, 133.71026718616486], [531.4708757400513, 132.68870770931244], [501.24958992004395, 242.6339293718338]]",directional/triangles/V02_f0000029.svg
V02_f0000025,unet_small,unet_small,train,V02,0.8333333333333334,20.654,0.9206287599456627,0.45948982867816596,0.32177451252937317,0.027974681928753853,1,0.0,0.06646651767683567,0.7510540788267644,0.8578308207705193,112.97490889360907,323.36992372369644,18266.34383580896,models_disagree,../../dataset/images/V02_f0000025.png,unet_small/overlays/V02_f0000025.jpg,quality/unet_small/entropy/V02_f0000025.jpg,quality/disagreement/V02_f0000025.jpg,,,,"[[173.89462172985077, 143.82157933712006], [490.34855604171753, 137.06886744499207], [498.4738755226135, 247.20214557647705]]",unet_small/triangles/V02_f0000025.svg
V02_f0000094,directional,directional,test,V02,3.1333333333333333,20.641,0.9275574418264305,0.6613691792864841,0.2904170751571655,0.004233872052282095,1,0.0,0.08522153455731932,0.3611605553577786,0.5306656205047731,119.03539216843333,378.53458231710914,22529.5062277156,models_disagree,../../dataset/images/V02_f0000094.png,directional/overlays/V02_f0000094.jpg,quality/directional/entropy/V02_f0000094.jpg,quality/disagreement/V02_f0000094.jpg,,,,"[[151.4692211151123, 152.88658773899078], [540.909526348114, 145.93271160125732], [523.8052296638489, 265.64119827747345]]",directional/triangles/V02_f0000094.svg
V02_f0000044,full,TopoFiberDINO Coordinate (ours),train,V02,1.4666666666666668,20.626,0.919251134644478,0.632554290977784,0.3256847560405731,0.005893852561712265,1,0.0,0.06669736842105263,0.25299643666990607,0.40382626680455014,104.26584711132394,344.4866286883435,17959.09507935712,models_disagree,../../dataset/images/V02_f0000044.png,full/overlays/V02_f0000044.jpg,quality/full/entropy/V02_f0000044.jpg,quality/disagreement/V02_f0000044.jpg,,,,"[[172.05420076847076, 168.398315012455], [518.1136107444763, 157.49004781246185], [509.47489500045776, 261.23769867420197]]",full/triangles/V02_f0000044.svg
V01_f0000050,unet_small,unet_small,train,V01,1.6666666666666667,20.624,0.934827881906162,0.3894638847817754,0.27331721782684326,0.03977179899811745,1,0.0,0.10420844327176781,0.8757644394110985,0.9337680371913301,130.19644021537192,431.7919674122815,28108.888535335464,models_disagree,../../dataset/images/V01_f0000050.png,unet_small/overlays/V01_f0000050.jpg,quality/unet_small/entropy/V01_f0000050.jpg,quality/disagreement/V01_f0000050.jpg,,,,"[[162.40744882822037, 136.01354509592056], [593.3264805078506, 123.20266664028168], [588.748882651329, 252.83785164356232]]",unet_small/triangles/V01_f0000050.svg
V02_f0000082,baseline,baseline,val,V02,2.7333333333333334,20.593,0.9113660062565172,0.5475136082664454,0.349300354719162,0.014582001604139805,1,0.0,0.05952908082202485,0.38839941262848754,0.5594923320994183,94.64481900915501,334.17761488788454,15814.08993898747,models_disagree,../../dataset/images/V02_f0000082.png,baseline/overlays/V02_f0000082.jpg,quality/baseline/entropy/V02_f0000082.jpg,quality/disagreement/V02_f0000082.jpg,,,,"[[181.81963205337524, 159.44640576839447], [519.9388360977173, 164.47462022304535], [523.1549978256226, 260.07966673374176]]",baseline/triangles/V02_f0000082.svg
V01_f0000037,baseline,baseline,train,V01,1.2333333333333334,20.57,0.9132133152173914,0.4912670162411809,0.3424958288669586,0.02191222831606865,1,0.0,0.0743217399332621,0.8004459308807135,0.8891640866873065,94.77211220974337,423.3677060892351,20061.725873735322,models_disagree,../../dataset/images/V01_f0000037.png,baseline/overlays/V01_f0000037.jpg,quality/baseline/entropy/V01_f0000037.jpg,quality/disagreement/V01_f0000037.jpg,,,,"[[202.2546924352646, 171.24371230602264], [633.5982630252838, 165.27945175766945], [614.9075622558594, 257.79104232788086]]",baseline/triangles/V01_f0000037.svg
V02_f0000064,baseline,baseline,train,V02,2.1333333333333333,20.569,0.9182692307692307,0.399368742910687,0.32549890875816345,0.03453335538506508,1,0.0,0.06006527415143603,0.7752673335632977,0.8734091129894103,107.40036434749015,298.67621669064545,16038.96724725262,models_disagree,../../dataset/images/V02_f0000064.png,baseline/overlays/V02_f0000064.jpg,quality/baseline/entropy/V02_f0000064.jpg,quality/disagreement/V02_f0000064.jpg,,,,"[[155.03737270832062, 177.00878673791885], [455.7158374786377, 170.21567034721375], [452.8350305557251, 278.19398987293243]]",baseline/triangles/V02_f0000064.svg
V02_f0000094,full,TopoFiberDINO Coordinate (ours),test,V02,3.1333333333333333,20.567,0.9331048663468129,0.6613691792864841,0.2761628329753876,0.00511258514598012,1,0.0,0.09128104202812233,0.47653395784543323,0.6454764623778708,128.31539687373547,376.0598652289045,24127.13542756518,models_disagree,../../dataset/images/V02_f0000094.png,full/overlays/V02_f0000094.jpg,quality/full/entropy/V02_f0000094.jpg,quality/disagreement/V02_f0000094.jpg,,,,"[[161.99611008167267, 144.89131212234497], [546.1492323875427, 133.7015843987465], [535.7228922843933, 263.63546323776245]]",full/triangles/V02_f0000094.svg
V02_f0000081,baseline,baseline,val,V02,2.7,20.562,0.9061642126279011,0.4599307192967136,0.3621153235435486,0.024204812943935394,1,0.0,0.04942422786815013,0.1980971797485559,0.33068633011911513,92.34512583067729,283.9400795057018,13110.241185163273,models_disagree,../../dataset/images/V02_f0000081.png,baseline/overlays/V02_f0000081.jpg,quality/baseline/entropy/V02_f0000081.jpg,quality/disagreement/V02_f0000081.jpg,,,,"[[177.8151512145996, 154.50216579437256], [466.4171004295349, 156.61976277828217], [472.98370599746704, 249.9706952571869]]",baseline/triangles/V02_f0000081.svg
V02_f0000082,full,TopoFiberDINO Coordinate (ours),val,V02,2.7333333333333334,20.559,0.8889163780306779,0.5475136082664454,0.4061696529388428,0.00936187244951725,1,0.0,0.049436095121506526,0.4134915677701437,0.5850640742377375,101.9628609114384,257.653096680566,13135.523430120971,models_disagree,../../dataset/images/V02_f0000082.png,full/overlays/V02_f0000082.jpg,quality/full/entropy/V02_f0000082.jpg,quality/disagreement/V02_f0000082.jpg,,,,"[[167.11415112018585, 164.25767314434052], [483.39632749557495, 164.56799083948135], [541.7990326881409, 249.47723650932312]]",full/triangles/V02_f0000082.svg
V01_f0000082,full,TopoFiberDINO Coordinate (ours),val,V01,2.7333333333333334,20.514,0.8901212277534176,0.5431880376770838,0.417220801115036,0.009948788210749626,1,0.0,0.04654972889333871,0.417138680796638,0.5887055183084065,112.04477518656843,223.78833021528868,12537.15657417478,models_disagree,../../dataset/images/V01_f0000082.png,full/overlays/V01_f0000082.jpg,quality/full/entropy/V01_f0000082.jpg,quality/disagreement/V01_f0000082.jpg,,,,"[[172.04991900920868, 162.86950930953026], [473.54462134838104, 162.1624454855919], [548.6319910287857, 246.85513973236084]]",full/triangles/V01_f0000082.svg
V02_f0000021,full,TopoFiberDINO Coordinate (ours),train,V02,0.7000000000000001,20.506,0.9107596172622535,0.48158156928578255,0.3502265512943268,0.022251127287745476,1,0.0,0.06568393379295544,0.8573740643334008,0.923210979196166,93.98741607587372,382.08376357945775,17955.532831689132,models_disagree,../../dataset/images/V02_f0000021.png,full/overlays/V02_f0000021.jpg,quality/full/entropy/V02_f0000021.jpg,quality/disagreement/V02_f0000021.jpg,,,,"[[195.5326795578003, 151.9773360490799], [571.908917427063, 147.88171315193176], [564.5673608779907, 239.79830265045166]]",full/triangles/V02_f0000021.svg
V01_f0000083,dino_linear,dino_linear,val,V01,2.7666666666666666,20.491,0.9210896309314587,0.5652554164182071,0.31765440106391907,0.014045235700905323,1,0.0,0.07081264020539685,0.5872770919067215,0.7399805552554823,105.76753844305709,355.47081449680365,18798.63651883775,models_disagree,../../dataset/images/V01_f0000083.png,dino_linear/overlays/V01_f0000083.jpg,quality/dino_linear/entropy/V01_f0000083.jpg,quality/disagreement/V01_f0000083.jpg,,,,"[[154.0819508433342, 177.20981687307358], [515.7127559185028, 173.41520637273788], [507.0266783237457, 280.21734952926636]]",dino_linear/triangles/V01_f0000083.svg
V02_f0000003,full,TopoFiberDINO Coordinate (ours),train,V02,0.1,20.454,0.9336825964732941,0.4355698428398725,0.2729259133338928,0.032900888472795486,1,0.0,0.09827122650699432,0.6153744551578392,0.7618969746524938,136.3372656843367,381.5393829007639,26009.01810778966,models_disagree,../../dataset/images/V02_f0000003.png,full/overlays/V02_f0000003.jpg,quality/full/entropy/V02_f0000003.jpg,quality/disagreement/V02_f0000003.jpg,,,,"[[161.5379387140274, 129.73561257123947], [587.2152256965637, 117.2165378332138], [533.0738997459412, 244.3673882484436]]",full/triangles/V02_f0000003.svg
V01_f0000100,directional,directional,test,V01,3.3333333333333335,20.44,0.9237834353851112,0.5450374410249752,0.3081653416156769,0.016919182613492012,1,0.0,0.07726077778785014,0.3893777498428661,0.5605066726984845,110.2489336725144,372.801770366426,20550.498827062023,models_disagree,../../dataset/images/V01_f0000100.png,directional/overlays/V01_f0000100.jpg,quality/directional/entropy/V01_f0000100.jpg,quality/disagreement/V01_f0000100.jpg,,,,"[[155.75810408592224, 159.22768414020538], [538.0319294929504, 166.51368141174316], [518.3520448207855, 276.42589062452316]]",directional/triangles/V01_f0000100.svg
V02_f0000034,directional,directional,train,V02,1.1333333333333333,20.432,0.9209615734838827,0.4940905762995502,0.32295727729797363,0.022615978494286537,1,0.0,0.06949145845132569,0.5455810716771051,0.7059882935614588,106.57716715356214,350.87946010504794,18697.869435183668,models_disagree,../../dataset/images/V02_f0000034.png,directional/overlays/V02_f0000034.jpg,quality/directional/entropy/V02_f0000034.jpg,quality/disagreement/V02_f0000034.jpg,,,,"[[186.19071006774902, 158.48427712917328], [551.3821792602539, 152.21053409576416], [522.8566932678223, 254.66196405887604]]",directional/triangles/V02_f0000034.svg
V01_f0000010,baseline,baseline,train,V01,0.33333333333333337,20.425,0.9020833333333333,0.45385268252162453,0.38077297806739807,0.023362696170806885,1,0.0,0.048773333333333335,0.5499629903774982,0.7096466093600764,85.8534916295124,309.7170386360092,13295.144592026993,models_disagree,../../dataset/images/V01_f0000010.png,baseline/overlays/V01_f0000010.jpg,quality/baseline/entropy/V01_f0000010.jpg,quality/disagreement/V01_f0000010.jpg,,,,"[[221.95313304662704, 144.33809369802475], [526.7823851108551, 137.08684220910072], [528.0154185295105, 221.59677743911743]]",baseline/triangles/V01_f0000010.svg
V01_f0000081,dino_linear,dino_linear,val,V01,2.7,20.424,0.9176581680830973,0.4573724668064291,0.3281550109386444,0.02641991153359413,1,0.0,0.06547803617571059,0.25244043245512754,0.403117666778411,102.6965241218431,338.62812110439455,17387.96550366593,models_disagree,../../dataset/images/V01_f0000081.png,dino_linear/overlays/V01_f0000081.jpg,quality/dino_linear/entropy/V01_f0000081.jpg,quality/disagreement/V01_f0000081.jpg,,,,"[[157.35932180285454, 168.6176061630249], [501.04252529144287, 165.2984842658043], [503.27023696899414, 269.5019692182541]]",dino_linear/triangles/V01_f0000081.svg
V01_f0000096,directional,directional,test,V01,3.2,20.42,0.9281411962459728,0.4289195775792039,0.2915293872356415,0.03231696039438248,1,0.0,0.08839544313574049,0.5351248884924175,0.6971744025568388,116.48147468218275,401.91070990239194,23407.576089996783,models_disagree,../../dataset/images/V01_f0000096.png,directional/overlays/V01_f0000096.jpg,quality/directional/entropy/V01_f0000096.jpg,quality/disagreement/V01_f0000096.jpg,,,,"[[161.3312792778015, 141.39143005013466], [577.9494758844376, 142.97810196876526], [555.6474846601486, 259.5431059598923]]",directional/triangles/V01_f0000096.svg
V02_f0000026,dino_linear,dino_linear,train,V02,0.8666666666666667,20.417,0.9284785435630689,0.41736168645862104,0.29100021719932556,0.0338209792971611,1,0.0,0.08981405209782183,0.5894186458702588,0.7416782826874826,125.43021815747807,394.51565048223875,24742.092053263288,models_disagree,../../dataset/images/V02_f0000026.png,dino_linear/overlays/V02_f0000026.jpg,quality/dino_linear/entropy/V02_f0000026.jpg,quality/disagreement/V02_f0000026.jpg,,,,"[[200.10918617248535, 132.44188916683197], [606.4050507545471, 127.82795178890228], [568.3529448509216, 244.0664666891098]]",dino_linear/triangles/V02_f0000026.svg
V01_f0000042,unet_small,unet_small,train,V01,1.4000000000000001,20.342,0.9183450087565674,0.46778336125069797,0.3247396647930145,0.024865252897143364,1,0.0,0.057676408446083384,0.7797305213825425,0.8762343647136274,111.2201398528694,278.83381976544223,15505.968215011131,models_disagree,../../dataset/images/V01_f0000042.png,unet_small/overlays/V01_f0000042.jpg,quality/unet_small/entropy/V01_f0000042.jpg,quality/disagreement/V01_f0000042.jpg,,,,"[[168.43373358249664, 169.34600472450256], [447.5583646297455, 166.77960008382797], [443.4635708332062, 277.9271677136421]]",unet_small/triangles/V01_f0000042.svg
V02_f0000016,directional,directional,train,V02,0.5333333333333333,20.337,0.921038100496963,0.6120811287477954,0.3177817463874817,0.007407665718346834,1,0.0,0.07038190372197732,0.2990051584377303,0.46036023259112185,113.78896202166402,339.98133084237264,19343.061371648764,models_disagree,../../dataset/images/V02_f0000016.png,directional/overlays/V02_f0000016.jpg,quality/directional/entropy/V02_f0000016.jpg,quality/disagreement/V02_f0000016.jpg,,,,"[[199.10892963409424, 144.6011911034584], [549.3338513374329, 135.942312002182], [516.3303923606873, 241.98629820346832]]",directional/triangles/V02_f0000016.svg
V01_f0000047,dino_pyramid,dino_pyramid,train,V01,1.5666666666666667,20.329,0.9172456068655497,0.3908509645728712,0.32561224699020386,0.0341673269867897,1,0.0,0.0615336192312232,0.8393719806763285,0.912672357189757,106.86126602278497,309.7237371795046,16548.73533615509,models_disagree,../../dataset/images/V01_f0000047.png,dino_pyramid/overlays/V01_f0000047.jpg,quality/dino_pyramid/entropy/V01_f0000047.jpg,quality/disagreement/V01_f0000047.jpg,,,,"[[185.7380084991455, 158.77298265695572], [496.14675426483154, 153.29215675592422], [491.87953758239746, 260.14383137226105]]",dino_pyramid/triangles/V01_f0000047.svg
V02_f0000005,baseline,baseline,train,V02,0.16666666666666669,20.311,0.9347738014854828,0.3816138335984687,0.2707434296607971,0.039176713675260544,1,0.0,0.09426315789473684,0.7111298889425398,0.8311816578483245,137.30114297135992,368.5116703627004,25298.536769541894,models_disagree,../../dataset/images/V02_f0000005.png,baseline/overlays/V02_f0000005.jpg,quality/baseline/entropy/V02_f0000005.jpg,quality/disagreement/V02_f0000005.jpg,,,,"[[181.98450565338135, 128.0377207994461], [550.315432548523, 117.14373171329498], [553.9838075637817, 254.3879714012146]]",baseline/triangles/V02_f0000005.svg
V01_f0000009,dino_pyramid,dino_pyramid,train,V01,0.3,20.299,0.9228357429019335,0.4887463791687966,0.30892908573150635,0.023037901148200035,1,0.0,0.07338501291989664,0.9315780046569945,0.9645771513353115,115.45394853301637,345.78638253096676,19961.201606074075,models_disagree,../../dataset/images/V01_f0000009.png,dino_pyramid/overlays/V01_f0000009.jpg,quality/dino_pyramid/entropy/V01_f0000009.jpg,quality/disagreement/V01_f0000009.jpg,,,,"[[157.82415682077408, 115.25087803602219], [499.9244737625122, 110.20820215344429], [499.0843367576599, 224.41285103559494]]",dino_pyramid/triangles/V01_f0000009.svg
V01_f0000006,dino_linear,dino_linear,train,V01,0.2,20.288,0.9126778783958602,0.49734869263119397,0.3468770980834961,0.019623443484306335,1,0.0,0.058473671022959556,0.4676654945726953,0.6372916666666667,96.42281402661384,327.9618779586904,15811.503583114914,models_disagree,../../dataset/images/V01_f0000006.png,dino_linear/overlays/V01_f0000006.jpg,quality/dino_linear/entropy/V01_f0000006.jpg,quality/disagreement/V01_f0000006.jpg,,,,"[[204.135335624218, 131.18622824549675], [534.4449640512466, 137.17950135469437], [517.9935630559921, 231.73686861991882]]",dino_linear/triangles/V01_f0000006.svg
V02_f0000040,dino_pyramid,dino_pyramid,train,V02,1.3333333333333335,20.277,0.9192294096854012,0.2506349690135122,0.3234189450740814,0.0518801212310791,1,0.0,0.07184560921483674,0.8758011432530747,0.9337889001754548,105.51690431450716,366.25804528159193,19323.207559198083,temporal_change,../../dataset/images/V02_f0000040.png,dino_pyramid/overlays/V02_f0000040.jpg,quality/dino_pyramid/entropy/V02_f0000040.jpg,quality/disagreement/V02_f0000040.jpg,,,,"[[151.55339777469635, 172.80829048156738], [516.4422941207886, 163.26502656936646], [517.4689865112305, 268.40430867671967]]",dino_pyramid/triangles/V02_f0000040.svg
V02_f0000048,dino_pyramid,dino_pyramid,train,V02,1.6,20.263,0.9253264417845484,0.4000680518511201,0.2994486391544342,0.0345064140856266,1,0.0,0.0929002624671916,0.9103084415584416,0.9530486509454005,112.40204550750414,443.35186134260374,24916.828047234005,models_disagree,../../dataset/images/V02_f0000048.png,dino_pyramid/overlays/V02_f0000048.jpg,quality/dino_pyramid/entropy/V02_f0000048.jpg,quality/disagreement/V02_f0000048.jpg,,,,"[[150.97253501415253, 165.69997441768646], [596.0953688621521, 156.57641571760178], [589.9052739143372, 268.95909309387207]]",dino_pyramid/triangles/V02_f0000048.svg
V02_f0000044,directional,directional,train,V02,1.4666666666666668,20.256,0.9226148409893993,0.632554290977784,0.3126433193683624,0.004800091963261366,1,0.0,0.0715921052631579,0.29665760434991206,0.4575727676369018,111.42200602611571,345.82353267563536,19266.175870878633,models_disagree,../../dataset/images/V02_f0000044.png,directional/overlays/V02_f0000044.jpg,quality/directional/entropy/V02_f0000044.jpg,quality/disagreement/V02_f0000044.jpg,,,,"[[161.80901885032654, 165.0912987589836], [515.1322674751282, 160.10629761219025], [493.0382037162781, 269.1422675848007]]",directional/triangles/V02_f0000044.svg
V02_f0000050,unet_small,unet_small,train,V02,1.6666666666666667,20.256,0.9328531314857771,0.4212596852783768,0.2753402292728424,0.033515751361846924,1,0.0,0.10414803514124889,0.6414088529271775,0.7815345357536392,126.98511097759467,439.99273917970237,27936.263407035185,models_disagree,../../dataset/images/V02_f0000050.png,unet_small/overlays/V02_f0000050.jpg,quality/unet_small/entropy/V02_f0000050.jpg,quality/disagreement/V02_f0000050.jpg,,,,"[[159.61068749427795, 143.02440136671066], [601.3444876670837, 130.55066883563995], [593.8035607337952, 257.37583112716675]]",unet_small/triangles/V02_f0000050.svg
V01_f0000094,directional,directional,test,V01,3.1333333333333333,20.242,0.9269578313253012,0.6421987598458188,0.2972138226032257,0.004502291791141033,1,0.0,0.08230627567644143,0.45029744770677416,0.6209725438306318,115.07137571064348,377.8435924493774,21739.49099330078,models_disagree,../../dataset/images/V01_f0000094.png,directional/overlays/V01_f0000094.jpg,quality/directional/entropy/V01_f0000094.jpg,quality/disagreement/V01_f0000094.jpg,,,,"[[157.82660430669785, 153.5816453397274], [548.0467422008514, 146.55382186174393], [531.050500869751, 262.59148120880127]]",directional/triangles/V01_f0000094.svg
V02_f0000028,full,TopoFiberDINO Coordinate (ours),train,V02,0.9333333333333333,20.234,0.9255806346090939,0.4331541890597009,0.3051384389400482,0.030280012637376785,1,0.0,0.07829712413251103,0.53180530517641,0.6943510423671823,116.74797708596523,363.8783718505309,21241.03190944206,models_disagree,../../dataset/images/V02_f0000028.png,full/overlays/V02_f0000028.jpg,quality/full/entropy/V02_f0000028.jpg,quality/disagreement/V02_f0000028.jpg,,,,"[[171.1890149116516, 138.22207313776016], [531.0541105270386, 141.9619135260582], [532.3861169815063, 257.39304065704346]]",full/triangles/V02_f0000028.svg
V02_f0000004,full,TopoFiberDINO Coordinate (ours),train,V02,0.13333333333333333,20.18,0.9367942715505371,0.4284063712139969,0.26601526141166687,0.03312885761260986,1,0.0,0.0932625507930266,0.6233729881035689,0.7679972411414777,147.3636094394843,336.6699781114335,24806.451582206508,models_disagree,../../dataset/images/V02_f0000004.png,full/overlays/V02_f0000004.jpg,quality/full/entropy/V02_f0000004.jpg,quality/disagreement/V02_f0000004.jpg,,,,"[[170.0040328502655, 117.96122896671295], [508.20642471313477, 117.76265060901642], [513.2678890228271, 265.6267306804657]]",full/triangles/V02_f0000004.svg
V02_f0000032,full,TopoFiberDINO Coordinate (ours),train,V02,1.0666666666666667,20.119,0.9091296928327645,0.5536121983039792,0.3562628924846649,0.010947859846055508,1,0.0,0.05971145248041427,0.5320767767594674,0.6945823927765237,98.59679950786773,330.06337282232766,16271.596097526819,models_disagree,../../dataset/images/V02_f0000032.png,full/overlays/V02_f0000032.jpg,quality/full/entropy/V02_f0000032.jpg,quality/disagreement/V02_f0000032.jpg,,,,"[[198.2486128807068, 159.5152884721756], [559.9379825592041, 150.75884783267975], [519.5253753662109, 239.12472343444824]]",full/triangles/V02_f0000032.svg
V02_f0000003,dino_pyramid,dino_pyramid,train,V02,0.1,20.118,0.9227536521913148,0.4355698428398725,0.31259340047836304,0.028763407841324806,1,0.0,0.06242288059643335,0.8285383278625217,0.9062302006335797,116.49402205951884,283.42256199330274,16508.517094506577,models_disagree,../../dataset/images/V02_f0000003.png,dino_pyramid/overlays/V02_f0000003.jpg,quality/dino_pyramid/entropy/V02_f0000003.jpg,quality/disagreement/V02_f0000003.jpg,,,,"[[241.86604142189026, 125.95273721218109], [529.0779805183411, 119.23168015480042], [532.0218729972839, 237.2787115573883]]",dino_pyramid/triangles/V02_f0000003.svg
V01_f0000010,dino_pyramid,dino_pyramid,train,V01,0.33333333333333337,20.115,0.8779436152570481,0.45385268252162453,0.4501192569732666,0.016381418332457542,1,0.0,0.037733333333333334,0.8826372109078356,0.9376604327099377,65.51851801149535,314.8368625763989,10313.822325697238,models_disagree,../../dataset/images/V01_f0000010.png,dino_pyramid/overlays/V01_f0000010.jpg,quality/dino_pyramid/entropy/V01_f0000010.jpg,quality/disagreement/V01_f0000010.jpg,,,,"[[236.00589793920517, 155.8455415070057], [545.4249852895737, 137.29193061590195], [550.2105695009232, 201.61420851945877]]",dino_pyramid/triangles/V01_f0000010.svg
V01_f0000032,full,TopoFiberDINO Coordinate (ours),train,V01,1.0666666666666667,20.108,0.9051249470563321,0.5312638888888889,0.3649680018424988,0.012784733437001705,1,0.0,0.05963400361740611,0.550390550581063,0.7100024576062914,93.63237401231162,348.6892175823965,16324.299617367627,models_disagree,../../dataset/images/V01_f0000032.png,full/overlays/V01_f0000032.jpg,quality/full/entropy/V01_f0000032.jpg,quality/disagreement/V01_f0000032.jpg,,,,"[[196.84629797935486, 159.0208299458027], [576.1149603128433, 156.89849853515625], [537.5217036008835, 240.7081425189972]]",full/triangles/V01_f0000032.svg
V01_f0000030,directional,directional,train,V01,1.0,20.085,0.9238382821674216,0.4486028575041092,0.30820050835609436,0.027212776243686676,1,0.0,0.07586161187698834,0.489812119608362,0.6575488454706927,116.23436968169067,355.50248288823195,20660.80350939483,models_disagree,../../dataset/images/V01_f0000030.png,directional/overlays/V01_f0000030.jpg,quality/directional/entropy/V01_f0000030.jpg,quality/disagreement/V01_f0000030.jpg,,,,"[[189.54230070114136, 133.05701315402985], [561.9252361059189, 131.33662194013596], [524.6688061952591, 240.14027416706085]]",directional/triangles/V01_f0000030.svg
V01_f0000055,unet_small,unet_small,train,V01,1.8333333333333335,20.085,0.9183837733419189,0.38353818871155143,0.32743915915489197,0.03412025794386864,1,0.0,0.07816272965879265,0.7954470471791488,0.8860712973171628,101.60591794208318,414.5543612009347,21060.58820335744,models_disagree,../../dataset/images/V01_f0000055.png,unet_small/overlays/V01_f0000055.jpg,quality/unet_small/entropy/V01_f0000055.jpg,quality/disagreement/V01_f0000055.jpg,,,,"[[166.89296627044678, 156.12253546714783], [595.6478459835052, 151.28584206104279], [570.680093050003, 249.7398555278778]]",unet_small/triangles/V01_f0000055.svg
V02_f0000021,dino_linear,dino_linear,train,V02,0.7000000000000001,20.057,0.9190053285968028,0.48158156928578255,0.32143092155456543,0.021864302456378937,1,0.0,0.0723502427770475,0.6127312114647558,0.7598677412688573,107.07913253117289,369.78480701414935,19798.118179141144,models_disagree,../../dataset/images/V02_f0000021.png,dino_linear/overlays/V02_f0000021.jpg,quality/dino_linear/entropy/V02_f0000021.jpg,quality/disagreement/V02_f0000021.jpg,,,,"[[181.84273838996887, 149.00396621227264], [549.8126006126404, 151.0413783788681], [531.6635870933533, 254.5151480436325]]",dino_linear/triangles/V02_f0000021.svg
V02_f0000009,unet_small,unet_small,train,V02,0.3,20.034,0.9095360223828398,0.4874892809016293,0.3564309775829315,0.018877513706684113,1,0.0,0.054704390764713735,0.7366005873715125,0.8483247014057711,94.78194186445695,313.4547003496132,14854.922592838906,models_disagree,../../dataset/images/V02_f0000009.png,unet_small/overlays/V02_f0000009.jpg,quality/unet_small/entropy/V02_f0000009.jpg,quality/disagreement/V02_f0000009.jpg,,,,"[[196.8542468547821, 125.02205163240433], [505.834858417511, 122.5318415760994], [505.66012144088745, 215.95918035507202]]",unet_small/triangles/V02_f0000009.svg
V02_f0000030,full,TopoFiberDINO Coordinate (ours),train,V02,1.0,20.032,0.9295625942684766,0.5371718663899734,0.29131078720092773,0.0171645674854517,1,0.0,0.08514627659574468,0.41933053492627276,0.5908849624630318,123.74520409631398,372.86757057866305,23070.28681107671,models_disagree,../../dataset/images/V02_f0000030.png,full/overlays/V02_f0000030.jpg,quality/full/entropy/V02_f0000030.jpg,quality/disagreement/V02_f0000030.jpg,,,,"[[175.38898587226868, 129.42540633678436], [556.0797500610352, 124.78558778762817], [527.3882389068604, 243.84160590171814]]",full/triangles/V02_f0000030.svg
V02_f0000005,dino_pyramid,dino_pyramid,train,V02,0.16666666666666669,20.005,0.9369252873563219,0.3816138335984687,0.2624576687812805,0.03813188895583153,1,0.0,0.08864473684210526,0.9609185565539866,0.9800698283386674,151.94466567521945,313.28373519891954,23800.896203141907,models_disagree,../../dataset/images/V02_f0000005.png,dino_pyramid/overlays/V02_f0000005.jpg,quality/dino_pyramid/entropy/V02_f0000005.jpg,quality/disagreement/V02_f0000005.jpg,,,,"[[218.3352541923523, 120.15689301490784], [531.5082764625549, 111.09924101829529], [533.5275149345398, 263.0217607021332]]",dino_pyramid/triangles/V02_f0000005.svg
V02_f0000032,directional,directional,train,V02,1.0666666666666667,19.998,0.9236641221374046,0.5536121983039792,0.3093462884426117,0.013612724840641022,1,0.0,0.07732859983717486,0.4536627159788662,0.6241650294695481,114.9598505489242,366.46971382075907,21064.65176577074,models_disagree,../../dataset/images/V02_f0000032.png,directional/overlays/V02_f0000032.jpg,quality/directional/entropy/V02_f0000032.jpg,quality/disagreement/V02_f0000032.jpg,,,,"[[184.77662980556488, 146.43820810317993], [562.8107786178589, 140.7180568575859], [530.9417581558228, 249.4378685951233]]",directional/triangles/V02_f0000032.svg
V01_f0000031,unet_small,unet_small,train,V01,1.0333333333333334,19.986,0.9176691729323309,0.4029560286543527,0.3303246796131134,0.03103484772145748,1,0.0,0.06836021505376344,0.6834447502949272,0.8119598224713852,104.62779189845718,359.87980353772366,18826.7145965013,models_disagree,../../dataset/images/V01_f0000031.png,unet_small/overlays/V01_f0000031.jpg,quality/unet_small/entropy/V01_f0000031.jpg,quality/disagreement/V01_f0000031.jpg,,,,"[[176.81627297401428, 127.58050113916397], [528.6188486814499, 130.8589205145836], [525.6412073373795, 233.0794483423233]]",unet_small/triangles/V01_f0000031.svg
V01_f0000083,full,TopoFiberDINO Coordinate (ours),val,V01,2.7666666666666666,19.979,0.9206349206349206,0.5652554164182071,0.3197917938232422,0.01138230413198471,1,0.0,0.07061813560860489,0.5688338142929893,0.7251677126163169,107.9278393592853,347.18492770127426,18735.459552454104,models_disagree,../../dataset/images/V01_f0000083.png,full/overlays/V01_f0000083.jpg,quality/full/entropy/V01_f0000083.jpg,quality/disagreement/V01_f0000083.jpg,,,,"[[169.08620086312294, 172.96117544174194], [520.9986262321472, 157.3212370276451], [531.7863450050354, 266.131192445755]]",full/triangles/V01_f0000083.svg
V01_f0000036,full,TopoFiberDINO Coordinate (ours),train,V01,1.2,19.969,0.9053758741258742,0.47971372101302495,0.36635342240333557,0.01859051175415516,1,0.0,0.057539682539682536,0.5041278993578823,0.6703258407388046,87.5817603204545,356.1832892588951,15597.579735011836,models_disagree,../../dataset/images/V01_f0000036.png,full/overlays/V01_f0000036.jpg,quality/full/entropy/V01_f0000036.jpg,quality/disagreement/V01_f0000036.jpg,,,,"[[184.35225695371628, 155.11803701519966], [542.3986939191818, 159.14663672447205], [527.7215703725815, 244.84243243932724]]",full/triangles/V01_f0000036.svg
V02_f0000076,baseline,baseline,val,V02,2.5333333333333337,19.944,0.921842155551309,0.48429207824908005,0.314895361661911,0.021598564460873604,1,0.0,0.0652670072879114,0.2800677583286279,0.43758270842523156,113.86686365011877,303.49321317182466,17278.910161486296,models_disagree,../../dataset/images/V02_f0000076.png,baseline/overlays/V02_f0000076.jpg,quality/baseline/entropy/V02_f0000076.jpg,quality/disagreement/V02_f0000076.jpg,,,,"[[164.12234365940094, 146.50622141361237], [472.1034622192383, 142.26672506332397], [478.9833927154541, 257.50160336494446]]",baseline/triangles/V02_f0000076.svg
V02_f0000015,dino_pyramid,dino_pyramid,train,V02,0.5,19.925,0.9194211184563159,0.32068162837393605,0.32504722476005554,0.04140771925449371,1,0.0,0.07292412916829998,0.9308619091751622,0.9641931458193338,107.00298115089687,373.7190234436836,19994.52481063803,,../../dataset/images/V02_f0000015.png,dino_pyramid/overlays/V02_f0000015.jpg,quality/dino_pyramid/entropy/V02_f0000015.jpg,quality/disagreement/V02_f0000015.jpg,,,,"[[194.336256980896, 142.2640277147293], [558.5704278945923, 132.6584238409996], [558.0911779403687, 236.93086504936218]]",dino_pyramid/triangles/V02_f0000015.svg
V02_f0000043,baseline,baseline,train,V02,1.4333333333333333,19.915,0.9164380144674482,0.5603015873015873,0.3326493203639984,0.010737578384578228,1,0.0,0.050092348284960425,0.8089604832620186,0.8943926534019758,110.19581046567708,245.79491379141132,13542.7848667929,models_disagree,../../dataset/images/V02_f0000043.png,baseline/overlays/V02_f0000043.jpg,quality/baseline/entropy/V02_f0000043.jpg,quality/disagreement/V02_f0000043.jpg,,,,"[[175.47237396240234, 164.67655354738235], [421.00486278533936, 163.4670267701149], [417.9302680492401, 273.44407045841217]]",baseline/triangles/V02_f0000043.svg
V01_f0000023,dino_pyramid,dino_pyramid,train,V01,0.7666666666666667,19.914,0.9188475918187816,0.4165052366328057,0.3244306743144989,0.029249470680952072,1,0.0,0.05857898206573654,0.8698644869864487,0.930403773150811,113.75319122245213,284.5140798556997,16182.192265652713,models_disagree,../../dataset/images/V01_f0000023.png,dino_pyramid/overlays/V01_f0000023.jpg,quality/dino_pyramid/entropy/V01_f0000023.jpg,quality/disagreement/V01_f0000023.jpg,,,,"[[204.7088714838028, 132.77245312929153], [482.4739990234375, 126.31184980273247], [479.55439805984497, 237.2218519449234]]",dino_pyramid/triangles/V01_f0000023.svg
V02_f0000076,dino_linear,dino_linear,val,V02,2.5333333333333337,19.912,0.9172613307618129,0.48429207824908005,0.33164677023887634,0.02040630206465721,1,0.0,0.06565604170448945,0.3373511686020873,0.5045064849417454,101.8446849849314,338.41158269737826,17232.710517533276,models_disagree,../../dataset/images/V02_f0000076.png,dino_linear/overlays/V02_f0000076.jpg,quality/dino_linear/entropy/V02_f0000076.jpg,quality/disagreement/V02_f0000076.jpg,,,,"[[165.95666885375977, 149.92531138658524], [509.0927767753601, 149.82086157798767], [507.37985372543335, 253.05844604969025]]",dino_linear/triangles/V02_f0000076.svg
V01_f0000039,dino_pyramid,dino_pyramid,train,V01,1.3,19.897,0.9157599157599158,0.2624290511426109,0.333109587430954,0.047728314995765686,1,0.0,0.0719181235776208,0.8788727463679328,0.9355319545369852,99.29202714726777,389.0206805692929,19313.325987967408,,../../dataset/images/V01_f0000039.png,dino_pyramid/overlays/V01_f0000039.jpg,quality/dino_pyramid/entropy/V01_f0000039.jpg,quality/disagreement/V01_f0000039.jpg,,,,"[[159.87487530708313, 176.7658218741417], [548.7405295372009, 170.03216966986656], [547.4324731826782, 269.2447230219841]]",dino_pyramid/triangles/V01_f0000039.svg
V02_f0000041,full,TopoFiberDINO Coordinate (ours),train,V02,1.3666666666666667,19.894,0.9037526735368462,0.5049311883601456,0.36849841475486755,0.014697438105940819,1,0.0,0.06323237371279772,0.6430229184798375,0.7827315264412466,99.71146628739221,342.68850662699026,17084.98673780696,models_disagree,../../dataset/images/V02_f0000041.png,full/overlays/V02_f0000041.jpg,quality/full/entropy/V02_f0000041.jpg,quality/disagreement/V02_f0000041.jpg,,,,"[[157.007657289505, 186.37275499105453], [585.4251980781555, 187.106578707695], [525.4641795158386, 266.81991732120514]]",full/triangles/V02_f0000041.svg
V02_f0000013,unet_small,unet_small,train,V02,0.43333333333333335,19.882,0.9124214177324951,0.4537323141974305,0.3445664048194885,0.022990046069025993,1,0.0,0.05948648648648649,0.7821124714671094,0.8777363763390778,101.56364957186133,322.8748953344259,16396.17636264852,models_disagree,../../dataset/images/V02_f0000013.png,unet_small/overlays/V02_f0000013.jpg,quality/unet_small/entropy/V02_f0000013.jpg,quality/disagreement/V02_f0000013.jpg,,,,"[[185.54250597953796, 133.60504829883575], [500.5695676803589, 136.89653807878494], [505.09480476379395, 235.73698735237122]]",unet_small/triangles/V02_f0000013.svg
V01_f0000068,dino_linear,dino_linear,train,V01,2.2666666666666666,19.875,0.9175660588016376,0.47942365382165236,0.3307865858078003,0.020899711176753044,1,0.0,0.06865780843752858,0.3739383362420012,0.5443305953086629,102.9291340667025,353.0259455961146,18168.32744164345,models_disagree,../../dataset/images/V01_f0000068.png,dino_linear/overlays/V01_f0000068.jpg,quality/dino_linear/entropy/V01_f0000068.jpg,quality/disagreement/V01_f0000068.jpg,,,,"[[161.78281545639038, 161.33006662130356], [516.6150790452957, 162.02346235513687], [515.2508803606033, 265.4639258980751]]",dino_linear/triangles/V01_f0000068.svg
V02_f0000004,dino_pyramid,dino_pyramid,train,V02,0.13333333333333333,19.873,0.9302369668246445,0.4284063712139969,0.28748807311058044,0.03011971153318882,1,0.0,0.06666666666666667,0.8410927279722971,0.9136886102403344,141.42013543777455,252.05501469974703,17822.82715830424,models_disagree,../../dataset/images/V02_f0000004.png,dino_pyramid/overlays/V02_f0000004.jpg,quality/dino_pyramid/entropy/V02_f0000004.jpg,quality/disagreement/V02_f0000004.jpg,,,,"[[246.01609468460083, 124.20512282848358], [499.0235209465027, 117.71794372797012], [500.4260230064392, 259.69454777240753]]",dino_pyramid/triangles/V02_f0000004.svg
V02_f0000043,directional,directional,train,V02,1.4333333333333333,19.863,0.9200977627373567,0.5603015873015873,0.31914031505584717,0.011300983838737011,1,0.0,0.06734828496042217,0.4861791462561232,0.6542672160094173,108.4039328294629,333.71420406012425,18087.96608058569,models_disagree,../../dataset/images/V02_f0000043.png,directional/overlays/V02_f0000043.jpg,quality/directional/entropy/V02_f0000043.jpg,quality/disagreement/V02_f0000043.jpg,,,,"[[168.492933511734, 165.6890624165535], [509.8115015029907, 167.60140454769135], [485.72113037109375, 273.117290019989]]",directional/triangles/V02_f0000043.svg
V02_f0000048,baseline,baseline,train,V02,1.6,19.828,0.9253314724354501,0.4000680518511201,0.30245983600616455,0.032332248985767365,1,0.0,0.0904724409448819,0.9230026217745274,0.9599598163030999,111.16409185481169,436.9885599073923,24288.71820652362,models_disagree,../../dataset/images/V02_f0000048.png,baseline/overlays/V02_f0000048.jpg,quality/baseline/entropy/V02_f0000048.jpg,quality/disagreement/V02_f0000048.jpg,,,,"[[170.99390029907227, 166.3881995677948], [613.6361074447632, 154.75078999996185], [599.491925239563, 265.16191732883453]]",baseline/triangles/V02_f0000048.svg
V01_f0000100,dino_linear,dino_linear,test,V01,3.3333333333333335,19.805,0.9163179916317992,0.5450374410249752,0.33470383286476135,0.012067655101418495,1,0.0,0.06517825923671636,0.37452207160236356,0.5449487925148565,98.97520208226489,350.3757539425104,17339.255525592944,models_disagree,../../dataset/images/V01_f0000100.png,dino_linear/overlays/V01_f0000100.jpg,quality/dino_linear/entropy/V01_f0000100.jpg,quality/disagreement/V01_f0000100.jpg,,,,"[[161.0024420619011, 161.81277483701706], [516.1844713687897, 168.2320162653923], [509.7444865703583, 268.26705783605576]]",dino_linear/triangles/V01_f0000100.svg
V02_f0000100,dino_linear,dino_linear,test,V02,3.3333333333333335,19.797,0.9180856784369958,0.5338219698495161,0.3272109925746918,0.013808682560920715,2,0.000374461711290075,0.0692090395480226,0.35609491034232926,0.5251769734205957,100.88325083605444,363.29409029932305,18325.14441946141,models_disagree,../../dataset/images/V02_f0000100.png,dino_linear/overlays/V02_f0000100.jpg,quality/dino_linear/entropy/V02_f0000100.jpg,quality/disagreement/V02_f0000100.jpg,,,,"[[163.75816226005554, 159.68726116418839], [533.5727763175964, 165.00258719921112], [524.2123818397522, 266.97277450561523]]",dino_linear/triangles/V02_f0000100.svg
V02_f0000083,full,TopoFiberDINO Coordinate (ours),val,V02,2.7666666666666666,19.795,0.9199796126401631,0.5691277389455457,0.32097315788269043,0.009829266928136349,1,0.0,0.07352864583333334,0.670592657561709,0.8028200705017625,106.88268039153586,363.7993842556509,19441.92665701714,models_disagree,../../dataset/images/V02_f0000083.png,full/overlays/V02_f0000083.jpg,quality/full/entropy/V02_f0000083.jpg,quality/disagreement/V02_f0000083.jpg,,,,"[[167.94739365577698, 174.73070865869522], [537.7533459663391, 159.87248653173447], [552.2008395195007, 267.1622130870819]]",full/triangles/V02_f0000083.svg
V01_f0000076,baseline,baseline,val,V01,2.5333333333333337,19.788,0.9195167286245353,0.5039026629935721,0.32177746295928955,0.017844798043370247,1,0.0,0.06707419953536062,0.26492537313432835,0.41887905604719766,106.2047205215421,335.62059494940354,17822.245743937543,models_disagree,../../dataset/images/V01_f0000076.png,baseline/overlays/V01_f0000076.jpg,quality/baseline/entropy/V01_f0000076.jpg,quality/disagreement/V01_f0000076.jpg,,,,"[[170.01053887605667, 152.54482626914978], [509.77930080890656, 145.81919834017754], [507.6222165822983, 253.25053185224533]]",baseline/triangles/V01_f0000076.svg
V02_f0000010,dino_linear,dino_linear,train,V02,0.33333333333333337,19.78,0.9105747126436782,0.5092577967321295,0.35256582498550415,0.015122801065444946,1,0.0,0.05585505847012123,0.4118259421195086,0.5833947795310426,97.40317361593004,313.01865992979174,15244.505439083634,models_disagree,../../dataset/images/V02_f0000010.png,dino_linear/overlays/V02_f0000010.jpg,quality/dino_linear/entropy/V02_f0000010.jpg,quality/disagreement/V02_f0000010.jpg,,,,"[[211.86137437820435, 135.36989450454712], [533.2001209259033, 130.86649268865585], [506.4365243911743, 222.64550626277924]]",dino_linear/triangles/V02_f0000010.svg
V01_f0000011,baseline,baseline,train,V01,0.3666666666666667,19.761,0.9108935128518972,0.4383789150645365,0.34838423132896423,0.023957084864377975,1,0.0,0.052700389524618224,0.6594528378930176,0.7947834645669292,104.69781599308061,277.6235911727241,14533.291831970053,models_disagree,../../dataset/images/V01_f0000011.png,baseline/overlays/V01_f0000011.jpg,quality/baseline/entropy/V01_f0000011.jpg,quality/disagreement/V01_f0000011.jpg,,,,"[[202.97385370731354, 142.00159907341003], [474.42376828193665, 140.48641920089722], [483.1382167339325, 242.15805530548096]]",baseline/triangles/V01_f0000011.svg
V02_f0000064,dino_pyramid,dino_pyramid,train,V02,2.1333333333333333,19.728,0.9258393185234675,0.399368742910687,0.30012965202331543,0.03203248232603073,1,0.0,0.07528720626631853,0.9216837162502096,0.9592460075050179,117.79850092762545,341.7722104457225,20130.127024613525,models_disagree,../../dataset/images/V02_f0000064.png,dino_pyramid/overlays/V02_f0000064.jpg,quality/dino_pyramid/entropy/V02_f0000064.jpg,quality/disagreement/V02_f0000064.jpg,,,,"[[137.43518829345703, 176.94542133808136], [481.4902424812317, 168.0881422162056], [478.57999563217163, 286.5269467830658]]",dino_pyramid/triangles/V02_f0000064.svg
V01_f0000081,dino_pyramid,dino_pyramid,val,V01,2.7,19.704,0.9121927940825578,0.4573724668064291,0.34967610239982605,0.021592244505882263,1,0.0,0.05201550387596899,0.2876906704505144,0.446831955922865,96.68886737458624,284.3020460464565,13744.421412254671,models_disagree,../../dataset/images/V01_f0000081.png,dino_pyramid/overlays/V01_f0000081.jpg,quality/dino_pyramid/entropy/V01_f0000081.jpg,quality/disagreement/V01_f0000081.jpg,,,,"[[197.17121422290802, 168.85247826576233], [485.7045305967331, 158.52651000022888], [485.76656687259674, 256.65657967329025]]",dino_pyramid/triangles/V01_f0000081.svg
V01_f0000083,baseline,baseline,val,V01,2.7666666666666666,19.698,0.9149309361982021,0.5652554164182071,0.33910030126571655,0.008692167699337006,1,0.0,0.05652303582774673,0.7358450404427416,0.8478234212139791,102.4997204962789,292.9513382803406,15013.71514637288,models_disagree,../../dataset/images/V01_f0000083.png,baseline/overlays/V01_f0000083.jpg,quality/baseline/entropy/V01_f0000083.jpg,quality/disagreement/V01_f0000083.jpg,,,,"[[165.03175312280655, 154.02605384588242], [462.1846903562546, 164.17698562145233], [464.8549474477768, 267.9867446422577]]",baseline/triangles/V01_f0000083.svg
V02_f0000069,baseline,baseline,train,V02,2.3000000000000003,19.659,0.9225644062777614,0.3829666561148043,0.30826547741889954,0.033002860844135284,1,0.0,0.08463446475195822,0.8364205938436393,0.9109248683527404,107.74887457256155,419.9552582935701,22624.853225980787,models_disagree,../../dataset/images/V02_f0000069.png,baseline/overlays/V02_f0000069.jpg,quality/baseline/entropy/V02_f0000069.jpg,quality/disagreement/V02_f0000069.jpg,,,,"[[161.01159989833832, 160.22403353452682], [585.9713387489319, 156.30882090330124], [575.9213089942932, 264.31305503845215]]",baseline/triangles/V02_f0000069.svg
V02_f0000025,dino_pyramid,dino_pyramid,train,V02,0.8333333333333334,19.639,0.9236139630390143,0.45948982867816596,0.30885496735572815,0.023571832105517387,1,0.0,0.06292576536794206,0.9356115857470306,0.9667348476692863,124.03190339540848,278.8005955302763,17290.084265696794,models_disagree,../../dataset/images/V02_f0000025.png,dino_pyramid/overlays/V02_f0000025.jpg,quality/dino_pyramid/entropy/V02_f0000025.jpg,quality/disagreement/V02_f0000025.jpg,,,,"[[213.45062971115112, 139.50737088918686], [485.88244915008545, 129.69998973608017], [487.27814197540283, 250.9327347278595]]",dino_pyramid/triangles/V02_f0000025.svg
V02_f0000058,dino_linear,dino_linear,train,V02,1.9333333333333333,19.633,0.9211780728634661,0.4739374060407271,0.31866785883903503,0.02118818834424019,1,0.0,0.07383078314911694,0.48522933402435864,0.653406612579604,105.37618836338137,374.9116648180764,19753.38110574926,models_disagree,../../dataset/images/V02_f0000058.png,dino_linear/overlays/V02_f0000058.jpg,quality/dino_linear/entropy/V02_f0000058.jpg,quality/disagreement/V02_f0000058.jpg,,,,"[[170.60171842575073, 157.2253955602646], [551.4729523658752, 155.47773659229279], [535.6391787528992, 260.0573077201843]]",dino_linear/triangles/V02_f0000058.svg
V01_f0000072,dino_pyramid,dino_pyramid,train,V01,2.4,19.63,0.9288690476190476,0.25822905982905986,0.2919149696826935,0.04986482858657837,1,0.0,0.08434001562093205,0.9246329038058136,0.9608407940833009,120.61823854442068,372.63396044091314,22473.22596510714,,../../dataset/images/V01_f0000072.png,dino_pyramid/overlays/V01_f0000072.jpg,quality/dino_pyramid/entropy/V01_f0000072.jpg,quality/disagreement/V01_f0000072.jpg,,,,"[[168.94327268004417, 144.5666402578354], [545.0471733808517, 139.23445343971252], [543.4968658685684, 260.93414425849915]]",dino_pyramid/triangles/V01_f0000072.svg
V01_f0000025,dino_linear,dino_linear,train,V01,0.8333333333333334,19.6,0.9193954659949622,0.5225851986287559,0.3222673833370209,0.01454183179885149,1,0.0,0.07269587274174616,0.5715189873417722,0.7273459524768425,109.48568387505269,364.9777598094605,19979.91981596175,models_disagree,../../dataset/images/V01_f0000025.png,dino_linear/overlays/V01_f0000025.jpg,quality/dino_linear/entropy/V01_f0000025.jpg,quality/disagreement/V01_f0000025.jpg,,,,"[[194.85044813156128, 133.58498364686966], [557.867753982544, 132.64071196317673], [536.2851238250732, 237.0169311761856]]",dino_linear/triangles/V01_f0000025.svg
V01_f0000028,dino_linear,dino_linear,train,V01,0.9333333333333333,19.598,0.9164890525092036,0.43982609935143613,0.3340015709400177,0.024220991879701614,1,0.0,0.06585024958402662,0.5284937996377317,0.6915223336371923,101.94895095011563,351.9819564030837,17942.09560433186,models_disagree,../../dataset/images/V01_f0000028.png,dino_linear/overlays/V01_f0000028.jpg,quality/dino_linear/entropy/V01_f0000028.jpg,quality/disagreement/V01_f0000028.jpg,,,,"[[180.70805031061172, 138.56174424290657], [531.6053309440613, 144.59987729787827], [515.5526204109192, 243.9228594303131]]",dino_linear/triangles/V01_f0000028.svg
V01_f0000080,dino_linear,dino_linear,val,V01,2.666666666666667,19.576,0.9134502923976608,0.3985042735042736,0.3412555158138275,0.028593815863132477,1,0.0,0.0639814117708144,0.3901521933751119,0.5613086038124678,95.45763936828241,355.56959720846186,16970.917190325395,models_disagree,../../dataset/images/V01_f0000080.png,dino_linear/overlays/V01_f0000080.jpg,quality/dino_linear/entropy/V01_f0000080.jpg,quality/disagreement/V01_f0000080.jpg,,,,"[[170.58305078744888, 150.84509924054146], [530.5474675893784, 150.59727430343628], [525.3055521249771, 246.94595485925674]]",dino_linear/triangles/V01_f0000080.svg
V02_f0000083,baseline,baseline,val,V02,2.7666666666666666,19.576,0.9096975088967971,0.5691277389455457,0.3525128662586212,0.006420899648219347,1,0.0,0.05591145833333333,0.43834794092928325,0.6095158597662771,95.082090344454,310.6726186616991,14769.700997569891,models_disagree,../../dataset/images/V02_f0000083.png,baseline/overlays/V02_f0000083.jpg,quality/baseline/entropy/V02_f0000083.jpg,quality/disagreement/V02_f0000083.jpg,,,,"[[161.88582301139832, 161.79769122600555], [477.95294523239136, 165.4160394668579], [485.96471071243286, 261.3878585100174]]",baseline/triangles/V02_f0000083.svg
V02_f0000068,dino_pyramid,dino_pyramid,train,V02,2.2666666666666666,19.571,0.9248350974075779,0.4238991929774883,0.3022877275943756,0.027953827753663063,1,0.0,0.08243041162735787,0.8897482559902942,0.9416579728753711,114.1081904668318,385.4754491221591,21992.952984359432,models_disagree,../../dataset/images/V02_f0000068.png,dino_pyramid/overlays/V02_f0000068.jpg,quality/dino_pyramid/entropy/V02_f0000068.jpg,quality/disagreement/V02_f0000068.jpg,,,,"[[141.71186327934265, 168.764619410038], [528.9606714248657, 164.0209083557129], [526.6321134567261, 278.57817256450653]]",dino_pyramid/triangles/V02_f0000068.svg
V01_f0000012,full,TopoFiberDINO Coordinate (ours),train,V01,0.4,19.567,0.9153069153069153,0.42300769104892816,0.33297842741012573,0.025902464985847473,1,0.0,0.06673441734417344,0.6637602179836513,0.797903701277432,107.4863129334545,344.6425405790164,18522.17798342847,models_disagree,../../dataset/images/V01_f0000012.png,full/overlays/V01_f0000012.jpg,quality/full/entropy/V01_f0000012.jpg,quality/disagreement/V01_f0000012.jpg,,,,"[[215.69743394851685, 135.96081733703613], [551.0806257724762, 126.44638493657112], [563.7965638637543, 229.8460453748703]]",full/triangles/V01_f0000012.svg
V01_f0000066,unet_small,unet_small,train,V01,2.2,19.566,0.9234527687296417,0.44827433823854346,0.3114544153213501,0.024572428315877914,1,0.0,0.06192084184074132,0.6413685307398402,0.7815046026875463,118.66638706168455,279.45976559701296,16581.240356251386,models_disagree,../../dataset/images/V01_f0000066.png,unet_small/overlays/V01_f0000066.jpg,quality/unet_small/entropy/V01_f0000066.jpg,quality/disagreement/V01_f0000066.jpg,,,,"[[155.29073417186737, 167.5325520336628], [435.8279142379761, 163.38501870632172], [434.1911954879761, 282.4622020125389]]",unet_small/triangles/V01_f0000066.svg
V01_f0000090,dino_linear,dino_linear,val,V01,3.0,19.566,0.917477696674777,0.4602123546553565,0.32877713441848755,0.021737663075327873,1,0.0,0.06108597285067873,0.7510886605121059,0.8578533771013628,105.101654494313,308.85713575551824,16230.697985139801,models_disagree,../../dataset/images/V01_f0000090.png,dino_linear/overlays/V01_f0000090.jpg,quality/dino_linear/entropy/V01_f0000090.jpg,quality/disagreement/V01_f0000090.jpg,,,,"[[153.43511527776718, 173.8816201686859], [466.6139405965805, 163.48100826144218], [472.8838001489639, 269.8924094438553]]",dino_linear/triangles/V01_f0000090.svg
V01_f0000081,baseline,baseline,val,V01,2.7,19.562,0.9132911392405063,0.4573724668064291,0.3452467620372772,0.021130600944161415,1,0.0,0.05848837209302325,0.3969830757910228,0.5683434290229128,96.29452399084184,322.55255171184234,15530.022214561628,models_disagree,../../dataset/images/V01_f0000081.png,baseline/overlays/V01_f0000081.jpg,quality/baseline/entropy/V01_f0000081.jpg,quality/disagreement/V01_f0000081.jpg,,,,"[[176.50149631500244, 153.7192091345787], [503.9118778705597, 159.10810232162476], [504.64872097969055, 256.8351924419403]]",baseline/triangles/V01_f0000081.svg
V02_f0000093,unet_small,unet_small,test,V02,3.1,19.557,0.9179362177534024,0.5288878157404054,0.3263801336288452,0.013212122023105621,1,0.0,0.06088348850122025,0.7571666666666667,0.8618040405956559,104.4269525185957,307.31445204495657,16045.955845988467,models_disagree,../../dataset/images/V02_f0000093.png,unet_small/overlays/V02_f0000093.jpg,quality/unet_small/entropy/V02_f0000093.jpg,quality/disagreement/V02_f0000093.jpg,,,,"[[159.90989327430725, 169.31600427627563], [473.1382155418396, 163.43112528324127], [472.1460700035095, 269.83974397182465]]",unet_small/triangles/V02_f0000093.svg
V02_f0000015,baseline,baseline,train,V02,0.5,19.552,0.906636670416198,0.32068162837393605,0.3639056086540222,0.03666776046156883,1,0.0,0.057366080480123274,0.8290564547966838,0.906540038851716,93.23596032474016,338.24376652385877,15768.241197854586,,../../dataset/images/V02_f0000015.png,baseline/overlays/V02_f0000015.jpg,quality/baseline/entropy/V02_f0000015.jpg,quality/disagreement/V02_f0000015.jpg,,,,"[[195.062917470932, 142.59816455841064], [525.7536721229553, 138.4063287973404], [534.3101763725281, 228.86021971702576]]",baseline/triangles/V02_f0000015.svg
V01_f0000076,full,TopoFiberDINO Coordinate (ours),val,V01,2.5333333333333337,19.549,0.9145642201834863,0.5039026629935721,0.3408093750476837,0.015532564371824265,1,0.0,0.06484185388518994,0.32658788774002956,0.4923727869947667,118.39077823659588,291.3288138470305,17245.322497047157,models_disagree,../../dataset/images/V01_f0000076.png,full/overlays/V01_f0000076.jpg,quality/full/entropy/V01_f0000076.jpg,quality/disagreement/V01_f0000076.jpg,,,,"[[171.6939097046852, 138.36347311735153], [495.31001377105713, 136.96123659610748], [545.2336318492889, 245.84385752677917]]",full/triangles/V01_f0000076.svg
V01_f0000009,baseline,baseline,train,V01,0.3,19.532,0.9093090211132437,0.4887463791687966,0.35756465792655945,0.01615988463163376,1,0.0,0.05272642947061552,0.7584826534502478,0.8626558265582656,102.5668547221598,280.0486320513851,14361.853679377,models_disagree,../../dataset/images/V01_f0000009.png,baseline/overlays/V01_f0000009.jpg,quality/baseline/entropy/V01_f0000009.jpg,quality/disagreement/V01_f0000009.jpg,,,,"[[192.63547337055206, 126.05662643909454], [475.6188906431198, 120.1176568865776], [498.51187479496, 218.9609259366989]]",baseline/triangles/V01_f0000009.svg
V01_f0000058,directional,directional,train,V01,1.9333333333333333,19.519,0.921404412948945,0.42556523720029615,0.31487488746643066,0.026712846010923386,1,0.0,0.07795811518324608,0.46413802937401966,0.6340085703155435,107.663351932164,389.9170323053969,20989.887336720454,models_disagree,../../dataset/images/V01_f0000058.png,directional/overlays/V01_f0000058.jpg,quality/directional/entropy/V01_f0000058.jpg,quality/disagreement/V01_f0000058.jpg,,,,"[[160.41857931017876, 162.7533808350563], [562.165239572525, 159.66340899467468], [537.5850884914398, 264.63782787323]]",directional/triangles/V01_f0000058.svg
V01_f0000082,dino_linear,dino_linear,val,V01,2.7333333333333334,19.508,0.9113107578898871,0.5431880376770838,0.34961429238319397,0.009686741977930069,1,0.0,0.05396127790708258,0.5495998511073888,0.7093442229161663,97.7846724560721,293.8018655201336,14364.659593434604,models_disagree,../../dataset/images/V01_f0000082.png,dino_linear/overlays/V01_f0000082.jpg,quality/dino_linear/entropy/V01_f0000082.jpg,quality/disagreement/V01_f0000082.jpg,,,,"[[155.47931545972824, 171.21122404932976], [452.70357942581177, 166.9599562883377], [459.6158790588379, 265.4980570077896]]",dino_linear/triangles/V01_f0000082.svg
V02_f0000027,unet_small,unet_small,train,V02,0.9,19.503,0.9362870743317466,0.36476432559165245,0.2657026946544647,0.03758389130234718,1,0.0,0.10608893043129924,0.8062883600732206,0.8927570789865872,139.68224454857926,412.74110584285904,28826.302040796636,models_disagree,../../dataset/images/V02_f0000027.png,unet_small/overlays/V02_f0000027.jpg,quality/unet_small/entropy/V02_f0000027.jpg,quality/disagreement/V02_f0000027.jpg,,,,"[[168.01901578903198, 129.59486001729965], [575.2617144584656, 125.58789294958115], [571.3467049598694, 263.2594394683838]]",unet_small/triangles/V02_f0000027.svg
V01_f0000082,baseline,baseline,val,V01,2.7333333333333334,19.502,0.9067816918284208,0.5431880376770838,0.36347874999046326,0.008639577776193619,1,0.0,0.05182883222593522,0.5230453442806494,0.6868414604263661,92.85810001602849,296.7463399866719,13777.650658936387,models_disagree,../../dataset/images/V01_f0000082.png,baseline/overlays/V01_f0000082.jpg,quality/baseline/entropy/V01_f0000082.jpg,quality/disagreement/V01_f0000082.jpg,,,,"[[181.34579521417618, 151.4647901058197], [482.84886395931244, 160.6699302792549], [490.4445616006851, 254.1654109954834]]",baseline/triangles/V01_f0000082.svg
V02_f0000082,dino_pyramid,dino_pyramid,val,V02,2.7333333333333334,19.498,0.9199159021406728,0.5475136082664454,0.3230748474597931,0.011034253984689713,1,0.0,0.06540254733935874,0.49953227315247895,0.6662507797878977,106.10628773520362,327.1340171855021,17355.488077728965,models_disagree,../../dataset/images/V02_f0000082.png,dino_pyramid/overlays/V02_f0000082.jpg,quality/dino_pyramid/entropy/V02_f0000082.jpg,quality/disagreement/V02_f0000082.jpg,,,,"[[170.8517324924469, 166.4377326965332], [501.4482593536377, 160.00850200653076], [502.38012313842773, 267.247881770134]]",dino_pyramid/triangles/V02_f0000082.svg
V01_f0000026,dino_linear,dino_linear,train,V01,0.8666666666666667,19.479,0.9323762243391923,0.3978317588843905,0.28144747018814087,0.0324496366083622,1,0.0,0.09680278229109318,0.6357142857142857,0.777292576419214,132.45400127202905,401.40426413796393,26583.80045636388,models_disagree,../../dataset/images/V01_f0000026.png,dino_linear/overlays/V01_f0000026.jpg,quality/dino_linear/entropy/V01_f0000026.jpg,quality/disagreement/V01_f0000026.jpg,,,,"[[201.51375353336334, 133.35800170898438], [619.7728645801544, 127.213966101408], [576.9182851314545, 249.50113892555237]]",dino_linear/triangles/V01_f0000026.svg
V02_f0000069,unet_small,unet_small,train,V02,2.3000000000000003,19.476,0.9252620385842321,0.3829666561148043,0.30118584632873535,0.032695043832063675,1,0.0,0.08267624020887729,0.7141938801748522,0.8332708317707943,113.17282041559557,390.10746747311873,22074.781179559028,models_disagree,../../dataset/images/V02_f0000069.png,unet_small/overlays/V02_f0000069.jpg,quality/unet_small/entropy/V02_f0000069.jpg,quality/disagreement/V02_f0000069.jpg,,,,"[[153.990740776062, 163.9226669073105], [549.8448443412781, 156.00101107358932], [537.6257729530334, 269.27497267723083]]",unet_small/triangles/V02_f0000069.svg
V01_f0000076,unet_small,unet_small,val,V01,2.5333333333333337,19.441,0.9209121785540999,0.5039026629935721,0.31465956568717957,0.01642012596130371,1,0.0,0.07714571246868876,0.3567914730800765,0.5259341323396113,105.88526460031954,387.3528800344816,20507.48109807346,models_disagree,../../dataset/images/V01_f0000076.png,unet_small/overlays/V01_f0000076.jpg,quality/unet_small/entropy/V01_f0000076.jpg,quality/disagreement/V01_f0000076.jpg,,,,"[[169.41172897815704, 149.04499053955078], [564.9425866603851, 138.4306401014328], [553.0456073284149, 244.8977753520012]]",unet_small/triangles/V01_f0000076.svg
V02_f0000095,baseline,baseline,test,V02,3.166666666666667,19.44,0.9259095595816762,0.3685528044216423,0.2993395924568176,0.03446129709482193,1,0.0,0.08420103092783505,0.7030741410488246,0.8256530048842642,111.85765257626484,395.80502607417725,22136.910547272382,models_disagree,../../dataset/images/V02_f0000095.png,baseline/overlays/V02_f0000095.jpg,quality/baseline/entropy/V02_f0000095.jpg,quality/disagreement/V02_f0000095.jpg,,,,"[[151.89865350723267, 167.55060076713562], [559.4475674629211, 156.31008040905], [547.4846434593201, 269.89208590984344]]",baseline/triangles/V02_f0000095.svg
V02_f0000056,dino_pyramid,dino_pyramid,train,V02,1.8666666666666667,19.435,0.9048804780876494,0.41483507208210946,0.36977773904800415,0.02391957864165306,1,0.0,0.05003537457747032,0.9201925513047885,0.9584377886264679,87.25324086814955,307.30713027616173,13406.771529242877,models_disagree,../../dataset/images/V02_f0000056.png,dino_pyramid/overlays/V02_f0000056.jpg,quality/dino_pyramid/entropy/V02_f0000056.jpg,quality/disagreement/V02_f0000056.jpg,,,,"[[223.86988520622253, 159.0032603740692], [533.1241178512573, 153.62653064727783], [527.6525974273682, 240.9943426847458]]",dino_pyramid/triangles/V02_f0000056.svg
V01_f0000056,dino_pyramid,dino_pyramid,train,V01,1.8666666666666667,19.419,0.905281007751938,0.43916219514233656,0.36844325065612793,0.020886821672320366,1,0.0,0.051443569553805774,0.899383477188656,0.9470267462996624,87.72556155232638,315.62932925371877,13844.380075583298,models_disagree,../../dataset/images/V01_f0000056.png,dino_pyramid/overlays/V01_f0000056.jpg,quality/dino_pyramid/entropy/V01_f0000056.jpg,quality/disagreement/V01_f0000056.jpg,,,,"[[221.9167703986168, 157.6453372836113], [538.3893123865128, 152.6646763086319], [534.3901203870773, 240.37914723157883]]",dino_pyramid/triangles/V01_f0000056.svg
V01_f0000037,full,TopoFiberDINO Coordinate (ours),train,V01,1.2333333333333334,19.396,0.8951129552789304,0.4912670162411809,0.3969268798828125,0.01197314728051424,1,0.0,0.05430037325736293,0.5498020585906571,0.7095126187800143,76.73818309720961,381.91042369408325,14653.55601008473,models_disagree,../../dataset/images/V01_f0000037.png,full/overlays/V01_f0000037.jpg,quality/full/entropy/V01_f0000037.jpg,quality/disagreement/V01_f0000037.jpg,,,,"[[185.41334199905396, 172.84824326634407], [571.9212181568146, 168.57969760894775], [559.1219656467438, 243.92158538103104]]",full/triangles/V01_f0000037.svg
V01_f0000068,full,TopoFiberDINO Coordinate (ours),train,V01,2.2666666666666666,19.395,0.9096068098905553,0.47942365382165236,0.352669894695282,0.01670660451054573,1,0.0,0.061511125047361476,0.5118807893677003,0.6771443793287161,91.96307009355726,358.14289166681027,16467.959924932078,models_disagree,../../dataset/images/V01_f0000068.png,full/overlays/V01_f0000068.jpg,quality/full/entropy/V01_f0000068.jpg,quality/disagreement/V01_f0000068.jpg,,,,"[[181.76832368969917, 170.61542719602585], [541.5574580430984, 159.09726172685623], [545.4907177686691, 251.44149363040924]]",full/triangles/V01_f0000068.svg
V02_f0000010,full,TopoFiberDINO Coordinate (ours),train,V02,0.33333333333333337,19.395,0.9142915309446255,0.5092577967321295,0.33772557973861694,0.014031924307346344,1,0.0,0.06300289668490505,0.4686746987951807,0.638228055783429,101.59177436900491,338.9819339148053,17218.888072720918,models_disagree,../../dataset/images/V02_f0000010.png,full/overlays/V02_f0000010.jpg,quality/full/entropy/V02_f0000010.jpg,quality/disagreement/V02_f0000010.jpg,,,,"[[211.72266125679016, 152.46474248170853], [544.0319609642029, 130.8037737607956], [546.2739014625549, 230.49135768413544]]",full/triangles/V02_f0000010.svg
V02_f0000080,baseline,baseline,val,V02,2.666666666666667,19.394,0.9171132547338335,0.4163863891161409,0.33004024624824524,0.02627250738441944,1,0.0,0.0697922077922078,0.44890568414422927,0.619647902629863,100.63198099718603,366.39762001381024,18435.65916732197,models_disagree,../../dataset/images/V02_f0000080.png,baseline/overlays/V02_f0000080.jpg,quality/baseline/entropy/V02_f0000080.jpg,quality/disagreement/V02_f0000080.jpg,,,,"[[166.40217304229736, 148.12035048007965], [538.1687092781067, 143.89068496227264], [542.4572253227234, 245.86575424671173]]",baseline/triangles/V02_f0000080.svg
V01_f0000049,unet_small,unet_small,train,V01,1.6333333333333333,19.386,0.9304418985270049,0.33615607809156195,0.28347858786582947,0.03926240652799606,1,0.0,0.09293963254593175,0.8782102197511252,0.9351564702565548,125.41446599903254,398.30937322263196,24976.87867256287,,../../dataset/images/V01_f0000049.png,unet_small/overlays/V01_f0000049.jpg,quality/unet_small/entropy/V01_f0000049.jpg,quality/disagreement/V01_f0000049.jpg,,,,"[[152.74459958076477, 154.5199602842331], [551.9968845844269, 144.71635222434998], [547.028388261795, 270.10852843523026]]",unet_small/triangles/V01_f0000049.svg
V02_f0000017,unet_small,unet_small,train,V02,0.5666666666666667,19.352,0.9069284064665127,0.4326442721791559,0.36409711837768555,0.02173866704106331,1,0.0,0.05446831436460368,0.8201744576157459,0.9012042270828213,90.48846452681406,333.61445007814723,15094.129665764502,models_disagree,../../dataset/images/V02_f0000017.png,unet_small/overlays/V02_f0000017.jpg,quality/unet_small/entropy/V02_f0000017.jpg,quality/disagreement/V02_f0000017.jpg,,,,"[[188.84741306304932, 152.3887151479721], [514.7311234474182, 153.1465140581131], [515.1526951789856, 241.5351276397705]]",unet_small/triangles/V02_f0000017.svg
V02_f0000083,dino_pyramid,dino_pyramid,val,V02,2.7666666666666666,19.352,0.9216389728096677,0.5691277389455457,0.31698915362358093,0.00798596628010273,1,0.0,0.066171875,0.5111847555923777,0.6765350877192983,109.75408799312518,318.93685084736416,17502.311596075924,models_disagree,../../dataset/images/V02_f0000083.png,dino_pyramid/overlays/V02_f0000083.jpg,quality/dino_pyramid/entropy/V02_f0000083.jpg,quality/disagreement/V02_f0000083.jpg,,,,"[[173.7364947795868, 171.0187222957611], [496.6213631629944, 157.3960418701172], [498.14292669296265, 268.5520832538605]]",dino_pyramid/triangles/V02_f0000083.svg
V02_f0000083,directional,directional,val,V02,2.7666666666666666,19.347,0.9197346600331675,0.5691277389455457,0.31874439120292664,0.007532029412686825,1,0.0,0.0754296875,0.6599753694581281,0.7951628459084502,103.74600029870757,384.0144036126277,19919.97921595184,models_disagree,../../dataset/images/V02_f0000083.png,directional/overlays/V02_f0000083.jpg,quality/directional/entropy/V02_f0000083.jpg,quality/disagreement/V02_f0000083.jpg,,,,"[[148.2546865940094, 167.4491492509842], [541.6603446006775, 169.23999923467636], [525.4208207130432, 273.05861711502075]]",directional/triangles/V02_f0000083.svg
V02_f0000031,baseline,baseline,train,V02,1.0333333333333334,19.324,0.9084954346963081,0.4177184254167758,0.35601264238357544,0.02381618693470955,1,0.0,0.06419198802747267,0.5920857988165681,0.7437862950058072,92.0299833582593,379.00929160275643,17440.10939941366,models_disagree,../../dataset/images/V02_f0000031.png,baseline/overlays/V02_f0000031.jpg,quality/baseline/entropy/V02_f0000031.jpg,quality/disagreement/V02_f0000031.jpg,,,,"[[189.64945077896118, 134.8794340491295], [563.5924887657166, 131.89178609848022], [566.821768283844, 222.60246014595032]]",baseline/triangles/V02_f0000031.svg
V01_f0000082,unet_small,unet_small,val,V01,2.7333333333333334,19.317,0.9125467795942486,0.5431880376770838,0.3480343222618103,0.009007877670228481,1,0.0,0.0627771204181674,0.4441058540497193,0.6150599733451799,93.45123436101414,358.1257413017006,16733.64629054857,models_disagree,../../dataset/images/V01_f0000082.png,unet_small/overlays/V01_f0000082.jpg,quality/unet_small/entropy/V01_f0000082.jpg,quality/disagreement/V01_f0000082.jpg,,,,"[[167.2369379401207, 169.03971880674362], [541.7889702320099, 170.49477249383926], [516.9826514720917, 261.5799754858017]]",unet_small/triangles/V01_f0000082.svg
V02_f0000043,unet_small,unet_small,train,V02,1.4333333333333333,19.309,0.9190116678105696,0.5603015873015873,0.32547950744628906,0.00828245934098959,1,0.0,0.054841688654353564,0.7753469771818395,0.873459652842189,111.79122468673322,264.6190993455408,14791.046595669166,models_disagree,../../dataset/images/V02_f0000043.png,unet_small/overlays/V02_f0000043.jpg,quality/unet_small/entropy/V02_f0000043.jpg,quality/disagreement/V02_f0000043.jpg,,,,"[[170.92121422290802, 167.0422620177269], [435.3309917449951, 167.9891093969345], [430.4365539550781, 279.4946246147156]]",unet_small/triangles/V02_f0000043.svg
V01_f0000034,directional,directional,train,V01,1.1333333333333333,19.292,0.921313183949974,0.5494776311213923,0.3179404139518738,0.010069985873997211,1,0.0,0.073277462472816,0.35903507473730945,0.5283676358488512,111.35927423031703,356.44339758871143,19846.63902983362,models_disagree,../../dataset/images/V01_f0000034.png,directional/overlays/V01_f0000034.jpg,quality/directional/entropy/V01_f0000034.jpg,quality/disagreement/V01_f0000034.jpg,,,,"[[189.17767524719238, 150.26074647903442], [566.121525645256, 139.934454113245], [530.5586560964584, 244.50715631246567]]",directional/triangles/V01_f0000034.svg
V01_f0000031,dino_linear,dino_linear,train,V01,1.0333333333333334,19.283,0.9086249164252285,0.4029560286543527,0.3564458191394806,0.025487825274467468,1,0.0,0.057526881720430106,0.6941896024464832,0.8194945848375451,93.95297558075497,336.94285732081363,15828.392022986103,models_disagree,../../dataset/images/V01_f0000031.png,dino_linear/overlays/V01_f0000031.jpg,quality/dino_linear/entropy/V01_f0000031.jpg,quality/disagreement/V01_f0000031.jpg,,,,"[[192.70834851264954, 132.76954740285873], [524.9437737464905, 140.65829291939735], [510.4782328605652, 231.34204745292664]]",dino_linear/triangles/V01_f0000031.svg
V02_f0000018,full,TopoFiberDINO Coordinate (ours),train,V02,0.6,19.28,0.9244743481917578,0.5024601846687736,0.306678831577301,0.01659827120602131,1,0.0,0.0762537699842528,0.6578345662407532,0.7936070095732598,118.63979963677063,350.4974351075877,20791.47273718311,models_disagree,../../dataset/images/V02_f0000018.png,full/overlays/V02_f0000018.jpg,quality/full/entropy/V02_f0000018.jpg,quality/disagreement/V02_f0000018.jpg,,,,"[[196.36042714118958, 170.4583648443222], [564.9745631217957, 150.0256371498108], [529.8420166969299, 261.5516834259033]]",full/triangles/V02_f0000018.svg
V01_f0000031,directional,directional,train,V01,1.0333333333333334,19.264,0.9239776301992311,0.4029560286543527,0.30905359983444214,0.028844507411122322,1,0.0,0.0739516129032258,0.5901523202267092,0.7422588549788371,117.66842509242439,345.8671787409324,20348.823106802778,models_disagree,../../dataset/images/V01_f0000031.png,directional/overlays/V01_f0000031.jpg,quality/directional/entropy/V01_f0000031.jpg,quality/disagreement/V01_f0000031.jpg,,,,"[[185.01560056209564, 137.35709711909294], [539.2245544195175, 131.76533952355385], [506.5791879892349, 242.04477667808533]]",directional/triangles/V01_f0000031.svg
V02_f0000076,full,TopoFiberDINO Coordinate (ours),val,V02,2.5333333333333337,19.223,0.9116242038216561,0.48429207824908005,0.34705719351768494,0.015694301575422287,1,0.0,0.06247892730243536,0.3536697247706422,0.5225347339884785,113.54519486092451,291.0716274647999,16524.892329488568,models_disagree,../../dataset/images/V02_f0000076.png,full/overlays/V02_f0000076.jpg,quality/full/entropy/V02_f0000076.jpg,quality/disagreement/V02_f0000076.jpg,,,,"[[169.01909708976746, 139.871479511261], [490.43877840042114, 142.59280329942703], [535.1783537864685, 248.6569081544876]]",full/triangles/V02_f0000076.svg
V01_f0000082,dino_pyramid,dino_pyramid,val,V01,2.7333333333333334,19.201,0.917004048582996,0.5431880376770838,0.33114391565322876,0.009430408477783203,1,0.0,0.06143784050866631,0.5553031626769177,0.7140770699921357,103.15544658616338,317.46546507529865,16374.145912763242,models_disagree,../../dataset/images/V01_f0000082.png,dino_pyramid/overlays/V01_f0000082.jpg,quality/dino_pyramid/entropy/V01_f0000082.jpg,quality/disagreement/V01_f0000082.jpg,,,,"[[175.8059482872486, 165.16312211751938], [496.4225709438324, 157.88721665740013], [498.46856927871704, 262.0728313922882]]",dino_pyramid/triangles/V01_f0000082.svg
V01_f0000012,unet_small,unet_small,train,V01,0.4,19.197,0.9079092311081736,0.42300769104892816,0.3592391610145569,0.022387931123375893,1,0.0,0.0582520325203252,0.7855199832600962,0.8798781202390719,92.85794077273206,349.87859257288466,16244.502813389889,models_disagree,../../dataset/images/V01_f0000012.png,unet_small/overlays/V01_f0000012.jpg,quality/unet_small/entropy/V01_f0000012.jpg,quality/disagreement/V01_f0000012.jpg,,,,"[[201.8836985230446, 137.5204101204872], [543.8357177972794, 138.98810371756554], [531.8705085515976, 228.1896024942398]]",unet_small/triangles/V01_f0000012.svg
V01_f0000093,unet_small,unet_small,test,V01,3.1,19.182,0.9138042773817239,0.49403331224963104,0.34124043583869934,0.014759411104023457,1,0.0,0.05711139896373057,0.6829755366949576,0.8116285968555325,98.8120081385493,308.0562794590789,15219.82979652086,models_disagree,../../dataset/images/V01_f0000093.png,unet_small/overlays/V01_f0000093.jpg,quality/unet_small/entropy/V01_f0000093.jpg,quality/disagreement/V01_f0000093.jpg,,,,"[[167.60443544387817, 161.199152469635], [479.5200833082199, 157.97532722353935], [481.72911417484283, 257.99931585788727]]",unet_small/triangles/V01_f0000093.svg
V02_f0000090,dino_linear,dino_linear,val,V02,3.0,19.179,0.9171293440263212,0.44178875462901485,0.32959771156311035,0.022024234756827354,1,0.0,0.06038860103626943,0.6953955135773318,0.8203342618384402,105.18341244685452,304.1337179596936,15994.91114757489,models_disagree,../../dataset/images/V02_f0000090.png,dino_linear/overlays/V02_f0000090.jpg,quality/dino_linear/entropy/V02_f0000090.jpg,quality/disagreement/V02_f0000090.jpg,,,,"[[153.8090944290161, 174.58787178993225], [462.24584341049194, 163.55823504924774], [468.87112855911255, 270.05497455596924]]",dino_linear/triangles/V02_f0000090.svg
V02_f0000022,dino_linear,dino_linear,train,V02,0.7333333333333334,19.17,0.9176270546004156,0.5079322914360768,0.3306710124015808,0.013826604001224041,1,0.0,0.06806626869676034,0.5140062986905354,0.6790015327348369,103.53864908305577,359.57530476115323,18614.97064929894,models_disagree,../../dataset/images/V02_f0000022.png,dino_linear/overlays/V02_f0000022.jpg,quality/dino_linear/entropy/V02_f0000022.jpg,quality/disagreement/V02_f0000022.jpg,,,,"[[179.24159824848175, 145.78941774368286], [534.5588636398315, 151.2417846918106], [520.6709289550781, 251.85404646396637]]",dino_linear/triangles/V02_f0000022.svg
V02_f0000064,dino_linear,dino_linear,train,V02,2.1333333333333333,19.168,0.9149806284976324,0.399368742910687,0.3353133797645569,0.026790255680680275,1,0.0,0.05813315926892951,0.7817000351246927,0.8774765894529325,101.65935486853576,305.62933959804514,15535.04074621695,models_disagree,../../dataset/images/V02_f0000064.png,dino_linear/overlays/V02_f0000064.jpg,quality/dino_linear/entropy/V02_f0000064.jpg,quality/disagreement/V02_f0000064.jpg,,,,"[[151.5009641647339, 176.92850160598755], [459.3042039871216, 172.42903435230255], [455.25381088256836, 274.5915582180023]]",dino_linear/triangles/V02_f0000064.svg
V02_f0000036,full,TopoFiberDINO Coordinate (ours),train,V02,1.2,19.166,0.9075342465753424,0.5467556123293829,0.35964930057525635,0.006678255740553141,1,0.0,0.05505277044854881,0.36914765906362546,0.5392371766768961,92.88717824954146,319.62451397802425,14844.509601399897,models_disagree,../../dataset/images/V02_f0000036.png,full/overlays/V02_f0000036.jpg,quality/full/entropy/V02_f0000036.jpg,quality/disagreement/V02_f0000036.jpg,,,,"[[181.9520115852356, 158.56927704811096], [501.363844871521, 155.30616515874863], [509.3039131164551, 247.52957248687744]]",full/triangles/V02_f0000036.svg
V01_f0000097,full,TopoFiberDINO Coordinate (ours),test,V01,3.2333333333333334,19.163,0.9321632539350885,0.542014977359805,0.27985426783561707,0.012798941694200039,1,0.0,0.08974093264248705,0.5812727500941384,0.7351960628671218,127.82479971532504,373.0971682437957,23845.535402559057,models_disagree,../../dataset/images/V01_f0000097.png,full/overlays/V01_f0000097.jpg,quality/full/entropy/V01_f0000097.jpg,quality/disagreement/V01_f0000097.jpg,,,,"[[178.09607085585594, 144.1122181713581], [570.4164638519287, 137.85071298480034], [537.6908798217773, 263.1542533636093]]",full/triangles/V01_f0000097.svg
V02_f0000018,dino_linear,dino_linear,train,V02,0.6,19.153,0.9171643228664997,0.5024601846687736,0.33326172828674316,0.014317147433757782,1,0.0,0.06659193423546055,0.5575244999328769,0.7159110498189967,103.02828361092607,351.60363916149805,18112.559727082265,models_disagree,../../dataset/images/V02_f0000018.png,dino_linear/overlays/V02_f0000018.jpg,quality/dino_linear/entropy/V02_f0000018.jpg,quality/disagreement/V02_f0000018.jpg,,,,"[[171.0585880279541, 161.4188586473465], [529.0771794319153, 159.14896178245544], [504.17941331863403, 257.5917081832886]]",dino_linear/triangles/V02_f0000018.svg
V02_f0000059,unet_small,unet_small,train,V02,1.9666666666666668,19.11,0.9136917261654767,0.4723022249170498,0.3330663740634918,0.017093367874622345,1,0.0,0.05926701570680628,0.8540517607127704,0.9212814645308924,102.76427980890833,308.58084784607746,15855.544295862235,models_disagree,../../dataset/images/V02_f0000059.png,unet_small/overlays/V02_f0000059.jpg,quality/unet_small/entropy/V02_f0000059.jpg,quality/disagreement/V02_f0000059.jpg,,,,"[[168.29651713371277, 158.87369847297668], [479.630069732666, 158.6770372390747], [469.9003744125366, 261.43052566051483]]",unet_small/triangles/V02_f0000059.svg
V01_f0000097,directional,directional,test,V01,3.2333333333333334,19.093,0.9248704663212435,0.542014977359805,0.3034071624279022,0.010806682519614697,1,0.0,0.08037564766839378,0.5637345272583618,0.7210105263157894,109.97930757610322,391.4933412885071,21528.083297782538,models_disagree,../../dataset/images/V01_f0000097.png,directional/overlays/V01_f0000097.jpg,quality/directional/entropy/V01_f0000097.jpg,quality/disagreement/V01_f0000097.jpg,,,,"[[155.01311933994293, 143.32447573542595], [556.5107479095459, 144.1122069954872], [539.0201144218445, 254.1571408510208]]",directional/triangles/V01_f0000097.svg
V01_f0000018,full,TopoFiberDINO Coordinate (ours),train,V01,0.6,19.084,0.9199189985272459,0.5315342032423882,0.320561021566391,0.010958144441246986,1,0.0,0.07047179237894623,0.4373099841906847,0.608511718419494,110.55922863187547,352.84218660043024,19504.979989663916,models_disagree,../../dataset/images/V01_f0000018.png,full/overlays/V01_f0000018.jpg,quality/full/entropy/V01_f0000018.jpg,quality/disagreement/V01_f0000018.jpg,,,,"[[188.4947392642498, 162.08698600530624], [533.7322961091995, 149.75716173648834], [524.5791982412338, 256.82075321674347]]",full/triangles/V01_f0000018.svg
V02_f0000031,unet_small,unet_small,train,V02,1.0333333333333334,19.082,0.9157515751575157,0.4177184254167758,0.334349662065506,0.024237453937530518,1,0.0,0.07040540901680964,0.7122641509433962,0.8319559228650137,99.01074859633435,388.24974378102564,19220.44888704718,models_disagree,../../dataset/images/V02_f0000031.png,unet_small/overlays/V02_f0000031.jpg,quality/unet_small/entropy/V02_f0000031.jpg,quality/disagreement/V02_f0000031.jpg,,,,"[[180.03861665725708, 136.50577920675278], [565.1063919067383, 135.56404787302017], [555.0567626953125, 232.69874739646912]]",unet_small/triangles/V02_f0000031.svg
V02_f0000033,full,TopoFiberDINO Coordinate (ours),train,V02,1.1,19.075,0.9012975962561157,0.4013727488956847,0.37940388917922974,0.02299315668642521,1,0.0,0.05915160828784908,0.7016583480920947,0.824675939067083,83.69091254126239,381.89094018684455,15980.400637738838,models_disagree,../../dataset/images/V02_f0000033.png,full/overlays/V02_f0000033.jpg,quality/full/entropy/V02_f0000033.jpg,quality/disagreement/V02_f0000033.jpg,,,,"[[179.49738264083862, 162.93229413032532], [560.8664417266846, 157.32497453689575], [570.6338882446289, 239.8914169073105]]",full/triangles/V02_f0000033.svg
V02_f0000043,full,TopoFiberDINO Coordinate (ours),train,V02,1.4333333333333333,19.07,0.9226408193123629,0.5603015873015873,0.31073832511901855,0.007907005958259106,1,0.0,0.06937994722955144,0.4376662234042553,0.6088565152040698,117.01542578885599,318.419593916716,18630.002180839572,models_disagree,../../dataset/images/V02_f0000043.png,full/overlays/V02_f0000043.jpg,quality/full/entropy/V02_f0000043.jpg,quality/disagreement/V02_f0000043.jpg,,,,"[[174.33115124702454, 165.76812148094177], [492.67295837402344, 156.8504529595375], [502.8307342529297, 273.23677587509155]]",full/triangles/V02_f0000043.svg
V02_f0000077,baseline,baseline,val,V02,2.566666666666667,19.047,0.9210909090909091,0.44235588972431084,0.32044434547424316,0.022187435999512672,1,0.0,0.06976623376623377,0.26171529619805484,0.41485634197617377,106.58777802484929,343.5528367445374,18309.266751367017,models_disagree,../../dataset/images/V02_f0000077.png,baseline/overlays/V02_f0000077.jpg,quality/baseline/entropy/V02_f0000077.jpg,quality/disagreement/V02_f0000077.jpg,,,,"[[169.8581349849701, 142.2641168832779], [518.5983681678772, 142.47388589382172], [512.5946259498596, 250.34052181243896]]",baseline/triangles/V02_f0000077.svg
V02_f0000081,unet_small,unet_small,val,V02,2.7,19.041,0.9172790975901556,0.4599307192967136,0.33098599314689636,0.019103018566966057,1,0.0,0.07274072727744817,0.11351623458343821,0.2038878842676311,99.1370462460547,388.81925716078126,19273.196339252503,models_disagree,../../dataset/images/V02_f0000081.png,unet_small/overlays/V02_f0000081.jpg,quality/unet_small/entropy/V02_f0000081.jpg,quality/disagreement/V02_f0000081.jpg,,,,"[[180.5925178527832, 164.92773020267487], [588.9874792098999, 159.47551929950714], [563.8367700576782, 256.74088418483734]]",unet_small/triangles/V02_f0000081.svg
V02_f0000010,directional,directional,train,V02,0.33333333333333337,19.035,0.9231972198088618,0.5092577967321295,0.3094368278980255,0.014237547293305397,1,0.0,0.0741739083789293,0.4131830008673027,0.5847551245857371,118.41102185445622,342.4965176690148,20277.68131939043,models_disagree,../../dataset/images/V02_f0000010.png,directional/overlays/V02_f0000010.jpg,quality/directional/entropy/V02_f0000010.jpg,quality/disagreement/V02_f0000010.jpg,,,,"[[201.61795735359192, 137.80157655477524], [563.7768387794495, 123.56330990791321], [524.5990061759949, 232.98181295394897]]",directional/triangles/V02_f0000010.svg
V02_f0000076,unet_small,unet_small,val,V02,2.5333333333333337,19.031,0.9221213569039656,0.48429207824908005,0.3127773106098175,0.01709464192390442,1,0.0,0.07824778898773245,0.4169715733183225,0.5885390803456153,106.85006753484177,387.97069671531966,20727.34757278576,models_disagree,../../dataset/images/V02_f0000076.png,unet_small/overlays/V02_f0000076.jpg,quality/unet_small/entropy/V02_f0000076.jpg,quality/disagreement/V02_f0000076.jpg,,,,"[[166.47236824035645, 148.34862196445465], [562.6202702522278, 138.9276750087738], [552.0339131355286, 246.73548197746277]]",unet_small/triangles/V02_f0000076.svg
V01_f0000099,unet_small,unet_small,test,V01,3.3000000000000003,19.021,0.9323415265200518,0.45129145308738977,0.27865421772003174,0.02347232960164547,1,0.0,0.09643018526886579,0.3688080028926118,0.5388747028264507,124.70692549718335,409.9299513390575,25560.551950351917,models_disagree,../../dataset/images/V01_f0000099.png,unet_small/overlays/V01_f0000099.jpg,quality/unet_small/entropy/V01_f0000099.jpg,quality/disagreement/V01_f0000099.jpg,,,,"[[160.08608335256577, 158.50994735956192], [582.9752633571625, 146.62816375494003], [564.2375109195709, 271.93502336740494]]",unet_small/triangles/V01_f0000099.svg
V02_f0000023,directional,directional,train,V02,0.7666666666666667,19.017,0.925,0.43395814830396234,0.30669647455215454,0.02396305277943611,1,0.0,0.07255636038089038,0.8196546199038632,0.9008903238430682,121.00084554457851,332.1079093952261,20092.668924432313,models_disagree,../../dataset/images/V02_f0000023.png,directional/overlays/V02_f0000023.jpg,quality/directional/entropy/V02_f0000023.jpg,quality/disagreement/V02_f0000023.jpg,,,,"[[193.05063843727112, 133.21043288707733], [530.825400352478, 125.88629549741745], [497.7569532394409, 238.4535071849823]]",directional/triangles/V02_f0000023.svg
V01_f0000027,dino_linear,dino_linear,train,V01,0.9,19.004,0.9228775113415425,0.38219386413273415,0.3083009123802185,0.029893234372138977,1,0.0,0.07954255989489067,0.6866163996229971,0.8141939089131042,114.48190724432605,381.4690522763397,21835.652329640445,models_disagree,../../dataset/images/V01_f0000027.png,dino_linear/overlays/V01_f0000027.jpg,quality/dino_linear/entropy/V01_f0000027.jpg,quality/disagreement/V01_f0000027.jpg,,,,"[[190.4989430308342, 136.3852210342884], [575.515725851059, 138.23698461055756], [547.9618294239044, 246.94014340639114]]",dino_linear/triangles/V01_f0000027.svg
V01_f0000028,full,TopoFiberDINO Coordinate (ours),train,V01,0.9333333333333333,18.993,0.9257607137167436,0.43982609935143613,0.30008140206336975,0.02328539453446865,1,0.0,0.08054575707154742,0.6118008276598585,0.7591518966374027,119.3386677081841,367.75872063509115,21943.917879329027,models_disagree,../../dataset/images/V01_f0000028.png,full/overlays/V01_f0000028.jpg,quality/full/entropy/V01_f0000028.jpg,quality/disagreement/V01_f0000028.jpg,,,,"[[165.00570487976074, 137.68619298934937], [527.9359501600266, 139.71839100122452], [527.0777317285538, 257.48875737190247]]",full/triangles/V01_f0000028.svg
V01_f0000009,full,TopoFiberDINO Coordinate (ours),train,V01,0.3,18.982,0.9227280972247415,0.4887463791687966,0.3115067481994629,0.016428260132670403,1,0.0,0.07015172596567945,0.8109965635738832,0.8956356736242884,115.95225425886875,329.4060219869124,19097.685407914487,models_disagree,../../dataset/images/V01_f0000009.png,full/overlays/V01_f0000009.jpg,quality/full/entropy/V01_f0000009.jpg,quality/disagreement/V01_f0000009.jpg,,,,"[[184.9691982269287, 120.41263282299042], [510.81179022789, 118.00314858555794], [511.3638231754303, 232.70248621702194]]",full/triangles/V01_f0000009.svg
V01_f0000086,unet_small,unet_small,val,V01,2.8666666666666667,18.974,0.9231707317073171,0.4300046882325363,0.30895695090293884,0.023830454796552658,1,0.0,0.07174025974025974,0.6779527559055119,0.8080713280150165,112.59202020581237,338.652465043745,19064.782593476753,models_disagree,../../dataset/images/V01_f0000086.png,unet_small/overlays/V01_f0000086.jpg,quality/unet_small/entropy/V01_f0000086.jpg,quality/disagreement/V01_f0000086.jpg,,,,"[[142.4944036602974, 175.26663467288017], [485.61976766586304, 168.7484309077263], [480.7717475891113, 282.5286537408829]]",unet_small/triangles/V01_f0000086.svg
V02_f0000006,unet_small,unet_small,train,V02,0.2,18.951,0.9275413922022432,0.4573135260148414,0.29589203000068665,0.02128536067903042,1,0.0,0.07133245382585753,0.7426910299003322,0.852349633018778,128.69061259636786,299.37779821168044,19263.55612480648,models_disagree,../../dataset/images/V02_f0000006.png,unet_small/overlays/V02_f0000006.jpg,quality/unet_small/entropy/V02_f0000006.jpg,quality/disagreement/V02_f0000006.jpg,,,,"[[190.81658363342285, 123.53736186027527], [489.10577058792114, 118.61544746160507], [495.6574559211731, 246.61104726791382]]",unet_small/triangles/V02_f0000006.svg
V01_f0000073,unet_small,unet_small,val,V01,2.4333333333333336,18.948,0.9346977404471786,0.39265630903958565,0.271745890378952,0.03096485324203968,1,0.0,0.10600871731008717,0.2735164835164835,0.4295452584347226,128.51228918268683,440.39523769234086,28298.100070498105,models_disagree,../../dataset/images/V01_f0000073.png,unet_small/overlays/V01_f0000073.jpg,quality/unet_small/entropy/V01_f0000073.jpg,quality/disagreement/V01_f0000073.jpg,,,,"[[164.58928263187408, 150.08331835269928], [615.0736916065216, 135.9766647219658], [598.2337896823883, 264.6913379430771]]",unet_small/triangles/V01_f0000073.svg
V01_f0000056,baseline,baseline,train,V01,1.8666666666666667,18.937,0.8993871297242084,0.43916219514233656,0.3835052251815796,0.01715249754488468,1,0.0,0.04877952755905512,0.7121004566210045,0.8318442458994533,83.44211023925084,314.1703151601077,13107.517035744942,models_disagree,../../dataset/images/V01_f0000056.png,baseline/overlays/V01_f0000056.jpg,quality/baseline/entropy/V01_f0000056.jpg,quality/disagreement/V01_f0000056.jpg,,,,"[[194.8543940782547, 149.1668075323105], [509.8088204860687, 145.47570794820786], [515.5786936283112, 228.7943959236145]]",baseline/triangles/V01_f0000056.svg
V01_f0000077,dino_pyramid,dino_pyramid,val,V01,2.566666666666667,18.935,0.9253463732681336,0.34897190848537507,0.30804502964019775,0.03425871953368187,1,0.0,0.07642487046632124,0.5770812650687845,0.7318345323741007,111.75610072068443,363.20224947001134,20295.03358687487,,../../dataset/images/V01_f0000077.png,dino_pyramid/overlays/V01_f0000077.jpg,quality/dino_pyramid/entropy/V01_f0000077.jpg,quality/disagreement/V01_f0000077.jpg,,,,"[[160.31764549016953, 137.283593416214], [528.5587104558945, 130.72150200605392], [531.8734055757523, 243.99011582136154]]",dino_pyramid/triangles/V01_f0000077.svg
V01_f0000097,baseline,baseline,test,V01,3.2333333333333334,18.932,0.9366919304502898,0.542014977359805,0.2528007924556732,0.012662302702665329,1,0.0,0.11269430051813471,0.6160593792172739,0.7624217118997912,144.47661265472368,414.1460151657657,29917.206707800822,models_disagree,../../dataset/images/V01_f0000097.png,baseline/overlays/V01_f0000097.jpg,quality/baseline/entropy/V01_f0000097.jpg,quality/disagreement/V01_f0000097.jpg,,,,"[[154.9052301645279, 143.27873289585114], [584.0238362550735, 133.96891951560974], [556.310203909874, 277.69888937473297]]",baseline/triangles/V01_f0000097.svg
V02_f0000036,directional,directional,train,V02,1.2,18.928,0.925072980862796,0.5467556123293829,0.3067685663700104,0.009437039494514465,1,0.0,0.07815303430079155,0.5156682027649769,0.6804499847978109,114.3119460645688,368.71898728445,21074.492493721238,models_disagree,../../dataset/images/V02_f0000036.png,directional/overlays/V02_f0000036.jpg,quality/directional/entropy/V02_f0000036.jpg,quality/disagreement/V02_f0000036.jpg,,,,"[[176.63802981376648, 153.2975878715515], [560.4959893226624, 148.90259271860123], [528.7621521949768, 258.30815517902374]]",directional/triangles/V02_f0000036.svg
V02_f0000095,unet_small,unet_small,test,V02,3.166666666666667,18.926,0.920785999385938,0.3685528044216423,0.31680694222450256,0.030736377462744713,1,0.0,0.08067010309278351,0.5917499712742732,0.7435212589330831,104.34994690622756,406.16069007594314,21191.423222410707,models_disagree,../../dataset/images/V02_f0000095.png,unet_small/overlays/V02_f0000095.jpg,quality/unet_small/entropy/V02_f0000095.jpg,quality/disagreement/V02_f0000095.jpg,,,,"[[169.3918526172638, 167.63051807880402], [602.9298877716064, 160.21436989307404], [573.565263748169, 262.6325399875641]]",unet_small/triangles/V02_f0000095.svg
V02_f0000093,baseline,baseline,test,V02,3.1,18.908,0.9223803363518758,0.5288878157404054,0.3136225640773773,0.01096273958683014,1,0.0,0.06718489727928928,0.7434803224276908,0.8528691868370954,110.20939879296004,321.0472999658911,17691.21495667198,models_disagree,../../dataset/images/V02_f0000093.png,baseline/overlays/V02_f0000093.jpg,quality/baseline/entropy/V02_f0000093.jpg,quality/disagreement/V02_f0000093.jpg,,,,"[[154.1975212097168, 154.42911446094513], [481.37874126434326, 151.47665464878082], [480.62201499938965, 263.77978253364563]]",baseline/triangles/V02_f0000093.svg
V02_f0000087,unet_small,unet_small,val,V02,2.9000000000000004,18.902,0.9228706624605678,0.3556559524369774,0.3093617558479309,0.03270083665847778,1,0.0,0.07897909186358511,0.7307429196880558,0.8444268774703557,108.43797301926736,384.60591743035764,20852.943048681846,models_disagree,../../dataset/images/V02_f0000087.png,unet_small/overlays/V02_f0000087.jpg,quality/unet_small/entropy/V02_f0000087.jpg,quality/disagreement/V02_f0000087.jpg,,,,"[[151.7273461818695, 170.99678683280945], [544.6294713020325, 159.94771134853363], [535.573890209198, 269.7207485437393]]",unet_small/triangles/V02_f0000087.svg
V01_f0000076,dino_linear,dino_linear,val,V01,2.5333333333333337,18.895,0.918232044198895,0.5039026629935721,0.32465729117393494,0.013090440072119236,1,0.0,0.06735973211852198,0.3249097472924188,0.4904632152588556,103.44411543044849,346.9242011185132,17943.633553059804,models_disagree,../../dataset/images/V01_f0000076.png,dino_linear/overlays/V01_f0000076.jpg,quality/dino_linear/entropy/V01_f0000076.jpg,quality/disagreement/V01_f0000076.jpg,,,,"[[172.2470165491104, 141.56392961740494], [523.3181935548782, 143.71900632977486], [520.4975908994675, 248.3409270644188]]",dino_linear/triangles/V01_f0000076.svg
V02_f0000085,baseline,baseline,val,V02,2.8333333333333335,18.851,0.9224692265294874,0.44216582642627245,0.31448519229888916,0.02153755910694599,1,0.0,0.06784415584415585,0.4522058823529412,0.6227848101265823,109.74007734241725,327.3277523348185,17960.48642877129,models_disagree,../../dataset/images/V02_f0000085.png,baseline/overlays/V02_f0000085.jpg,quality/baseline/entropy/V02_f0000085.jpg,quality/disagreement/V02_f0000085.jpg,,,,"[[163.63345563411713, 159.24271136522293], [495.9879541397095, 161.0626191496849], [489.3075942993164, 272.1228377819061]]",baseline/triangles/V02_f0000085.svg
V02_f0000042,dino_pyramid,dino_pyramid,train,V02,1.4000000000000001,18.845,0.9237713139418254,0.4620615269180266,0.3083135783672333,0.019316285848617554,1,0.0,0.06313583891202361,0.8980667838312829,0.9462962962962963,120.16621648678175,282.6349304818109,16981.5851215019,models_disagree,../../dataset/images/V02_f0000042.png,dino_pyramid/overlays/V02_f0000042.jpg,quality/dino_pyramid/entropy/V02_f0000042.jpg,quality/disagreement/V02_f0000042.jpg,,,,"[[149.15995180606842, 172.31106436252594], [431.59192085266113, 167.83680951595306], [427.75521755218506, 287.73308515548706]]",dino_pyramid/triangles/V02_f0000042.svg
V01_f0000062,baseline,baseline,train,V01,2.066666666666667,18.82,0.9142128448875493,0.44922231042897887,0.3400907516479492,0.018646150827407837,1,0.0,0.05383812010443864,0.709239672720016,0.8298890834792761,103.352067234956,279.1558977776782,14425.66955807655,models_disagree,../../dataset/images/V01_f0000062.png,baseline/overlays/V01_f0000062.jpg,quality/baseline/entropy/V01_f0000062.jpg,quality/disagreement/V01_f0000062.jpg,,,,"[[171.6672246158123, 172.64781519770622], [452.2176285982132, 165.0240272283554], [456.96685016155243, 268.8042148947716]]",baseline/triangles/V01_f0000062.svg
V02_f0000037,full,TopoFiberDINO Coordinate (ours),train,V02,1.2333333333333334,18.819,0.9019859064702114,0.46257707846055707,0.37806278467178345,0.014220577664673328,1,0.0,0.05866754617414248,0.640282583621684,0.780697899270458,82.44588339062489,381.94914467324026,15745.067321439441,models_disagree,../../dataset/images/V02_f0000037.png,full/overlays/V02_f0000037.jpg,quality/full/entropy/V02_f0000037.jpg,quality/disagreement/V02_f0000037.jpg,,,,"[[176.03896737098694, 174.4478771686554], [567.1074056625366, 167.43059104681015], [550.4578256607056, 248.09574818611145]]",full/triangles/V02_f0000037.svg
V01_f0000013,dino_pyramid,dino_pyramid,train,V01,0.43333333333333335,18.818,0.9148294267811558,0.4231454346951676,0.34535402059555054,0.022035136818885803,1,0.0,0.055331829896907214,0.8741258741258742,0.9328358208955224,103.70780542641498,294.06840416231915,15248.594420461077,models_disagree,../../dataset/images/V01_f0000013.png,dino_pyramid/overlays/V01_f0000013.jpg,quality/dino_pyramid/entropy/V01_f0000013.jpg,quality/disagreement/V01_f0000013.jpg,,,,"[[204.17604380846024, 142.74360984563828], [492.00705659389496, 139.86897468566895], [498.59868562221527, 241.0135567188263]]",dino_pyramid/triangles/V01_f0000013.svg
V02_f0000090,baseline,baseline,val,V02,3.0,18.8,0.9230904611052446,0.44178875462901485,0.3097382187843323,0.021473774686455727,1,0.0,0.07063471502590674,0.8396674584323041,0.9128469980632666,111.38477328969716,336.24366311376104,18726.212093011793,models_disagree,../../dataset/images/V02_f0000090.png,baseline/overlays/V02_f0000090.jpg,quality/baseline/entropy/V02_f0000090.jpg,quality/disagreement/V02_f0000090.jpg,,,,"[[149.33899462223053, 165.8501342535019], [490.94406366348267, 168.502987742424], [483.86486291885376, 281.2745625972748]]",baseline/triangles/V02_f0000090.svg
V02_f0000081,dino_pyramid,dino_pyramid,val,V02,2.7,18.785,0.9119025304592315,0.4599307192967136,0.34726056456565857,0.016612591221928596,1,0.0,0.05274773780622379,0.141875,0.24849480021893816,96.99363667069579,288.3165560823516,13982.435643398949,models_disagree,../../dataset/images/V02_f0000081.png,dino_pyramid/overlays/V02_f0000081.jpg,quality/dino_pyramid/entropy/V02_f0000081.jpg,quality/disagreement/V02_f0000081.jpg,,,,"[[201.07391953468323, 165.33433878421783], [493.2005739212036, 153.83032536506653], [493.65819454193115, 252.12161898612976]]",dino_pyramid/triangles/V02_f0000081.svg
V02_f0000011,unet_small,unet_small,train,V02,0.3666666666666667,18.783,0.9082883766552231,0.3961107349732942,0.35895469784736633,0.02376614138484001,1,0.0,0.05246051359192006,0.8642723880597015,0.9271953965474106,94.42654424454228,303.80261630822656,14343.515595218229,models_disagree,../../dataset/images/V02_f0000011.png,unet_small/overlays/V02_f0000011.jpg,quality/unet_small/entropy/V02_f0000011.jpg,quality/disagreement/V02_f0000011.jpg,,,,"[[206.81435465812683, 143.82097744941711], [505.8862280845642, 146.80408895015717], [495.9354329109192, 238.78403270244598]]",unet_small/triangles/V02_f0000011.svg
V01_f0000022,dino_linear,dino_linear,train,V01,0.7333333333333334,18.774,0.9179816513761467,0.4128164579504495,0.3297177255153656,0.023812657222151756,1,0.0,0.07004382780780297,0.6567607726597325,0.7928251121076233,104.17198164395744,371.089603468182,19328.56968037545,models_disagree,../../dataset/images/V01_f0000022.png,dino_linear/overlays/V01_f0000022.jpg,quality/dino_linear/entropy/V01_f0000022.jpg,quality/disagreement/V01_f0000022.jpg,,,,"[[183.83511316776276, 142.81819760799408], [550.5462247133255, 145.95919847488403], [533.815410733223, 246.25828117132187]]",dino_linear/triangles/V01_f0000022.svg
V01_f0000014,dino_linear,dino_linear,train,V01,0.4666666666666667,18.759,0.9123595505617977,0.5140287671606758,0.3413889408111572,0.009821213781833649,1,0.0,0.06408355795148248,0.4804181389870436,0.6490303331675783,104.17268264339465,336.70049836620257,17537.49708108762,models_disagree,../../dataset/images/V01_f0000014.png,dino_linear/overlays/V01_f0000014.jpg,quality/dino_linear/entropy/V01_f0000014.jpg,quality/disagreement/V01_f0000014.jpg,,,,"[[202.99071139097214, 143.01329478621483], [553.9682096242905, 142.2049216926098], [518.3229247331619, 237.34639585018158]]",dino_linear/triangles/V01_f0000014.svg
V01_f0000033,full,TopoFiberDINO Coordinate (ours),train,V01,1.1,18.757,0.9038301415487094,0.3877796876606873,0.37325620651245117,0.0236753448843956,1,0.0,0.060784574468085106,0.7220766459220439,0.8386115073704232,84.56358378041256,392.6142086325486,16600.43226253945,models_disagree,../../dataset/images/V01_f0000033.png,full/overlays/V01_f0000033.jpg,quality/full/entropy/V01_f0000033.jpg,quality/disagreement/V01_f0000033.jpg,,,,"[[181.54656398296356, 159.47659313678741], [569.0467708110809, 150.78040212392807], [567.7707815170288, 234.1943308711052]]",full/triangles/V01_f0000033.svg
V01_f0000050,baseline,baseline,train,V01,1.6666666666666667,18.756,0.9350018223788118,0.3894638847817754,0.2690798044204712,0.030473846942186356,1,0.0,0.10506596306068601,0.769877594465141,0.8699783497714698,133.4638359236819,424.676685493944,28339.4897366884,models_disagree,../../dataset/images/V01_f0000050.png,baseline/overlays/V01_f0000050.jpg,quality/baseline/entropy/V01_f0000050.jpg,quality/disagreement/V01_f0000050.jpg,,,,"[[163.75561398267746, 136.20657473802567], [589.2888280153275, 128.82569432258606], [577.227417588234, 261.2488567829132]]",baseline/triangles/V01_f0000050.svg
V02_f0000009,full,TopoFiberDINO Coordinate (ours),train,V02,0.3,18.75,0.9142628205128205,0.4874892809016293,0.33945193886756897,0.013520737178623676,1,0.0,0.06392633124249299,0.7863804328699631,0.8804176516942475,116.166467227971,299.22920245035647,17380.199670050617,models_disagree,../../dataset/images/V02_f0000009.png,full/overlays/V02_f0000009.jpg,quality/full/entropy/V02_f0000009.jpg,quality/disagreement/V02_f0000009.jpg,,,,"[[178.83726239204407, 116.96260809898376], [490.6591272354126, 118.54416835308075], [527.2649717330933, 227.04180550575256]]",full/triangles/V02_f0000009.svg
V01_f0000083,directional,directional,val,V01,2.7666666666666666,18.749,0.9223430962343097,0.5652554164182071,0.31021344661712646,0.0056150853633880615,1,0.0,0.0731077944475421,0.6632581100141044,0.7975408098367607,107.00969417932593,367.17172246467277,19645.466866120485,models_disagree,../../dataset/images/V01_f0000083.png,directional/overlays/V01_f0000083.jpg,quality/directional/entropy/V01_f0000083.jpg,quality/disagreement/V01_f0000083.jpg,,,,"[[147.65527737140656, 166.0517156124115], [523.9695744514465, 166.20542854070663], [507.53295826911926, 273.36542308330536]]",directional/triangles/V01_f0000083.svg
V02_f0000026,full,TopoFiberDINO Coordinate (ours),train,V02,0.8666666666666667,18.745,0.937253937007874,0.41736168645862104,0.26302817463874817,0.027436863631010056,1,0.0,0.10634275451365914,0.6247455902306649,0.7690380500026097,144.89608758754446,403.6503262897493,29243.676516410203,models_disagree,../../dataset/images/V02_f0000026.png,full/overlays/V02_f0000026.jpg,quality/full/entropy/V02_f0000026.jpg,quality/disagreement/V02_f0000026.jpg,,,,"[[180.3507649898529, 129.30833917856216], [592.768657207489, 120.97171521186829], [553.226330280304, 256.6154463291168]]",full/triangles/V02_f0000026.svg
V02_f0000022,directional,directional,train,V02,0.7333333333333334,18.731,0.9196305757516211,0.5079322914360768,0.3233729302883148,0.012080593034625053,1,0.0,0.06567844925883694,0.635500365230095,0.7771326485037964,110.04289089646551,326.17755387442946,17946.760486939922,models_disagree,../../dataset/images/V02_f0000022.png,directional/overlays/V02_f0000022.jpg,quality/directional/entropy/V02_f0000022.jpg,quality/disagreement/V02_f0000022.jpg,,,,"[[196.1726975440979, 135.45009046792984], [530.7749319076538, 130.72396790981293], [500.62283992767334, 234.37393462657928]]",directional/triangles/V02_f0000022.svg
V02_f0000096,dino_pyramid,dino_pyramid,test,V02,3.2,18.725,0.9274410271722903,0.4813175597309209,0.2970672845840454,0.01713431067764759,1,0.0,0.0832000825295301,0.8133552271483306,0.8970721400543314,115.37205015197434,379.39999307140187,21886.077514146247,models_disagree,../../dataset/images/V02_f0000096.png,dino_pyramid/overlays/V02_f0000096.jpg,quality/dino_pyramid/entropy/V02_f0000096.jpg,quality/disagreement/V02_f0000096.jpg,,,,"[[152.47791409492493, 148.11658310890198], [539.8189973831177, 152.494513630867], [534.4639348983765, 270.09815442562103]]",dino_pyramid/triangles/V02_f0000096.svg
V01_f0000056,full,TopoFiberDINO Coordinate (ours),train,V01,1.8666666666666667,18.723,0.9080585280628958,0.43916219514233656,0.3567119240760803,0.018033886328339577,1,0.0,0.05721784776902887,0.7746294681778553,0.8730041758781626,97.34570379113052,316.0650055277497,15383.785203423176,models_disagree,../../dataset/images/V01_f0000056.png,full/overlays/V01_f0000056.jpg,quality/full/entropy/V01_f0000056.jpg,quality/disagreement/V01_f0000056.jpg,,,,"[[194.0800894498825, 155.45359253883362], [516.0239362716675, 148.46954494714737], [536.293315410614, 243.77240985631943]]",full/triangles/V01_f0000056.svg
V01_f0000080,dino_pyramid,dino_pyramid,val,V01,2.666666666666667,18.716,0.9100688468158348,0.3985042735042736,0.35203203558921814,0.023530801758170128,1,0.0,0.05769879799579428,0.31076701476413393,0.47417582417582416,92.06319439418857,333.71151155814505,15361.273880078006,models_disagree,../../dataset/images/V01_f0000080.png,dino_pyramid/overlays/V01_f0000080.jpg,quality/dino_pyramid/entropy/V01_f0000080.jpg,quality/disagreement/V01_f0000080.jpg,,,,"[[200.34340572357178, 156.93775936961174], [538.3056483268738, 153.59538048505783], [533.4374489784241, 246.52793258428574]]",dino_pyramid/triangles/V01_f0000080.svg
V02_f0000100,directional,directional,test,V02,3.3333333333333335,18.676,0.9255005432252057,0.5338219698495161,0.3027908205986023,0.009888900443911552,1,0.0,0.08044368423780646,0.32162632494858406,0.4867129518793392,112.29983309243438,378.59105046048813,21257.85588850111,models_disagree,../../dataset/images/V02_f0000100.png,directional/overlays/V02_f0000100.jpg,quality/directional/entropy/V02_f0000100.jpg,quality/disagreement/V02_f0000100.jpg,,,,"[[156.4706540107727, 156.43467116355896], [545.4308080673218, 161.68775755167007], [526.2149477005005, 274.0433945655823]]",directional/triangles/V02_f0000100.svg
V02_f0000097,dino_pyramid,dino_pyramid,test,V02,3.2333333333333334,18.665,0.9258229700073153,0.4827879704936637,0.2983771562576294,0.016287464648485184,1,0.0,0.08505717423606177,0.6840193704600485,0.8123652048885693,113.6049743254511,394.86388717440343,22429.25088224796,models_disagree,../../dataset/images/V02_f0000097.png,dino_pyramid/overlays/V02_f0000097.jpg,quality/dino_pyramid/entropy/V02_f0000097.jpg,quality/disagreement/V02_f0000097.jpg,,,,"[[158.7967085838318, 149.314818918705], [560.9863543510437, 151.1639739871025], [556.6788125038147, 266.7358982563019]]",dino_pyramid/triangles/V02_f0000097.svg
V01_f0000023,unet_small,unet_small,train,V01,0.7666666666666667,18.662,0.9188270293242669,0.4165052366328057,0.32363414764404297,0.022985421121120453,1,0.0,0.060664361537530104,0.7284625903496776,0.8429023508137432,119.16055344785515,281.2570500416725,16757.372872038395,models_disagree,../../dataset/images/V01_f0000023.png,unet_small/overlays/V01_f0000023.jpg,quality/unet_small/entropy/V01_f0000023.jpg,quality/disagreement/V01_f0000023.jpg,,,,"[[187.37957227230072, 134.53054055571556], [463.2479981184006, 126.5561431646347], [479.3142946958542, 241.66276305913925]]",unet_small/triangles/V01_f0000023.svg
V01_f0000081,unet_small,unet_small,val,V01,2.7,18.659,0.9184385382059801,0.4573724668064291,0.3252601623535156,0.017770376056432724,1,0.0,0.07449612403100775,0.47202797202797203,0.6413301662707839,101.20815473833171,391.0251988092255,19787.469413835508,models_disagree,../../dataset/images/V01_f0000081.png,unet_small/overlays/V01_f0000081.jpg,quality/unet_small/entropy/V01_f0000081.jpg,quality/disagreement/V01_f0000081.jpg,,,,"[[173.86691507697105, 166.25017672777176], [583.8243911266327, 160.03885120153427], [559.527149438858, 259.8405182361603]]",unet_small/triangles/V01_f0000081.svg
V01_f0000096,dino_pyramid,dino_pyramid,test,V01,3.2,18.656,0.9239240935276177,0.4289195775792039,0.3057912290096283,0.022550323978066444,1,0.0,0.07177704833622965,0.7902138039890946,0.8828150048092337,110.7192604847787,346.09162238725673,19159.504245347172,models_disagree,../../dataset/images/V01_f0000096.png,dino_pyramid/overlays/V01_f0000096.jpg,quality/dino_pyramid/entropy/V01_f0000096.jpg,quality/disagreement/V01_f0000096.jpg,,,,"[[177.4119610786438, 152.96811237931252], [530.2986731529236, 153.15578877925873], [525.8686237335205, 265.8771425485611]]",dino_pyramid/triangles/V01_f0000096.svg
V01_f0000029,dino_linear,dino_linear,train,V01,0.9666666666666667,18.653,0.9129770992366413,0.39196065854180034,0.34378987550735474,0.02468755841255188,1,0.0,0.0584899113910537,0.6234234234234234,0.7680355160932297,99.62753977339034,321.4503681216379,16012.654667604722,models_disagree,../../dataset/images/V01_f0000029.png,dino_linear/overlays/V01_f0000029.jpg,quality/dino_linear/entropy/V01_f0000029.jpg,quality/disagreement/V01_f0000029.jpg,,,,"[[183.6145896911621, 136.1847035586834], [500.21952068805695, 142.74966716766357], [492.4427090883255, 240.4182404279709]]",dino_linear/triangles/V01_f0000029.svg
V01_f0000033,dino_linear,dino_linear,train,V01,1.1,18.653,0.9240044423290497,0.3877796876606873,0.3106444180011749,0.027692165225744247,1,0.0,0.08140957446808511,0.6674958540630183,0.8005967180507211,113.31902454452027,389.4812374021258,22067.81695040081,models_disagree,../../dataset/images/V01_f0000033.png,dino_linear/overlays/V01_f0000033.jpg,quality/dino_linear/entropy/V01_f0000033.jpg,quality/disagreement/V01_f0000033.jpg,,,,"[[184.37750601768494, 144.65795829892159], [582.9618271589279, 145.22531256079674], [553.078223824501, 252.94862687587738]]",dino_linear/triangles/V01_f0000033.svg
V02_f0000077,dino_linear,dino_linear,val,V02,2.566666666666667,18.652,0.9228405046910385,0.44235588972431084,0.3102361559867859,0.020605893805623055,1,0.0,0.07718181818181818,0.2500232969900289,0.4000298195914716,108.53176112922664,376.441071239701,20427.906211508707,models_disagree,../../dataset/images/V02_f0000077.png,dino_linear/overlays/V02_f0000077.jpg,quality/dino_linear/entropy/V02_f0000077.jpg,quality/disagreement/V02_f0000077.jpg,,,,"[[174.66655611991882, 147.5388823747635], [559.2515516281128, 151.39675962924957], [544.3154954910278, 260.38199269771576]]",dino_linear/triangles/V02_f0000077.svg
V01_f0000081,directional,directional,val,V01,2.7,18.643,0.924298128342246,0.4573724668064291,0.3072730600833893,0.019008511677384377,1,0.0,0.07310077519379846,0.3950534759358289,0.5663632007666507,109.51107189182906,357.35609855217626,19567.224699765462,models_disagree,../../dataset/images/V01_f0000081.png,directional/overlays/V01_f0000081.jpg,quality/directional/entropy/V01_f0000081.jpg,quality/disagreement/V01_f0000081.jpg,,,,"[[154.60169196128845, 156.47893399000168], [519.7051049470901, 157.2962924838066], [506.678386092186, 267.67366379499435]]",directional/triangles/V01_f0000081.svg
V02_f0000040,baseline,baseline,train,V02,1.3333333333333335,18.638,0.9218538565629228,0.2506349690135122,0.3119996190071106,0.04427943751215935,1,0.0,0.07493659516009722,0.8225700164744646,0.9026484678658592,109.7980487063034,367.80417327040857,20192.090265562987,,../../dataset/images/V02_f0000040.png,baseline/overlays/V02_f0000040.jpg,quality/baseline/entropy/V02_f0000040.jpg,quality/disagreement/V02_f0000040.jpg,,,,"[[161.22478902339935, 177.22039484977722], [530.437023639679, 169.2583568096161], [519.3511891365051, 278.10560154914856]]",baseline/triangles/V02_f0000040.svg
V02_f0000097,baseline,baseline,test,V02,3.2333333333333334,18.632,0.9356617647058824,0.4827879704936637,0.2661381959915161,0.018336914479732513,1,0.0,0.10189288713741197,0.7243013972055888,0.8401099696136594,133.64691929118254,402.41276879625474,26890.61341652718,models_disagree,../../dataset/images/V02_f0000097.png,baseline/overlays/V02_f0000097.jpg,quality/baseline/entropy/V02_f0000097.jpg,quality/disagreement/V02_f0000097.jpg,,,,"[[152.44471907615662, 153.0111562013626], [573.0689907073975, 142.97318518161774], [545.2208232879639, 276.1479506492615]]",baseline/triangles/V02_f0000097.svg
V01_f0000018,dino_linear,dino_linear,train,V01,0.6,18.63,0.9165678133649664,0.5315342032423882,0.33403465151786804,0.007933740504086018,1,0.0,0.06543519943827811,0.44029193406316847,0.6113926262449764,106.00251529588425,341.97217692684956,18124.955457727603,models_disagree,../../dataset/images/V01_f0000018.png,dino_linear/overlays/V01_f0000018.jpg,quality/dino_linear/entropy/V01_f0000018.jpg,quality/disagreement/V01_f0000018.jpg,,,,"[[183.13101142644882, 155.8825671672821], [533.5857965946198, 151.91032737493515], [502.00643515586853, 249.9765157699585]]",dino_linear/triangles/V01_f0000018.svg
V01_f0000010,unet_small,unet_small,train,V01,0.33333333333333337,18.626,0.9034945614441101,0.45385268252162453,0.37079933285713196,0.014683357439935207,1,0.0,0.054586666666666665,0.6075616176118689,0.755879726108961,86.97437481593606,343.9836834090593,14958.882905692906,models_disagree,../../dataset/images/V01_f0000010.png,unet_small/overlays/V01_f0000010.jpg,quality/unet_small/entropy/V01_f0000010.jpg,quality/disagreement/V01_f0000010.jpg,,,,"[[214.3639287352562, 141.56313613057137], [557.1426488161087, 144.36375349760056], [543.1634083986282, 228.8372665643692]]",unet_small/triangles/V01_f0000010.svg
V02_f0000042,dino_linear,dino_linear,train,V02,1.4000000000000001,18.621,0.9172699069286453,0.4620615269180266,0.3311462700366974,0.016732526943087578,1,0.0,0.061159137631121185,0.5923460898502496,0.7439916405433646,104.26784427260323,315.1226453517881,16428.57945615551,models_disagree,../../dataset/images/V02_f0000042.png,dino_linear/overlays/V02_f0000042.jpg,quality/dino_linear/entropy/V02_f0000042.jpg,quality/disagreement/V02_f0000042.jpg,,,,"[[152.94705033302307, 172.69480121135712], [468.2830810546875, 168.6808567047119], [462.2615146636963, 272.59340250492096]]",dino_linear/triangles/V02_f0000042.svg
V01_f0000062,unet_small,unet_small,train,V01,2.066666666666667,18.595,0.9259715139792509,0.44922231042897887,0.30672213435173035,0.020166698843240738,1,0.0,0.07127937336814621,0.7397645405025479,0.8504191495808504,113.96442587044719,335.97870030284196,19144.80984235621,models_disagree,../../dataset/images/V01_f0000062.png,unet_small/overlays/V01_f0000062.jpg,quality/unet_small/entropy/V01_f0000062.jpg,quality/disagreement/V01_f0000062.jpg,,,,"[[151.56923192739487, 173.77141490578651], [490.1110042333603, 170.58312892913818], [483.1551493406296, 284.92802381515503]]",unet_small/triangles/V01_f0000062.svg
V01_f0000086,baseline,baseline,val,V01,2.8666666666666667,18.592,0.920372792674951,0.4300046882325363,0.31690654158592224,0.02129378728568554,1,0.0,0.07614285714285714,0.4352480417754569,0.60651264325996,104.86398410483888,387.1865478656575,20300.96200049587,models_disagree,../../dataset/images/V01_f0000086.png,baseline/overlays/V01_f0000086.jpg,quality/baseline/entropy/V01_f0000086.jpg,quality/disagreement/V01_f0000086.jpg,,,,"[[154.78245627880096, 180.7003766298294], [548.5980259180069, 171.53116688132286], [539.6237443685532, 277.2176116704941]]",baseline/triangles/V01_f0000086.svg
V01_f0000081,full,TopoFiberDINO Coordinate (ours),val,V01,2.7,18.583,0.9066496163682864,0.4573724668064291,0.3665684163570404,0.014738739468157291,1,0.0,0.0589922480620155,0.44628622042262434,0.6171478565179352,86.19555532607325,358.91834542586787,15468.58305034903,models_disagree,../../dataset/images/V01_f0000081.png,full/overlays/V01_f0000081.jpg,quality/full/entropy/V01_f0000081.jpg,quality/disagreement/V01_f0000081.jpg,,,,"[[162.53381901979446, 159.9675491452217], [528.4844866991043, 159.58819538354874], [520.19560110569, 246.67498469352722]]",full/triangles/V01_f0000081.svg
V01_f0000071,directional,directional,train,V01,2.3666666666666667,18.573,0.9242585551330799,0.4028339215057213,0.30578967928886414,0.025469886139035225,1,0.0,0.08234500298445488,0.5097462702820429,0.6752740911713792,111.15344603380477,394.12587770927223,21904.224739241763,models_disagree,../../dataset/images/V01_f0000071.png,directional/overlays/V01_f0000071.jpg,quality/directional/entropy/V01_f0000071.jpg,quality/disagreement/V01_f0000071.jpg,,,,"[[156.00804734230042, 150.58978646993637], [561.7533127069473, 148.16853404045105], [541.0632656812668, 258.594386279583]]",directional/triangles/V01_f0000071.svg
V01_f0000083,dino_pyramid,dino_pyramid,val,V01,2.7666666666666666,18.571,0.9254840940525588,0.5652554164182071,0.3069828748703003,0.005431534722447395,1,0.0,0.07240757789909101,0.6797994269340975,0.8093816631130064,113.58787680312899,337.714455839261,19180.134002252864,models_disagree,../../dataset/images/V01_f0000083.png,dino_pyramid/overlays/V01_f0000083.jpg,quality/dino_pyramid/entropy/V01_f0000083.jpg,quality/disagreement/V01_f0000083.jpg,,,,"[[168.7832995057106, 173.8385707139969], [511.050994515419, 161.6549715399742], [510.0130606889725, 276.72797441482544]]",dino_pyramid/triangles/V01_f0000083.svg
V01_f0000095,unet_small,unet_small,test,V01,3.166666666666667,18.571,0.9207952035342379,0.3016537158796574,0.3166869282722473,0.03732505813241005,1,0.0,0.07889796605341862,0.47303289677219756,0.6422570708485018,105.18788559594803,397.81305872949963,20922.55725510638,,../../dataset/images/V01_f0000095.png,unet_small/overlays/V01_f0000095.jpg,quality/unet_small/entropy/V01_f0000095.jpg,quality/disagreement/V01_f0000095.jpg,,,,"[[166.71597307920456, 163.92674669623375], [579.5674638748169, 157.18954056501389], [558.5290746688843, 261.7628574371338]]",unet_small/triangles/V01_f0000095.svg
V01_f0000098,dino_linear,dino_linear,test,V01,3.2666666666666666,18.557,0.92863163810059,0.41113015424942023,0.29071980714797974,0.025334378704428673,1,0.0,0.08870758870758871,0.36674383766852786,0.536667995217218,118.53004812718194,397.82402278974155,23577.050283708595,models_disagree,../../dataset/images/V01_f0000098.png,dino_linear/overlays/V01_f0000098.jpg,quality/dino_linear/entropy/V01_f0000098.jpg,quality/disagreement/V01_f0000098.jpg,,,,"[[172.51376754045486, 152.97004580497742], [588.2517433166504, 150.65831691026688], [559.7671029567719, 267.40801334381104]]",dino_linear/triangles/V01_f0000098.svg
V01_f0000069,full,TopoFiberDINO Coordinate (ours),train,V01,2.3000000000000003,18.55,0.911660777385159,0.4466798810703667,0.3396744430065155,0.017037076875567436,1,0.0,0.07027860168119471,0.6455106409772069,0.7845718221473942,96.36742681874993,387.67070153696426,18679.413980068424,models_disagree,../../dataset/images/V01_f0000069.png,full/overlays/V01_f0000069.jpg,quality/full/entropy/V01_f0000069.jpg,quality/disagreement/V01_f0000069.jpg,,,,"[[178.45098128914833, 166.57955199480057], [589.1051666736603, 167.0490950345993], [560.3479063510895, 260.29716432094574]]",full/triangles/V01_f0000069.svg
V01_f0000025,full,TopoFiberDINO Coordinate (ours),train,V01,0.8333333333333334,18.541,0.9249214486522243,0.5225851986287559,0.3102152645587921,0.010486931540071964,1,0.0,0.07855147941767746,0.5821123321123322,0.7358672583445881,116.78472516598966,371.42899889828465,21688.616777507425,models_disagree,../../dataset/images/V01_f0000025.png,full/overlays/V01_f0000025.jpg,quality/full/entropy/V01_f0000025.jpg,quality/disagreement/V01_f0000025.jpg,,,,"[[183.86852884292603, 137.4596804380417], [545.541465640068, 123.63744154572487], [554.8811718225479, 236.94303631782532]]",full/triangles/V01_f0000025.svg
V02_f0000053,dino_pyramid,dino_pyramid,train,V02,1.7666666666666668,18.538,0.9081019646046437,0.4865800209667438,0.3564035892486572,0.011192085221409798,1,0.0,0.07720757597694039,0.8196974374807039,0.9009161859518154,87.21509734559358,475.8025213768287,20748.58160957949,models_disagree,../../dataset/images/V02_f0000053.png,dino_pyramid/overlays/V02_f0000053.jpg,quality/dino_pyramid/entropy/V02_f0000053.jpg,quality/disagreement/V02_f0000053.jpg,,,,"[[151.73078835010529, 164.37390434741974], [627.359869480133, 153.5872519016266], [631.6240525245667, 240.65855622291565]]",dino_pyramid/triangles/V02_f0000053.svg
V01_f0000037,directional,directional,train,V01,1.2333333333333334,18.537,0.9220250691844376,0.4912670162411809,0.31506943702697754,0.013730633072555065,1,0.0,0.07800155633812104,0.4199558715371415,0.5915055248618785,110.2142581284192,381.8867875585002,21044.684489902666,models_disagree,../../dataset/images/V01_f0000037.png,directional/overlays/V01_f0000037.jpg,quality/directional/entropy/V01_f0000037.jpg,quality/disagreement/V01_f0000037.jpg,,,,"[[172.3285577893257, 161.94233670830727], [571.0469162464142, 155.44043853878975], [539.7484662532806, 260.64256578683853]]",directional/triangles/V01_f0000037.svg
V02_f0000078,baseline,baseline,val,V02,2.6,18.534,0.9178284402164999,0.3678676753429927,0.32407939434051514,0.028198011219501495,1,0.0,0.07741558441558441,0.4008725779545746,0.572318402491527,102.91193907447678,395.0932238545963,20329.904891031416,models_disagree,../../dataset/images/V02_f0000078.png,baseline/overlays/V02_f0000078.jpg,quality/baseline/entropy/V02_f0000078.jpg,quality/disagreement/V02_f0000078.jpg,,,,"[[155.94981014728546, 148.40658152103424], [556.1382293701172, 147.5165902376175], [557.364993095398, 251.7439901828766]]",baseline/triangles/V02_f0000078.svg
V01_f0000036,dino_linear,dino_linear,train,V01,1.2,18.532,0.9229156587647154,0.47971372101302495,0.3085392117500305,0.015349777415394783,1,0.0,0.07907407407407407,0.5682661242072514,0.7247062414161453,113.93095683989168,375.7729072867072,21406.083440841227,models_disagree,../../dataset/images/V01_f0000036.png,dino_linear/overlays/V01_f0000036.jpg,quality/dino_linear/entropy/V01_f0000036.jpg,quality/disagreement/V01_f0000036.jpg,,,,"[[185.47968634963036, 151.53097361326218], [574.3788936138153, 154.20067682862282], [541.6521108150482, 262.4630704522133]]",dino_linear/triangles/V01_f0000036.svg
V02_f0000093,dino_linear,dino_linear,test,V02,3.1,18.511,0.9172222222222223,0.5288878157404054,0.3290118873119354,0.007819471880793571,1,0.0,0.0668620792066423,0.5250103921296938,0.6885335271669998,100.00609483382678,351.96700781355196,17599.422980890165,models_disagree,../../dataset/images/V02_f0000093.png,dino_linear/overlays/V02_f0000093.jpg,quality/dino_linear/entropy/V02_f0000093.jpg,quality/disagreement/V02_f0000093.jpg,,,,"[[150.43291568756104, 177.01410341262817], [509.71657276153564, 173.44780731201172], [504.64849948883057, 275.23000502586365]]",dino_linear/triangles/V02_f0000093.svg
V02_f0000096,full,TopoFiberDINO Coordinate (ours),test,V02,3.2,18.503,0.9393212204319507,0.4813175597309209,0.25447991490364075,0.018696637824177742,1,0.0,0.10933873214009387,0.624561403508772,0.7688984881209503,144.52975103693575,398.0557115870882,28765.44644725608,models_disagree,../../dataset/images/V02_f0000096.png,full/overlays/V02_f0000096.jpg,quality/full/entropy/V02_f0000096.jpg,quality/disagreement/V02_f0000096.jpg,,,,"[[154.82412099838257, 147.32516765594482], [583.6725211143494, 129.86741483211517], [541.7309403419495, 271.2557405233383]]",full/triangles/V02_f0000096.svg
V02_f0000037,directional,directional,train,V02,1.2333333333333334,18.497,0.9218625418593526,0.46257707846055707,0.3112281560897827,0.017079660668969154,1,0.0,0.07961741424802111,0.5405180608365019,0.701735441573467,110.74105340538173,385.600918889167,21350.92597593476,models_disagree,../../dataset/images/V02_f0000037.png,directional/overlays/V02_f0000037.jpg,quality/directional/entropy/V02_f0000037.jpg,quality/disagreement/V02_f0000037.jpg,,,,"[[169.45363640785217, 166.10386335849762], [572.7594709396362, 164.40861320495605], [540.4465484619141, 270.2176625728607]]",directional/triangles/V02_f0000037.svg
V01_f0000079,dino_pyramid,dino_pyramid,val,V01,2.6333333333333333,18.49,0.9121991701244814,0.40086584004585635,0.3399380147457123,0.022586213424801826,1,0.0,0.07472223300091835,0.6226300621871682,0.7674331650775846,93.25694865424735,424.4497331311985,19791.443484462587,models_disagree,../../dataset/images/V01_f0000079.png,dino_pyramid/overlays/V01_f0000079.jpg,quality/dino_pyramid/entropy/V01_f0000079.jpg,quality/disagreement/V01_f0000079.jpg,,,,"[[142.098510324955, 161.68604046106339], [573.5780662298203, 159.10450369119644], [568.6282507181168, 253.6170557141304]]",dino_pyramid/triangles/V01_f0000079.svg
V02_f0000071,dino_linear,dino_linear,val,V02,2.3666666666666667,18.49,0.9278305963699223,0.44455232978390563,0.2940824329853058,0.02064446546137333,1,0.0,0.08705729166666666,0.6067732831608654,0.7552693208430913,116.91925840381175,396.7059530358161,23191.282916662494,models_disagree,../../dataset/images/V02_f0000071.png,dino_linear/overlays/V02_f0000071.jpg,quality/dino_linear/entropy/V02_f0000071.jpg,quality/disagreement/V02_f0000071.jpg,,,,"[[170.98069489002228, 150.748504281044], [580.2634477615356, 142.6435513496399], [557.9529905319214, 258.51375555992126]]",dino_linear/triangles/V02_f0000071.svg
V02_f0000081,dino_linear,dino_linear,val,V02,2.7,18.488,0.9200692041522491,0.4599307192967136,0.31839877367019653,0.016964517533779144,1,0.0,0.07213055162475496,0.17456292539703724,0.2972389501193046,104.95801003199992,363.6939116689776,19086.29461476492,models_disagree,../../dataset/images/V02_f0000081.png,dino_linear/overlays/V02_f0000081.jpg,quality/dino_linear/entropy/V02_f0000081.jpg,quality/disagreement/V02_f0000081.jpg,,,,"[[161.5092372894287, 165.5246021747589], [530.6822061538696, 160.13365006446838], [525.9311628341675, 266.39086055755615]]",dino_linear/triangles/V02_f0000081.svg
V02_f0000013,baseline,baseline,train,V02,0.43333333333333335,18.487,0.9139088729016787,0.4537323141974305,0.34034621715545654,0.016349613666534424,1,0.0,0.05393243243243243,0.7453575240128069,0.8541029717500306,107.97596228887262,275.06424532872956,14850.163290316055,models_disagree,../../dataset/images/V02_f0000013.png,baseline/overlays/V02_f0000013.jpg,quality/baseline/entropy/V02_f0000013.jpg,quality/disagreement/V02_f0000013.jpg,,,,"[[194.5312464237213, 139.4719821214676], [462.6947021484375, 134.07265931367874], [469.3353080749512, 239.0537452697754]]",baseline/triangles/V02_f0000013.svg
V02_f0000023,baseline,baseline,train,V02,0.7666666666666667,18.485,0.924175382139984,0.43395814830396234,0.30816805362701416,0.021117324009537697,1,0.0,0.06475678901820352,0.7194295900178254,0.8368235538046859,128.96544685340825,278.2944460268523,17945.183794337358,models_disagree,../../dataset/images/V02_f0000023.png,baseline/overlays/V02_f0000023.jpg,quality/baseline/entropy/V02_f0000023.jpg,quality/disagreement/V02_f0000023.jpg,,,,"[[192.91099905967712, 128.77047449350357], [463.12798976898193, 122.5066180229187], [473.24671268463135, 247.14302682876587]]",baseline/triangles/V02_f0000023.svg
V02_f0000066,baseline,baseline,train,V02,2.2,18.478,0.9204886841578209,0.44717167442516575,0.31642475724220276,0.018602710217237473,1,0.0,0.06257756875040826,0.7364992285273444,0.8482574785270017,111.93554954177412,298.6719587884734,16716.00491985294,models_disagree,../../dataset/images/V02_f0000066.png,baseline/overlays/V02_f0000066.jpg,quality/baseline/entropy/V02_f0000066.jpg,quality/disagreement/V02_f0000066.jpg,,,,"[[155.75572192668915, 163.66804611682892], [456.76486015319824, 167.55251789093018], [448.5976839065552, 279.8759984970093]]",baseline/triangles/V02_f0000066.svg
V01_f0000079,baseline,baseline,val,V01,2.6333333333333333,18.464,0.9002257336343115,0.40086584004585635,0.3788997232913971,0.01976270042359829,1,0.0,0.0543504973290391,0.6717976910390324,0.8036829990134824,81.0013996230864,356.4045131954718,14434.63220040899,models_disagree,../../dataset/images/V01_f0000079.png,baseline/overlays/V01_f0000079.jpg,quality/baseline/entropy/V01_f0000079.jpg,quality/disagreement/V01_f0000079.jpg,,,,"[[191.08638960123062, 158.41662883758545], [552.797412276268, 162.3302958905697], [550.7800844907761, 244.51003968715668]]",baseline/triangles/V01_f0000079.svg
V01_f0000062,dino_pyramid,dino_pyramid,train,V01,2.066666666666667,18.462,0.9169749280723387,0.44922231042897887,0.32844969630241394,0.01747860573232174,1,0.0,0.06077023498694517,0.8762376237623762,0.9340369393139841,104.88987489796452,310.62181359456554,16290.541584256416,models_disagree,../../dataset/images/V01_f0000062.png,dino_pyramid/overlays/V01_f0000062.jpg,quality/dino_pyramid/entropy/V01_f0000062.jpg,quality/disagreement/V01_f0000062.jpg,,,,"[[168.23897114396095, 173.71965944766998], [480.3246068954468, 160.4785993695259], [481.73625683784485, 265.9037411212921]]",dino_pyramid/triangles/V01_f0000062.svg
V01_f0000022,full,TopoFiberDINO Coordinate (ours),train,V01,0.7333333333333334,18.456,0.9173693086003373,0.4128164579504495,0.33767443895339966,0.022086745128035545,1,0.0,0.06880696942808744,0.7299749687108886,0.8439139084825465,133.37022892267072,284.3507531568523,18961.962521431615,models_disagree,../../dataset/images/V01_f0000022.png,full/overlays/V01_f0000022.jpg,quality/full/entropy/V01_f0000022.jpg,quality/disagreement/V01_f0000022.jpg,,,,"[[174.981282889843, 137.53460347652435], [489.0775158405304, 131.850466132164], [552.1221559047699, 245.75302004814148]]",full/triangles/V01_f0000022.svg
V02_f0000076,directional,directional,val,V02,2.5333333333333337,18.446,0.9235127478753541,0.48429207824908005,0.3086220324039459,0.014483852311968803,1,0.0,0.07513551365510802,0.3211021505376344,0.48611252416319056,110.7565587592341,358.42730761145447,19849.087578191065,models_disagree,../../dataset/images/V02_f0000076.png,directional/overlays/V02_f0000076.jpg,quality/directional/entropy/V02_f0000076.jpg,quality/disagreement/V02_f0000076.jpg,,,,"[[159.0474110841751, 152.2486982345581], [524.1366291046143, 149.59484159946442], [514.0644693374634, 261.42898750305176]]",directional/triangles/V02_f0000076.svg
V02_f0000058,directional,directional,train,V02,1.9333333333333333,18.441,0.9211886304909561,0.4739374060407271,0.3148922324180603,0.015232684090733528,1,0.0,0.07800023600676553,0.47853915662650603,0.6473134708428826,106.71245748741926,390.78032580588996,20850.56445224044,models_disagree,../../dataset/images/V02_f0000058.png,directional/overlays/V02_f0000058.jpg,quality/directional/entropy/V02_f0000058.jpg,quality/disagreement/V02_f0000058.jpg,,,,"[[157.3837172985077, 162.2267256975174], [557.9500365257263, 154.99683946371078], [538.0457425117493, 260.2439374923706]]",directional/triangles/V02_f0000058.svg
V01_f0000099,full,TopoFiberDINO Coordinate (ours),test,V01,3.3000000000000003,18.436,0.911088295687885,0.45129145308738977,0.34834370017051697,0.015765536576509476,1,0.0,0.0600606803950681,0.3765312701482914,0.5470725995316159,100.22121007677536,317.98435838239976,15934.388591285557,models_disagree,../../dataset/images/V01_f0000099.png,full/overlays/V01_f0000099.jpg,quality/full/entropy/V01_f0000099.jpg,quality/disagreement/V01_f0000099.jpg,,,,"[[176.60201805830002, 162.383571267128], [508.09463131427765, 156.79210424423218], [532.6377204656601, 255.61297684907913]]",full/triangles/V01_f0000099.svg
V02_f0000006,directional,directional,train,V02,0.2,18.429,0.9241096401267948,0.4573135260148414,0.30727508664131165,0.017905550077557564,1,0.0,0.0683509234828496,0.6124725102104932,0.7596687773989284,118.63884171036267,310.28785149570484,18406.095649123723,models_disagree,../../dataset/images/V02_f0000006.png,directional/overlays/V02_f0000006.jpg,quality/directional/entropy/V02_f0000006.jpg,quality/disagreement/V02_f0000006.jpg,,,,"[[194.00953888893127, 131.23731124401093], [515.8541464805603, 130.26575303077698], [483.1693196296692, 243.80754351615906]]",directional/triangles/V02_f0000006.svg
V02_f0000097,dino_linear,dino_linear,test,V02,3.2333333333333334,18.428,0.9260093051178148,0.4827879704936637,0.30089813470840454,0.015142177231609821,1,0.0,0.08291233283803863,0.6090920932655985,0.7570630616044686,112.54583323848802,388.54056775861056,21864.31097267402,models_disagree,../../dataset/images/V02_f0000097.png,dino_linear/overlays/V02_f0000097.jpg,quality/dino_linear/entropy/V02_f0000097.jpg,quality/disagreement/V02_f0000097.jpg,,,,"[[147.46421456336975, 174.66622865200043], [547.893648147583, 167.20975399017334], [532.0335388183594, 280.68065547943115]]",dino_linear/triangles/V02_f0000097.svg
V02_f0000015,unet_small,unet_small,train,V02,0.5,18.427,0.9193548387096774,0.32068162837393605,0.32470008730888367,0.03390216454863548,1,0.0,0.07370811424554953,0.8185763888888888,0.9002386634844869,107.28001099950998,375.4164814717375,20137.342130842666,,../../dataset/images/V02_f0000015.png,unet_small/overlays/V02_f0000015.jpg,quality/unet_small/entropy/V02_f0000015.jpg,quality/disagreement/V02_f0000015.jpg,,,,"[[183.3632254600525, 138.27581948041916], [550.0287938117981, 138.71598887443542], [542.892415523529, 243.0156376361847]]",unet_small/triangles/V02_f0000015.svg
V01_f0000096,baseline,baseline,test,V01,3.2,18.424,0.9330210179792352,0.4289195775792039,0.2763635218143463,0.023434069007635117,1,0.0,0.09830726652506919,0.6747695852534562,0.8058058746646488,126.38617558203033,411.102624700011,25978.844253784555,models_disagree,../../dataset/images/V01_f0000096.png,baseline/overlays/V01_f0000096.jpg,quality/baseline/entropy/V01_f0000096.jpg,quality/disagreement/V01_f0000096.jpg,,,,"[[156.71199923753738, 160.22781282663345], [584.6305130720139, 144.14694160223007], [562.6016412973404, 271.0196077823639]]",baseline/triangles/V01_f0000096.svg
V01_f0000018,directional,directional,train,V01,0.6,18.409,0.9227345558127115,0.5315342032423882,0.31241169571876526,0.008219997398555279,1,0.0,0.07276729050203894,0.44899685762629926,0.6197347568604554,117.87446054642596,342.34832288632293,20177.061939599484,models_disagree,../../dataset/images/V01_f0000018.png,directional/overlays/V01_f0000018.jpg,quality/directional/entropy/V01_f0000018.jpg,quality/disagreement/V01_f0000018.jpg,,,,"[[194.60737282037735, 151.4972560107708], [550.8911703824997, 144.92516219615936], [511.8629604578018, 252.63630598783493]]",directional/triangles/V01_f0000018.svg
V01_f0000042,full,TopoFiberDINO Coordinate (ours),train,V01,1.4000000000000001,18.399,0.91356783919598,0.46778336125069797,0.3406868875026703,0.014076740480959415,1,0.0,0.062413879082951665,0.4760866178532482,0.645065963060686,102.34263023759127,328.13252275467886,16790.97272260505,models_disagree,../../dataset/images/V01_f0000042.png,full/overlays/V01_f0000042.jpg,quality/full/entropy/V01_f0000042.jpg,quality/disagreement/V01_f0000042.jpg,,,,"[[161.58509355783463, 174.2682047188282], [492.5878599882126, 164.52272236347198], [509.32376873493195, 265.49032330513]]",full/triangles/V01_f0000042.svg
V02_f0000009,dino_linear,dino_linear,train,V02,0.3,18.394,0.9046653144016227,0.4874892809016293,0.3678416609764099,0.009583398699760437,1,0.0,0.05022020552515681,0.4340719786264341,0.6053698630136987,89.93042199468033,303.5994526487261,13651.413447026955,models_disagree,../../dataset/images/V02_f0000009.png,dino_linear/overlays/V02_f0000009.jpg,quality/dino_linear/entropy/V02_f0000009.jpg,quality/disagreement/V02_f0000009.jpg,,,,"[[190.468111038208, 133.73489999771118], [490.8841323852539, 135.159088909626], [482.6885175704956, 223.42472791671753]]",dino_linear/triangles/V02_f0000009.svg
V01_f0000098,baseline,baseline,test,V01,3.2666666666666666,18.38,0.9346130773845231,0.41113015424942023,0.26953914761543274,0.025796450674533844,1,0.0,0.1044030044030044,0.2679517529027167,0.4226529160739687,130.1881006792283,425.6144756345555,27704.970102224237,models_disagree,../../dataset/images/V01_f0000098.png,baseline/overlays/V01_f0000098.jpg,quality/baseline/entropy/V01_f0000098.jpg,quality/disagreement/V01_f0000098.jpg,,,,"[[163.24977108836174, 145.46902477741241], [599.0618391036987, 134.28432494401932], [583.6362843513489, 265.37396013736725]]",baseline/triangles/V01_f0000098.svg
V01_f0000080,baseline,baseline,val,V01,2.666666666666667,18.364,0.9137196815404555,0.3985042735042736,0.33835989236831665,0.02259565331041813,1,0.0,0.06665541680728991,0.29846855653307264,0.45972396486825595,95.889391328886,372.4514676664596,17857.07226704354,models_disagree,../../dataset/images/V01_f0000080.png,baseline/overlays/V01_f0000080.jpg,quality/baseline/entropy/V01_f0000080.jpg,quality/disagreement/V01_f0000080.jpg,,,,"[[173.55850687623024, 147.07481861114502], [550.3124148845673, 146.9370312988758], [554.0160105228424, 243.79384517669678]]",baseline/triangles/V01_f0000080.svg
V01_f0000058,unet_small,unet_small,train,V01,1.9333333333333333,18.351,0.916639100231558,0.42556523720029615,0.3299230933189392,0.019804242998361588,1,0.0,0.07574607329842932,0.6362605314322748,0.7777007624517279,100.29233864886962,406.76775677276754,20397.844806847716,models_disagree,../../dataset/images/V01_f0000058.png,unet_small/overlays/V01_f0000058.jpg,quality/unet_small/entropy/V01_f0000058.jpg,quality/disagreement/V01_f0000058.jpg,,,,"[[171.0576632618904, 162.15834394097328], [596.0558269023895, 160.18447279930115], [567.8476026058197, 256.57419115304947]]",unet_small/triangles/V01_f0000058.svg
V02_f0000038,directional,directional,train,V02,1.2666666666666668,18.347,0.9230106786083362,0.46460855708945775,0.31095069646835327,0.01633504405617714,1,0.0,0.0734078947368421,0.4254113092769252,0.5968962172647915,112.4315283368249,350.17832606456165,19685.542194934835,models_disagree,../../dataset/images/V02_f0000038.png,directional/overlays/V02_f0000038.jpg,quality/directional/entropy/V02_f0000038.jpg,quality/disagreement/V02_f0000038.jpg,,,,"[[176.09021186828613, 163.2192273736], [540.6014585494995, 159.54704362154007], [510.6552457809448, 267.98488211631775]]",directional/triangles/V02_f0000038.svg
V02_f0000050,dino_linear,dino_linear,train,V02,1.6666666666666667,18.338,0.9293613491844069,0.4212596852783768,0.29196473956108093,0.023136937990784645,1,0.0,0.09323215319059393,0.5902528824726286,0.7423383903003716,120.03603072751032,414.7982208666675,24895.36599283396,models_disagree,../../dataset/images/V02_f0000050.png,dino_linear/overlays/V02_f0000050.jpg,quality/dino_linear/entropy/V02_f0000050.jpg,quality/disagreement/V02_f0000050.jpg,,,,"[[182.40526378154755, 142.265967130661], [610.8275985717773, 142.07273888587952], [581.0621309280396, 258.4222240447998]]",dino_linear/triangles/V02_f0000050.svg
V01_f0000039,unet_small,unet_small,train,V01,1.3,18.337,0.9176879761510434,0.2624290511426109,0.3280273675918579,0.04036298394203186,1,0.0,0.07606193351487167,0.8685946220192795,0.9296768938365463,101.28041584430622,404.13900044106305,20465.68301178656,,../../dataset/images/V01_f0000039.png,unet_small/overlays/V01_f0000039.jpg,quality/unet_small/entropy/V01_f0000039.jpg,quality/disagreement/V01_f0000039.jpg,,,,"[[156.8310769200325, 178.4524731338024], [560.616380572319, 169.67365890741348], [564.0514520406723, 270.82349359989166]]",unet_small/triangles/V01_f0000039.svg
V02_f0000011,baseline,baseline,train,V02,0.3666666666666667,18.319,0.9143061175910497,0.3961107349732942,0.34389668703079224,0.022798506543040276,1,0.0,0.054958633286773396,0.6776045939294504,0.8078239608801956,108.07642083810994,275.45128787898017,14884.894654604015,models_disagree,../../dataset/images/V02_f0000011.png,baseline/overlays/V02_f0000011.jpg,quality/baseline/entropy/V02_f0000011.jpg,quality/disagreement/V02_f0000011.jpg,,,,"[[208.67154836654663, 138.47482138872147], [479.2870044708252, 138.96739959716797], [486.8991279602051, 244.58386719226837]]",baseline/triangles/V02_f0000011.svg
V02_f0000041,dino_linear,dino_linear,train,V02,1.3666666666666667,18.318,0.9221877156659766,0.5049311883601456,0.318031370639801,0.01096756849437952,1,0.0,0.07342478004129568,0.48454367026496564,0.6527846636919518,106.8460706488506,368.49540670027585,19686.143129037304,models_disagree,../../dataset/images/V02_f0000041.png,dino_linear/overlays/V02_f0000041.jpg,quality/dino_linear/entropy/V02_f0000041.jpg,quality/disagreement/V02_f0000041.jpg,,,,"[[155.29885232448578, 173.1824305653572], [532.643666267395, 170.22318279743195], [510.60758113861084, 274.81151473522186]]",dino_linear/triangles/V02_f0000041.svg
V01_f0000100,dino_pyramid,dino_pyramid,test,V01,3.3333333333333335,18.299,0.9223421192287281,0.5450374410249752,0.3128949999809265,0.005890790373086929,1,0.0,0.07000867662103887,0.3125198098256735,0.47621347500603717,109.90434156127361,339.8581343308848,18675.942238939388,models_disagree,../../dataset/images/V01_f0000100.png,dino_pyramid/overlays/V01_f0000100.jpg,quality/dino_pyramid/entropy/V01_f0000100.jpg,quality/disagreement/V01_f0000100.jpg,,,,"[[159.6766913831234, 161.33272647857666], [503.8828077316284, 157.38945454359055], [503.95033836364746, 268.70059221982956]]",dino_pyramid/triangles/V01_f0000100.svg
V02_f0000067,dino_linear,dino_linear,train,V02,2.2333333333333334,18.297,0.9202779301517645,0.41150561655338497,0.3183066248893738,0.022109661251306534,1,0.0,0.0687136799120465,0.7267573696145124,0.8417596848325674,107.50618903669421,341.2840731988574,18345.075044264675,models_disagree,../../dataset/images/V02_f0000067.png,dino_linear/overlays/V02_f0000067.jpg,quality/dino_linear/entropy/V02_f0000067.jpg,quality/disagreement/V02_f0000067.jpg,,,,"[[154.76318836212158, 167.5002539753914], [497.9713439941406, 161.9677356481552], [496.35034561157227, 270.0295615196228]]",dino_linear/triangles/V02_f0000067.svg
V02_f0000062,baseline,baseline,train,V02,2.066666666666667,18.29,0.9217633042096902,0.39309823915403863,0.3130597472190857,0.02470909245312214,1,0.0,0.06355547962308289,0.6242754259617074,0.7686817346166325,114.20860926366684,297.9467152892683,17014.039993932518,models_disagree,../../dataset/images/V02_f0000062.png,baseline/overlays/V02_f0000062.jpg,quality/baseline/entropy/V02_f0000062.jpg,quality/disagreement/V02_f0000062.jpg,,,,"[[156.72820329666138, 171.30473041534424], [456.21942043304443, 159.88887125253677], [450.47683238983154, 274.18111538887024]]",baseline/triangles/V02_f0000062.svg
V01_f0000053,unet_small,unet_small,train,V01,1.7666666666666668,18.289,0.9107862903225806,0.4754820936639118,0.3489755392074585,0.011936482973396778,1,0.0,0.07461942257217848,0.7831284153005464,0.8783757900785291,90.90377976123784,441.4300972497333,20063.83217018578,models_disagree,../../dataset/images/V01_f0000053.png,unet_small/overlays/V01_f0000053.jpg,quality/unet_small/entropy/V01_f0000053.jpg,quality/disagreement/V01_f0000053.jpg,,,,"[[169.7372945547104, 164.25300389528275], [621.6974875926971, 158.6187779903412], [603.4448368549347, 247.71396070718765]]",unet_small/triangles/V01_f0000053.svg
V01_f0000015,dino_pyramid,dino_pyramid,train,V01,0.5,18.284,0.9188526137006983,0.24506767942350768,0.32526713609695435,0.04252661392092705,1,0.0,0.0678859558754666,0.9416633819471817,0.9699553390174583,107.13834376716974,347.8339619746874,18633.177295970352,,../../dataset/images/V01_f0000015.png,dino_pyramid/overlays/V01_f0000015.jpg,quality/dino_pyramid/entropy/V01_f0000015.jpg,quality/disagreement/V01_f0000015.jpg,,,,"[[192.82402968406677, 144.31318268179893], [534.3840266466141, 138.64556327462196], [531.7040795087814, 243.7385693192482]]",dino_pyramid/triangles/V01_f0000015.svg
V02_f0000080,unet_small,unet_small,val,V02,2.666666666666667,18.278,0.9142120765832106,0.4163863891161409,0.3375064730644226,0.020040642470121384,1,0.0,0.06755844155844155,0.6556655665566556,0.7920265780730897,95.45193616634376,373.9406746397947,17846.6807028586,models_disagree,../../dataset/images/V02_f0000080.png,unet_small/overlays/V02_f0000080.jpg,quality/unet_small/entropy/V02_f0000080.jpg,quality/disagreement/V02_f0000080.jpg,,,,"[[168.69507014751434, 165.55373799800873], [551.8621301651001, 157.23425668478012], [540.010256767273, 253.31743609905243]]",unet_small/triangles/V02_f0000080.svg
V02_f0000099,baseline,baseline,test,V02,3.3000000000000003,18.277,0.9220735785953177,0.4018366744904896,0.3130355179309845,0.023624185472726822,1,0.0,0.07449271238829326,0.3380681818181818,0.505307855626327,107.74096480476341,364.937707464755,19659.37034794561,models_disagree,../../dataset/images/V02_f0000099.png,baseline/overlays/V02_f0000099.jpg,quality/baseline/entropy/V02_f0000099.jpg,quality/disagreement/V02_f0000099.jpg,,,,"[[162.55764663219452, 155.4590780735016], [533.9408254623413, 153.16351181268692], [530.4815340042114, 262.6767007112503]]",baseline/triangles/V02_f0000099.svg
V02_f0000072,dino_pyramid,dino_pyramid,val,V02,2.4,18.271,0.929968812021548,0.32428127428127423,0.2845526933670044,0.035061948001384735,1,0.0,0.08860677083333333,0.8051460361613352,0.8920563987980584,123.71742589857926,380.61300597164563,23544.23068116629,,../../dataset/images/V02_f0000072.png,dino_pyramid/overlays/V02_f0000072.jpg,quality/dino_pyramid/entropy/V02_f0000072.jpg,quality/disagreement/V02_f0000072.jpg,,,,"[[179.20193195343018, 141.0917176604271], [563.9444160461426, 133.58101737499237], [561.5330457687378, 258.54708230495453]]",dino_pyramid/triangles/V02_f0000072.svg
V01_f0000037,dino_linear,dino_linear,train,V01,1.2333333333333334,18.259,0.9254336197114605,0.4912670162411809,0.3046024739742279,0.013107162900269032,1,0.0,0.0769464118492726,0.41014954645746504,0.5817107093184979,113.48668816556065,370.00221943171965,20995.163248606455,models_disagree,../../dataset/images/V01_f0000037.png,dino_linear/overlays/V01_f0000037.jpg,quality/dino_linear/entropy/V01_f0000037.jpg,quality/disagreement/V01_f0000037.jpg,,,,"[[183.61369061470032, 152.7078151702881], [567.8828164339066, 153.35145592689514], [535.6314452886581, 261.67016476392746]]",dino_linear/triangles/V01_f0000037.svg
V02_f0000039,baseline,baseline,train,V02,1.3,18.246,0.9197104310628497,0.3046247701072085,0.3217414319515228,0.035086557269096375,1,0.0,0.07669736842105263,0.8982732090955718,0.946410879942358,103.38632506188715,399.2311120248812,20637.518761311527,,../../dataset/images/V02_f0000039.png,baseline/overlays/V02_f0000039.jpg,quality/baseline/entropy/V02_f0000039.jpg,quality/disagreement/V02_f0000039.jpg,,,,"[[152.99298763275146, 174.50053119659424], [554.1038703918457, 171.2625648379326], [543.7448215484619, 274.00670170783997]]",baseline/triangles/V02_f0000039.svg
V01_f0000006,full,TopoFiberDINO Coordinate (ours),train,V01,0.2,18.239,0.9279918864097363,0.49734869263119397,0.29480430483818054,0.012824571691453457,1,0.0,0.07499769217581664,0.614069006543724,0.7608956049018705,127.3406419720431,318.9185503711906,20305.646470530388,models_disagree,../../dataset/images/V01_f0000006.png,full/overlays/V01_f0000006.jpg,quality/full/entropy/V01_f0000006.jpg,quality/disagreement/V01_f0000006.jpg,,,,"[[200.51208245754242, 123.69866296648979], [518.1545476913452, 120.89971080422401], [523.8569900989532, 247.52435088157654]]",full/triangles/V01_f0000006.svg
V01_f0000027,unet_small,unet_small,train,V01,0.9,18.232,0.9294161123429416,0.38219386413273415,0.2659035325050354,0.027503440156579018,1,0.0,0.10480097601523013,0.8257635523498253,0.9045679012345679,142.01116540029682,405.54632323358334,28796.05299310332,models_disagree,../../dataset/images/V01_f0000027.png,unet_small/overlays/V01_f0000027.jpg,quality/unet_small/entropy/V01_f0000027.jpg,quality/disagreement/V01_f0000027.jpg,,,,"[[180.23258870840073, 127.24325805902481], [577.531355381012, 122.79854714870453], [581.6982750892639, 261.84341311454773]]",unet_small/triangles/V01_f0000027.svg
V01_f0000041,full,TopoFiberDINO Coordinate (ours),train,V01,1.3666666666666667,18.228,0.9042995839112344,0.4610466300142538,0.3696404993534088,0.011978895403444767,1,0.0,0.0616513906032513,0.7548606610499028,0.8603083741113471,90.68871794378332,368.41461980741394,16705.524771040364,models_disagree,../../dataset/images/V01_f0000041.png,full/overlays/V01_f0000041.jpg,quality/full/entropy/V01_f0000041.jpg,quality/disagreement/V01_f0000041.jpg,,,,"[[161.69105970859528, 185.52174791693687], [573.7485910654068, 185.17843633890152], [533.0965491533279, 266.16116613149643]]",full/triangles/V01_f0000041.svg
V01_f0000042,dino_linear,dino_linear,train,V01,1.4000000000000001,18.224,0.9161197703035275,0.46778336125069797,0.33159685134887695,0.01377279032021761,1,0.0,0.061390270468891485,0.6079739904175222,0.756198786846866,102.9621694730486,320.9295508786765,16521.80140323983,models_disagree,../../dataset/images/V01_f0000042.png,dino_linear/overlays/V01_f0000042.jpg,quality/dino_linear/entropy/V01_f0000042.jpg,quality/disagreement/V01_f0000042.jpg,,,,"[[155.62598979473114, 172.08896577358246], [477.40545547008514, 168.68934407830238], [470.96936666965485, 271.45278453826904]]",dino_linear/triangles/V01_f0000042.svg
V02_f0000080,dino_pyramid,dino_pyramid,val,V02,2.666666666666667,18.201,0.906414762741652,0.4163863891161409,0.3613646626472473,0.01789974234998226,1,0.0,0.05635064935064935,0.6265684126667994,0.770417533978205,87.67827197794563,339.8416674226419,14898.36507286047,models_disagree,../../dataset/images/V02_f0000080.png,dino_pyramid/overlays/V02_f0000080.jpg,quality/dino_pyramid/entropy/V02_f0000080.jpg,quality/disagreement/V02_f0000080.jpg,,,,"[[194.64021921157837, 162.03285098075867], [539.4852447509766, 157.18831259012222], [537.726559638977, 246.09792685508728]]",dino_pyramid/triangles/V02_f0000080.svg
V01_f0000010,dino_linear,dino_linear,train,V01,0.33333333333333337,18.187,0.9143743536711478,0.45385268252162453,0.33958160877227783,0.014936817809939384,1,0.0,0.061546666666666666,0.5048846393681148,0.6709944751381215,102.9219610644866,327.5179502028761,16854.394859350436,models_disagree,../../dataset/images/V01_f0000010.png,dino_linear/overlays/V01_f0000010.jpg,quality/dino_linear/entropy/V01_f0000010.jpg,quality/disagreement/V01_f0000010.jpg,,,,"[[211.00807589292526, 137.06785440444946], [554.336031794548, 131.92423805594444], [520.9233535528183, 227.57859528064728]]",dino_linear/triangles/V01_f0000010.svg
V01_f0000098,unet_small,unet_small,test,V01,3.2666666666666666,18.181,0.9320606400898371,0.41113015424942023,0.27984389662742615,0.02422899380326271,1,0.0,0.08899248899248899,0.43235545428652805,0.6036985484191688,126.72110199591145,372.93084693191645,23629.103945740513,models_disagree,../../dataset/images/V01_f0000098.png,unet_small/overlays/V01_f0000098.jpg,quality/unet_small/entropy/V01_f0000098.jpg,quality/disagreement/V01_f0000098.jpg,,,,"[[159.52823138237, 155.52125126123428], [539.7548596858978, 143.47024261951447], [529.659829378128, 271.55202627182007]]",unet_small/triangles/V01_f0000098.svg
V01_f0000052,baseline,baseline,train,V01,1.7333333333333334,18.178,0.9301232166018158,0.44622459575730605,0.28578099608421326,0.019388632848858833,1,0.0,0.07817041255145386,0.6946270362960846,0.8197993085420355,128.93046554975942,325.68505326705804,20995.362770159994,models_disagree,../../dataset/images/V01_f0000052.png,baseline/overlays/V01_f0000052.jpg,quality/baseline/entropy/V01_f0000052.jpg,quality/disagreement/V01_f0000052.jpg,,,,"[[155.59929221868515, 151.54114365577698], [484.49981808662415, 143.2827226817608], [469.8308861255646, 271.4327797293663]]",baseline/triangles/V01_f0000052.svg
V02_f0000093,full,TopoFiberDINO Coordinate (ours),test,V02,3.1,18.168,0.924987743095277,0.5288878157404054,0.3037254512310028,0.007849655114114285,1,0.0,0.07608176336144003,0.5212876427829699,0.6853242320819113,123.02635460199542,325.69251582506763,20034.38147155539,models_disagree,../../dataset/images/V02_f0000093.png,full/overlays/V02_f0000093.jpg,quality/full/entropy/V02_f0000093.jpg,quality/disagreement/V02_f0000093.jpg,,,,"[[166.0046088695526, 154.4136437177658], [504.9805998802185, 145.70373791456223], [533.8220143318176, 267.707478761673]]",full/triangles/V02_f0000093.svg
V02_f0000013,dino_linear,dino_linear,train,V02,0.43333333333333335,18.164,0.9151906647218171,0.4537323141974305,0.33950674533843994,0.01502231601625681,1,0.0,0.0627027027027027,0.7326266195524146,0.8456832087015635,102.97474817471155,334.1754292709343,17205.815337675293,models_disagree,../../dataset/images/V02_f0000013.png,dino_linear/overlays/V02_f0000013.jpg,quality/dino_linear/entropy/V02_f0000013.jpg,quality/disagreement/V02_f0000013.jpg,,,,"[[200.06532669067383, 143.80458158254623], [540.5957007408142, 144.97896480560303], [510.8416485786438, 240.78363740444183]]",dino_linear/triangles/V02_f0000013.svg
V02_f0000018,directional,directional,train,V02,0.6,18.161,0.9213362068965517,0.5024601846687736,0.31688541173934937,0.010298874229192734,1,0.0,0.07154295780286653,0.5109793033821303,0.676355132381191,113.22717390728745,343.8748158066308,19467.986785836914,models_disagree,../../dataset/images/V02_f0000018.png,directional/overlays/V02_f0000018.jpg,quality/directional/entropy/V02_f0000018.jpg,quality/disagreement/V02_f0000018.jpg,,,,"[[189.3741273880005, 153.9343181848526], [550.0434136390686, 149.2407198548317], [513.2169699668884, 254.58347344398499]]",directional/triangles/V02_f0000018.svg
V02_f0000041,directional,directional,train,V02,1.3666666666666667,18.154,0.9174195880014456,0.5049311883601456,0.3287561237812042,0.009073433466255665,1,0.0,0.06970290779488933,0.511767715528268,0.6770454353160166,102.4608648034221,365.3105800238203,18715.01897554018,models_disagree,../../dataset/images/V02_f0000041.png,directional/overlays/V02_f0000041.jpg,quality/directional/entropy/V02_f0000041.jpg,quality/disagreement/V02_f0000041.jpg,,,,"[[158.9943516254425, 174.53742468357086], [537.8510284423828, 173.08081185817719], [511.1952781677246, 272.05183732509613]]",directional/triangles/V02_f0000041.svg
V02_f0000059,baseline,baseline,train,V02,1.9666666666666668,18.141,0.9152542372881356,0.4723022249170498,0.33658427000045776,0.012598913162946701,1,0.0,0.051714659685863876,0.7528451792999785,0.8589979174323166,105.47040218372243,262.36162595429516,13835.69310348743,models_disagree,../../dataset/images/V02_f0000059.png,baseline/overlays/V02_f0000059.jpg,quality/baseline/entropy/V02_f0000059.jpg,quality/disagreement/V02_f0000059.jpg,,,,"[[181.05688512325287, 162.44992572069168], [444.77620124816895, 153.43807291984558], [442.81684398651123, 259.3510036468506]]",baseline/triangles/V02_f0000059.svg
V02_f0000038,dino_linear,dino_linear,train,V02,1.2666666666666668,18.138,0.9216681776971895,0.46460855708945775,0.31797367334365845,0.014990979805588722,1,0.0,0.06888157894736842,0.7551954913702008,0.8605257876781056,106.88985989680347,347.72078568382375,18583.913032475175,models_disagree,../../dataset/images/V02_f0000038.png,dino_linear/overlays/V02_f0000038.jpg,quality/dino_linear/entropy/V02_f0000038.jpg,quality/disagreement/V02_f0000038.jpg,,,,"[[155.16480803489685, 172.14632546901703], [507.5466299057007, 171.14390379190445], [490.88393211364746, 276.7898973226547]]",dino_linear/triangles/V02_f0000038.svg
V02_f0000003,unet_small,unet_small,train,V02,0.1,18.133,0.9310648283954239,0.4355698428398725,0.2829068601131439,0.020707596093416214,1,0.0,0.08554246600251977,0.588758649908205,0.7411555555555556,128.3599759372267,352.658832152522,22633.639604574095,models_disagree,../../dataset/images/V02_f0000003.png,unet_small/overlays/V02_f0000003.jpg,quality/unet_small/entropy/V02_f0000003.jpg,quality/disagreement/V02_f0000003.jpg,,,,"[[181.40804886817932, 134.8382716178894], [538.7681722640991, 124.9075146317482], [543.9736318588257, 254.91495752334595]]",unet_small/triangles/V02_f0000003.svg
V01_f0000014,directional,directional,train,V01,0.4666666666666667,18.132,0.922939388521366,0.5140287671606758,0.3124544322490692,0.009067189879715443,1,0.0,0.07241239892183289,0.45706484641638223,0.6273774946125737,116.2842253716268,343.27292119795493,19958.61286627984,models_disagree,../../dataset/images/V01_f0000014.png,directional/overlays/V01_f0000014.jpg,quality/directional/entropy/V01_f0000014.jpg,quality/disagreement/V01_f0000014.jpg,,,,"[[204.83793890476227, 141.72593504190445], [558.3570513725281, 135.8458399772644], [523.6834683418274, 243.8274621963501]]",directional/triangles/V01_f0000014.svg
V02_f0000048,unet_small,unet_small,train,V02,1.6,18.13,0.9292836525846234,0.4000680518511201,0.28918027877807617,0.02473071962594986,1,0.0,0.09643044619422572,0.7276984031696482,0.8423905489923558,118.76798443179092,435.89673383517027,25885.288249002006,models_disagree,../../dataset/images/V02_f0000048.png,unet_small/overlays/V02_f0000048.jpg,quality/unet_small/entropy/V02_f0000048.jpg,quality/disagreement/V02_f0000048.jpg,,,,"[[151.93755626678467, 168.99896550178528], [592.6184034347534, 161.68584042787552], [578.0810880661011, 279.7215139865875]]",unet_small/triangles/V02_f0000048.svg
V02_f0000004,unet_small,unet_small,train,V02,0.13333333333333333,18.129,0.931322505800464,0.4284063712139969,0.2831483483314514,0.02164049632847309,1,0.0,0.08185869707694324,0.6670292106898695,0.8002609749277658,133.48112985585402,327.6834176755027,21869.776413176915,models_disagree,../../dataset/images/V02_f0000004.png,unet_small/overlays/V02_f0000004.jpg,quality/unet_small/entropy/V02_f0000004.jpg,quality/disagreement/V02_f0000004.jpg,,,,"[[178.31819593906403, 121.97987711429596], [507.5369167327881, 120.07979565858841], [513.3760356903076, 253.96542394161224]]",unet_small/triangles/V02_f0000004.svg
V02_f0000077,unet_small,unet_small,val,V02,2.566666666666667,18.128,0.9245922816082675,0.44235588972431084,0.30589622259140015,0.018380019813776016,1,0.0,0.07731168831168832,0.366032359824972,0.5359058402860548,111.46595188109306,367.42515385138404,20477.697259550794,models_disagree,../../dataset/images/V02_f0000077.png,unet_small/overlays/V02_f0000077.jpg,quality/unet_small/entropy/V02_f0000077.jpg,quality/disagreement/V02_f0000077.jpg,,,,"[[161.09137058258057, 138.57377618551254], [534.0579342842102, 131.86383175849915], [529.5881724357605, 244.7533097267151]]",unet_small/triangles/V02_f0000077.svg
V02_f0000100,dino_pyramid,dino_pyramid,test,V02,3.3333333333333335,18.127,0.9226704245199929,0.5338219698495161,0.31150856614112854,0.0065103862434625626,1,0.0,0.07086767221271964,0.38379065964019626,0.5546946815495732,110.67207702738942,338.82624833663067,18749.302327406484,models_disagree,../../dataset/images/V02_f0000100.png,dino_pyramid/overlays/V02_f0000100.jpg,quality/dino_pyramid/entropy/V02_f0000100.jpg,quality/disagreement/V02_f0000100.jpg,,,,"[[162.44560718536377, 162.90125232934952], [506.38059854507446, 159.78337371349335], [505.8570885658264, 272.1169526576996]]",dino_pyramid/triangles/V02_f0000100.svg
V02_f0000033,directional,directional,train,V02,1.1,18.124,0.9229531928582918,0.4013727488956847,0.3094758689403534,0.02311357669532299,1,0.0,0.07914259975623973,0.56248382923674,0.719986752773638,112.35452706290063,380.65173196168854,21383.972660114767,models_disagree,../../dataset/images/V02_f0000033.png,directional/overlays/V02_f0000033.jpg,quality/directional/entropy/V02_f0000033.jpg,quality/disagreement/V02_f0000033.jpg,,,,"[[173.96865963935852, 148.80917751789093], [568.80375623703, 145.05004328489304], [537.7076840400696, 252.24881792068481]]",directional/triangles/V02_f0000033.svg
V02_f0000055,dino_pyramid,dino_pyramid,train,V02,1.8333333333333335,18.124,0.9088772373892605,0.385650154558305,0.35459625720977783,0.021910246461629868,1,0.0,0.06887434554973822,0.9071028375203326,0.9512888551933283,88.02957312667048,421.0060530506761,18530.4915668977,models_disagree,../../dataset/images/V02_f0000055.png,dino_pyramid/overlays/V02_f0000055.jpg,quality/dino_pyramid/entropy/V02_f0000055.jpg,quality/disagreement/V02_f0000055.jpg,,,,"[[157.45597779750824, 157.91761100292206], [580.0186657905579, 160.13865464925766], [575.3155875205994, 248.26750910282135]]",dino_pyramid/triangles/V02_f0000055.svg
V02_f0000026,directional,directional,train,V02,0.8666666666666667,18.117,0.9287711552612214,0.41736168645862104,0.2902771532535553,0.022388098761439323,1,0.0,0.08853118712273642,0.5376659196690226,0.6993273542600897,127.14493527976126,382.9734648594933,24346.568201713097,models_disagree,../../dataset/images/V02_f0000026.png,directional/overlays/V02_f0000026.jpg,quality/directional/entropy/V02_f0000026.jpg,quality/disagreement/V02_f0000026.jpg,,,,"[[178.14317107200623, 132.1130467057228], [574.516453742981, 126.59570932388306], [534.5559597015381, 243.95975422859192]]",directional/triangles/V02_f0000026.svg
V02_f0000053,unet_small,unet_small,train,V02,1.7666666666666668,18.117,0.9104099881896406,0.4865800209667438,0.35209640860557556,0.009605037048459053,1,0.0,0.07441725785435066,0.6828027329553714,0.8115065653075328,89.911626959774,444.77741988973474,19995.330728628298,models_disagree,../../dataset/images/V02_f0000053.png,unet_small/overlays/V02_f0000053.jpg,quality/unet_small/entropy/V02_f0000053.jpg,quality/disagreement/V02_f0000053.jpg,,,,"[[167.7689015865326, 166.78085327148438], [624.1816592216492, 157.98216903209686], [605.4680800437927, 245.88320899009705]]",unet_small/triangles/V02_f0000053.svg
V01_f0000047,full,TopoFiberDINO Coordinate (ours),train,V01,1.5666666666666667,18.113,0.9122839969947408,0.3908509645728712,0.3428007960319519,0.021973583847284317,1,0.0,0.06675322290855201,0.6726890019294861,0.8043204697986577,115.87588771383524,310.0371381817717,17962.914305534898,models_disagree,../../dataset/images/V01_f0000047.png,full/overlays/V01_f0000047.jpg,quality/full/entropy/V01_f0000047.jpg,quality/disagreement/V01_f0000047.jpg,,,,"[[176.37156727910042, 159.00732949376106], [515.225056886673, 151.72871947288513], [564.1733767986298, 256.8490505218506]]",full/triangles/V01_f0000047.svg
V01_f0000011,unet_small,unet_small,train,V01,0.3666666666666667,18.103,0.9079011148812409,0.4383789150645365,0.36040830612182617,0.014997584745287895,1,0.0,0.05301039181593951,0.8210455764075067,0.9017298490982701,94.49055981594529,309.65143524811094,14629.568732202468,models_disagree,../../dataset/images/V01_f0000011.png,unet_small/overlays/V01_f0000011.jpg,quality/unet_small/entropy/V01_f0000011.jpg,quality/disagreement/V01_f0000011.jpg,,,,"[[204.98945826292038, 137.3268887400627], [508.10407161712646, 144.5169299840927], [497.10506987571716, 235.95361411571503]]",unet_small/triangles/V01_f0000011.svg
V01_f0000023,full,TopoFiberDINO Coordinate (ours),train,V01,0.7666666666666667,18.094,0.9188162367526495,0.4165052366328057,0.3251960873603821,0.020139023661613464,1,0.0,0.06443149864786686,0.8208657490524636,0.9016213847502191,129.24020566970427,275.3364757507269,17792.271377197743,models_disagree,../../dataset/images/V01_f0000023.png,full/overlays/V01_f0000023.jpg,quality/full/entropy/V01_f0000023.jpg,quality/disagreement/V01_f0000023.jpg,,,,"[[192.80559861660004, 134.7532421350479], [474.1482512950897, 128.55646759271622], [514.4631395339966, 247.98935651779175]]",full/triangles/V01_f0000023.svg
V02_f0000084,baseline,baseline,val,V02,2.8000000000000003,18.092,0.9261876127480457,0.4370172311348782,0.2994421124458313,0.019226832315325737,1,0.0,0.08336363636363636,0.4529169011442506,0.623458782518882,113.78800698552865,387.1856944981579,22028.544255126577,models_disagree,../../dataset/images/V02_f0000084.png,baseline/overlays/V02_f0000084.jpg,quality/baseline/entropy/V02_f0000084.jpg,quality/disagreement/V02_f0000084.jpg,,,,"[[142.33846306800842, 159.7863608598709], [536.1843681335449, 156.5364124774933], [527.4554300308228, 271.5467643737793]]",baseline/triangles/V02_f0000084.svg
V01_f0000062,dino_linear,dino_linear,train,V01,2.066666666666667,18.09,0.9211921740720425,0.44922231042897887,0.3171164095401764,0.016563788056373596,1,0.0,0.0687728459530026,0.7430879712746858,0.8526109795035534,108.82209605331542,337.82480747704574,18381.40182422993,models_disagree,../../dataset/images/V01_f0000062.png,dino_linear/overlays/V01_f0000062.jpg,quality/dino_linear/entropy/V01_f0000062.jpg,quality/disagreement/V01_f0000062.jpg,,,,"[[163.52629953622818, 161.51045635342598], [505.5123338699341, 164.12486135959625], [491.7009210586548, 272.63666689395905]]",dino_linear/triangles/V01_f0000062.svg
V01_f0000075,full,TopoFiberDINO Coordinate (ours),val,V01,2.5,18.085,0.910082304526749,0.33076790714408627,0.3525020480155945,0.028848348185420036,1,0.0,0.06023376623376624,0.4088269454123113,0.5803792250618302,106.79176769104117,299.01950948625495,15966.410996072611,,../../dataset/images/V01_f0000075.png,full/overlays/V01_f0000075.jpg,quality/full/entropy/V01_f0000075.jpg,quality/disagreement/V01_f0000075.jpg,,,,"[[163.80014324188232, 153.20706367492676], [487.51522064208984, 150.249894708395], [526.601071357727, 251.12633407115936]]",full/triangles/V01_f0000075.svg
V02_f0000011,dino_pyramid,dino_pyramid,train,V02,0.3666666666666667,18.077,0.914908256880734,0.3961107349732942,0.3364258110523224,0.02172444388270378,1,0.0,0.05608681637477168,0.949516395376268,0.9741045498547919,107.69313726984906,285.3224264583753,15363.633619374112,models_disagree,../../dataset/images/V02_f0000011.png,dino_pyramid/overlays/V02_f0000011.jpg,quality/dino_pyramid/entropy/V02_f0000011.jpg,quality/disagreement/V02_f0000011.jpg,,,,"[[229.55970168113708, 149.7652872800827], [509.01657342910767, 141.78616231679916], [513.2693409919739, 247.21532022953033]]",dino_pyramid/triangles/V02_f0000011.svg
V02_f0000082,directional,directional,val,V02,2.7333333333333334,18.075,0.9214546662238459,0.5475136082664454,0.314750611782074,0.004263267852365971,1,0.0,0.0760946005782304,0.4837951301427372,0.6521050248981439,107.77484854169657,372.61669725459745,20079.354055360724,models_disagree,../../dataset/images/V02_f0000082.png,directional/overlays/V02_f0000082.jpg,quality/directional/entropy/V02_f0000082.jpg,quality/disagreement/V02_f0000082.jpg,,,,"[[149.82028484344482, 161.56967610120773], [528.8299942016602, 160.4406350851059], [516.9098281860352, 268.7163317203522]]",directional/triangles/V02_f0000082.svg
V01_f0000056,dino_linear,dino_linear,train,V01,1.8666666666666667,18.07,0.9084491506728436,0.43916219514233656,0.35556986927986145,0.014854425564408302,1,0.0,0.056640419947506564,0.6157222665602554,0.7621634971597926,91.47489413918466,333.1309993828147,15236.561451511881,models_disagree,../../dataset/images/V01_f0000056.png,dino_linear/overlays/V01_f0000056.jpg,quality/dino_linear/entropy/V01_f0000056.jpg,quality/disagreement/V01_f0000056.jpg,,,,"[[182.595349162817, 137.71434500813484], [516.8750619888306, 140.87877050042152], [509.4484906196594, 232.13542252779007]]",dino_linear/triangles/V01_f0000056.svg
V01_f0000052,dino_pyramid,dino_pyramid,train,V01,1.7333333333333334,18.065,0.9289608973360336,0.44622459575730605,0.29310905933380127,0.018564024940133095,1,0.0,0.08149765252041716,0.9507167015622483,0.9747357992073976,124.60144079562927,350.83665316928636,21857.37623440478,models_disagree,../../dataset/images/V01_f0000052.png,dino_pyramid/overlays/V01_f0000052.jpg,quality/dino_pyramid/entropy/V01_f0000052.jpg,quality/disagreement/V01_f0000052.jpg,,,,"[[144.81560680270195, 138.87090235948563], [496.07822465896606, 142.94544607400894], [499.75025272369385, 267.5473093986511]]",dino_pyramid/triangles/V01_f0000052.svg
V02_f0000084,unet_small,unet_small,val,V02,2.8000000000000003,18.064,0.9148936170212766,0.4370172311348782,0.3374970555305481,0.01654229313135147,1,0.0,0.05861038961038961,0.22630438707347897,0.3690835480309165,99.28211592698025,312.16498341176464,15496.200035715343,models_disagree,../../dataset/images/V02_f0000084.png,unet_small/overlays/V02_f0000084.jpg,quality/unet_small/entropy/V02_f0000084.jpg,quality/disagreement/V02_f0000084.jpg,,,,"[[160.66568076610565, 171.3410665988922], [477.4081063270569, 168.2557345032692], [473.7834906578064, 268.8276809453964]]",unet_small/triangles/V02_f0000084.svg
V02_f0000073,unet_small,unet_small,val,V02,2.4333333333333336,18.06,0.9311082076256088,0.3943380284702837,0.2745536267757416,0.025506187230348587,1,0.0,0.10595405532114392,0.6229812309035355,0.7676998588045452,126.20076240535599,445.87747551797395,28135.03867487188,models_disagree,../../dataset/images/V02_f0000073.png,unet_small/overlays/V02_f0000073.jpg,quality/unet_small/entropy/V02_f0000073.jpg,quality/disagreement/V02_f0000073.jpg,,,,"[[158.5089933872223, 150.4130744934082], [613.6659479141235, 134.1194059252739], [599.5373868942261, 260.85748398303986]]",unet_small/triangles/V02_f0000073.svg
V01_f0000089,dino_pyramid,dino_pyramid,val,V01,2.966666666666667,18.056,0.9266167460857726,0.3992786589614329,0.2957940399646759,0.023857828229665756,1,0.0,0.09149640007783616,0.6818305268875611,0.8108195397658458,113.36685173064637,429.79853120791375,24362.453180748573,models_disagree,../../dataset/images/V01_f0000089.png,dino_pyramid/overlays/V01_f0000089.jpg,quality/dino_pyramid/entropy/V01_f0000089.jpg,quality/disagreement/V01_f0000089.jpg,,,,"[[137.56249475479126, 171.86086624860764], [573.811176776886, 169.58800703287125], [566.3416495323181, 284.1299995779991]]",dino_pyramid/triangles/V01_f0000089.svg
V01_f0000097,dino_linear,dino_linear,test,V01,3.2333333333333334,18.056,0.9276344241026381,0.542014977359805,0.29400625824928284,0.006243764888495207,1,0.0,0.08632124352331606,0.7180665830895668,0.8359007621209664,116.43301942455271,394.5286233871554,22968.079435189353,models_disagree,../../dataset/images/V01_f0000097.png,dino_linear/overlays/V01_f0000097.jpg,quality/dino_linear/entropy/V01_f0000097.jpg,quality/disagreement/V01_f0000097.jpg,,,,"[[156.90034326910973, 164.87914323806763], [563.8319275379181, 160.234272480011], [543.0051209926605, 276.3460949063301]]",dino_linear/triangles/V01_f0000097.svg
V02_f0000081,full,TopoFiberDINO Coordinate (ours),val,V02,2.7,18.056,0.9103377686796316,0.4599307192967136,0.3512079417705536,0.012614764273166656,1,0.0,0.060472301920105935,0.16408896744734128,0.2819182588890295,92.21452657548824,347.68271377265637,16030.698424513244,models_disagree,../../dataset/images/V02_f0000081.png,full/overlays/V02_f0000081.jpg,quality/full/entropy/V02_f0000081.jpg,quality/disagreement/V02_f0000081.jpg,,,,"[[166.12597346305847, 159.45400738716125], [531.0366368293762, 156.09525108337402], [507.53546476364136, 246.54113912582397]]",full/triangles/V02_f0000081.svg
V01_f0000011,dino_pyramid,dino_pyramid,train,V01,0.3666666666666667,18.044,0.9161112387956791,0.4383789150645365,0.33190885186195374,0.01654568873345852,1,0.0,0.05617780653161349,0.9561464893865174,0.9775816837586454,112.67684592784894,275.06806091739026,15496.900759830474,models_disagree,../../dataset/images/V01_f0000011.png,dino_pyramid/overlays/V01_f0000011.jpg,quality/dino_pyramid/entropy/V01_f0000011.jpg,quality/disagreement/V01_f0000011.jpg,,,,"[[241.8710482120514, 148.12452346086502], [509.7770531177521, 136.36017590761185], [517.0511810779572, 245.94023823738098]]",dino_pyramid/triangles/V01_f0000011.svg
V02_f0000017,dino_pyramid,dino_pyramid,train,V02,0.5666666666666667,18.044,0.9077225130890052,0.4326442721791559,0.3575712740421295,0.015375622548162937,1,0.0,0.05845511482254697,0.9424228466144634,0.9703580744605169,92.64377758949034,348.1775922971189,16128.243711209265,models_disagree,../../dataset/images/V02_f0000017.png,dino_pyramid/overlays/V02_f0000017.jpg,quality/dino_pyramid/entropy/V02_f0000017.jpg,quality/disagreement/V02_f0000017.jpg,,,,"[[162.7671056985855, 150.89515310525894], [502.86372900009155, 148.85495442152023], [503.62576246261597, 239.34668624401093]]",dino_pyramid/triangles/V02_f0000017.svg
V02_f0000095,directional,directional,test,V02,3.166666666666667,18.044,0.929336808572256,0.3685528044216423,0.2899208962917328,0.028252258896827698,1,0.0,0.08583762886597938,0.867173172648677,0.9288620738038446,118.96767108811449,379.2925120138679,22561.773407725275,models_disagree,../../dataset/images/V02_f0000095.png,directional/overlays/V02_f0000095.jpg,quality/directional/entropy/V02_f0000095.jpg,quality/disagreement/V02_f0000095.jpg,,,,"[[157.10057079792023, 151.94735312461853], [550.6919431686401, 148.12358283996582], [530.1398706436157, 267.8421232700348]]",directional/triangles/V02_f0000095.svg
V01_f0000042,baseline,baseline,train,V01,1.4000000000000001,18.04,0.9141299409359382,0.46778336125069797,0.3374987244606018,0.012405305169522762,1,0.0,0.055379850658127845,0.8408154859967051,0.9135250027967334,105.34427822268495,282.59521138466397,14884.894286252253,models_disagree,../../dataset/images/V01_f0000042.png,baseline/overlays/V01_f0000042.jpg,quality/baseline/entropy/V01_f0000042.jpg,quality/disagreement/V01_f0000042.jpg,,,,"[[146.74823409318924, 164.38956186175346], [429.4584070444107, 171.3305488228798], [430.7643655538559, 276.6694128513336]]",baseline/triangles/V01_f0000042.svg
V01_f0000090,directional,directional,val,V01,3.0,18.038,0.9203952274422073,0.4602123546553565,0.321289986371994,0.014753375202417374,1,0.0,0.06656755009696186,0.7055184763145043,0.8273360694855397,105.82583084208885,334.1597304539662,17681.365554629716,models_disagree,../../dataset/images/V01_f0000090.png,directional/overlays/V01_f0000090.jpg,quality/directional/entropy/V01_f0000090.jpg,quality/disagreement/V01_f0000090.jpg,,,,"[[157.17871981859207, 166.9529490172863], [503.1495109796524, 174.07795786857605], [479.3091000318527, 278.7271589040756]]",directional/triangles/V01_f0000090.svg
V02_f0000071,full,TopoFiberDINO Coordinate (ours),val,V02,2.3666666666666667,18.031,0.9303038751045442,0.44455232978390563,0.2852257192134857,0.01890435442328453,1,0.0,0.0898046875,0.764100333478324,0.8662776362291444,126.78319760660085,377.7923014057471,23948.85800168867,models_disagree,../../dataset/images/V02_f0000071.png,full/overlays/V02_f0000071.jpg,quality/full/entropy/V02_f0000071.jpg,quality/disagreement/V02_f0000071.jpg,,,,"[[179.81401205062866, 158.8935830593109], [592.2125029563904, 156.27786827087402], [544.1974854469299, 274.88086557388306]]",full/triangles/V02_f0000071.svg
V01_f0000010,directional,directional,train,V01,0.33333333333333337,18.009,0.9254915488099345,0.45385268252162453,0.3057019114494324,0.016547121107578278,1,0.0,0.07442666666666667,0.44015444015444016,0.6112600536193029,121.10086046703383,335.9542000152024,20342.171349677497,models_disagree,../../dataset/images/V01_f0000010.png,directional/overlays/V01_f0000010.jpg,quality/directional/entropy/V01_f0000010.jpg,quality/disagreement/V01_f0000010.jpg,,,,"[[204.08553677797318, 141.1082111299038], [559.0064842700958, 123.99007380008698], [520.8143155574799, 236.9253784418106]]",directional/triangles/V01_f0000010.svg
V01_f0000013,unet_small,unet_small,train,V01,0.43333333333333335,17.974,0.9122351923908344,0.4231454346951676,0.3454630672931671,0.01722952164709568,1,0.0,0.05934546821305842,0.783646408839779,0.8787015239747243,99.25915272628932,329.33390744517305,16344.70230852303,models_disagree,../../dataset/images/V01_f0000013.png,unet_small/overlays/V01_f0000013.jpg,quality/unet_small/entropy/V01_f0000013.jpg,quality/disagreement/V01_f0000013.jpg,,,,"[[190.41155779361725, 135.81474870443344], [512.4548524618149, 141.34711772203445], [507.24370539188385, 238.218292593956]]",unet_small/triangles/V01_f0000013.svg
V01_f0000059,baseline,baseline,train,V01,1.9666666666666668,17.951,0.9103570524183338,0.40664845173041897,0.3521829843521118,0.01875305362045765,1,0.0,0.04993455497382199,0.6740929344366645,0.8053231939163498,99.11641612076592,268.99007408390514,13330.666057627997,models_disagree,../../dataset/images/V01_f0000059.png,baseline/overlays/V01_f0000059.jpg,quality/baseline/entropy/V01_f0000059.jpg,quality/disagreement/V01_f0000059.jpg,,,,"[[185.99031183123589, 158.16978737711906], [455.7402101755142, 155.4284691810608], [456.4998298883438, 254.82677668333054]]",baseline/triangles/V01_f0000059.svg
V01_f0000099,directional,directional,test,V01,3.3000000000000003,17.942,0.9223597219867774,0.45129145308738977,0.30967041850090027,0.015831008553504944,1,0.0,0.07322961719708218,0.2882360867807573,0.447489539748954,109.77917664081527,353.4652009619451,19401.559366391317,models_disagree,../../dataset/images/V01_f0000099.png,directional/overlays/V01_f0000099.jpg,quality/directional/entropy/V01_f0000099.jpg,quality/disagreement/V01_f0000099.jpg,,,,"[[155.73994773626328, 147.01180905103683], [516.6520910263062, 153.22507917881012], [503.46293902397156, 263.9762610197067]]",directional/triangles/V01_f0000099.svg
V01_f0000053,dino_pyramid,dino_pyramid,train,V01,1.7666666666666668,17.94,0.9035281146637266,0.4754820936639118,0.37093478441238403,0.008560373447835445,1,0.0,0.06799212598425197,0.9135374542653573,0.9548153366207105,84.1072371922472,434.66576898842277,18279.2684658299,models_disagree,../../dataset/images/V01_f0000053.png,dino_pyramid/overlays/V01_f0000053.jpg,quality/dino_pyramid/entropy/V01_f0000053.jpg,quality/disagreement/V01_f0000053.jpg,,,,"[[164.22831591963768, 162.066288292408], [599.9044735431671, 154.5076109468937], [606.6926007270813, 238.3793368935585]]",dino_pyramid/triangles/V01_f0000053.svg
V01_f0000076,directional,directional,val,V01,2.5333333333333337,17.923,0.9258259212198221,0.5039026629935721,0.30153241753578186,0.009937405586242676,1,0.0,0.07869018416851614,0.2642174131857071,0.4179936305732484,114.33447893597173,365.91259269624214,20918.21281101765,models_disagree,../../dataset/images/V01_f0000076.png,directional/overlays/V01_f0000076.jpg,quality/directional/entropy/V01_f0000076.jpg,quality/disagreement/V01_f0000076.jpg,,,,"[[158.78408327698708, 152.41728723049164], [532.7051512002945, 149.1379514336586], [517.429142832756, 263.803169131279]]",directional/triangles/V01_f0000076.svg
V02_f0000056,full,TopoFiberDINO Coordinate (ours),train,V02,1.8666666666666667,17.917,0.9105605710686542,0.41483507208210946,0.35125699639320374,0.017608758062124252,1,0.0,0.05961271388517674,0.8231680561649847,0.9030084235860409,96.24661148174069,331.8468919968723,15969.569442723065,models_disagree,../../dataset/images/V02_f0000056.png,full/overlays/V02_f0000056.jpg,quality/full/entropy/V02_f0000056.jpg,quality/disagreement/V02_f0000056.jpg,,,,"[[192.41625308990479, 157.3027046918869], [527.463641166687, 149.54212069511414], [540.7371425628662, 245.1872707605362]]",full/triangles/V02_f0000056.svg
V02_f0000085,unet_small,unet_small,val,V02,2.8333333333333335,17.889,0.9212368728121354,0.44216582642627245,0.31591275334358215,0.016450991854071617,1,0.0,0.06420779220779221,0.5390540748729009,0.7005005005005005,110.05838624265283,308.464477349549,16974.55129513735,models_disagree,../../dataset/images/V02_f0000085.png,unet_small/overlays/V02_f0000085.jpg,quality/unet_small/entropy/V02_f0000085.jpg,quality/disagreement/V02_f0000085.jpg,,,,"[[168.56658339500427, 158.11545372009277], [482.1868872642517, 152.6411736011505], [475.5499863624573, 264.0272921323776]]",unet_small/triangles/V02_f0000085.svg
V01_f0000058,dino_linear,dino_linear,train,V01,1.9333333333333333,17.884,0.9203435500168407,0.42556523720029615,0.31870928406715393,0.0183040089905262,1,0.0,0.07458115183246074,0.5148305084745762,0.6797202797202797,105.4961879783569,380.6205240385444,20077.007176195493,models_disagree,../../dataset/images/V01_f0000058.png,dino_linear/overlays/V01_f0000058.jpg,quality/dino_linear/entropy/V01_f0000058.jpg,quality/disagreement/V01_f0000058.jpg,,,,"[[174.9896992444992, 150.83269402384758], [562.606386423111, 154.6177938580513], [542.3529908657074, 258.3017796278]]",dino_linear/triangles/V01_f0000058.svg
V02_f0000009,directional,directional,train,V02,0.3,17.869,0.9225929456625358,0.4874892809016293,0.311937540769577,0.01099381223320961,1,0.0,0.0672360870145469,0.4712123355495827,0.640576923076923,117.04799746390796,312.94002212737945,18314.501458160405,models_disagree,../../dataset/images/V02_f0000009.png,directional/overlays/V02_f0000009.jpg,quality/directional/entropy/V02_f0000009.jpg,quality/disagreement/V02_f0000009.jpg,,,,"[[204.53679084777832, 137.96527886390686], [528.669376373291, 128.48763185739517], [496.3138961791992, 239.23328614234924]]",directional/triangles/V02_f0000009.svg
V02_f0000024,baseline,baseline,train,V02,0.8,17.869,0.9266347687400319,0.2962962962962963,0.3000168800354004,0.03580223023891449,1,0.0,0.0821813845069659,0.8255055446836269,0.9044130784348758,121.1239851453971,373.8356492891167,22640.231815657426,,../../dataset/images/V02_f0000024.png,baseline/overlays/V02_f0000024.jpg,quality/baseline/entropy/V02_f0000024.jpg,quality/disagreement/V02_f0000024.jpg,,,,"[[183.72864603996277, 137.35317021608353], [546.7977118492126, 128.05241131782532], [547.5654530525208, 245.70264267921448]]",baseline/triangles/V02_f0000024.svg
V02_f0000039,unet_small,unet_small,train,V02,1.3,17.868,0.9167663647239788,0.3046247701072085,0.3275946080684662,0.03253350779414177,1,0.0,0.07375,0.9156541644655749,0.9559702178509054,100.87012146321695,393.47734648495293,19845.05386648075,,../../dataset/images/V02_f0000039.png,unet_small/overlays/V02_f0000039.jpg,quality/unet_small/entropy/V02_f0000039.jpg,quality/disagreement/V02_f0000039.jpg,,,,"[[156.47750079631805, 176.91055643558502], [549.69078540802, 169.227192401886], [547.9077672958374, 269.9631978273392]]",unet_small/triangles/V02_f0000039.svg
V01_f0000093,baseline,baseline,test,V01,3.1,17.865,0.9216411340024652,0.49403331224963104,0.31386107206344604,0.009937732480466366,1,0.0,0.07049222797927461,0.6539545926695356,0.7907769603445182,109.60061798806521,342.4611458506106,18766.97661106393,models_disagree,../../dataset/images/V01_f0000093.png,baseline/overlays/V01_f0000093.jpg,quality/baseline/entropy/V01_f0000093.jpg,quality/disagreement/V01_f0000093.jpg,,,,"[[157.74607452750206, 149.54522252082825], [504.50192177295685, 151.6379602253437], [502.7655054330826, 262.59635388851166]]",baseline/triangles/V01_f0000093.svg
V01_f0000042,directional,directional,train,V01,1.4000000000000001,17.857,0.9158304321114069,0.46778336125069797,0.3325042724609375,0.011875842697918415,1,0.0,0.06140339365625123,0.5321160743397457,0.6946158757182379,103.1518637589631,320.4487734171761,16527.444108627693,models_disagree,../../dataset/images/V01_f0000042.png,directional/overlays/V01_f0000042.jpg,quality/directional/entropy/V01_f0000042.jpg,quality/disagreement/V01_f0000042.jpg,,,,"[[168.06830894947052, 168.43682527542114], [498.17796778678894, 172.86211252212524], [472.0388181209564, 272.6498544216156]]",directional/triangles/V01_f0000042.svg
V02_f0000097,directional,directional,test,V02,3.2333333333333334,17.849,0.9274543874891399,0.4827879704936637,0.29328247904777527,0.012575361877679825,1,0.0,0.08622004005426707,0.6209024296182029,0.7661194384963121,116.76077928957665,389.1565998360951,22719.1139312722,models_disagree,../../dataset/images/V02_f0000097.png,directional/overlays/V02_f0000097.jpg,quality/directional/entropy/V02_f0000097.jpg,quality/disagreement/V02_f0000097.jpg,,,,"[[154.64269995689392, 148.04161465168], [557.6971936225891, 145.73979544639587], [536.4779162406921, 262.6953146457672]]",directional/triangles/V02_f0000097.svg
V01_f0000082,directional,directional,val,V01,2.7333333333333334,17.848,0.9227174094475046,0.5431880376770838,0.31225863099098206,0.003951112274080515,1,0.0,0.07356937599958391,0.5592199143808467,0.7173073011999187,107.86988348731488,365.0269271883059,19687.706052767564,models_disagree,../../dataset/images/V01_f0000082.png,directional/overlays/V01_f0000082.jpg,quality/directional/entropy/V01_f0000082.jpg,quality/disagreement/V01_f0000082.jpg,,,,"[[148.83059507608414, 159.1428816318512], [519.5418226718903, 158.76911580562592], [508.43772888183594, 267.1700119972229]]",directional/triangles/V01_f0000082.svg
V02_f0000062,dino_pyramid,dino_pyramid,train,V02,2.066666666666667,17.844,0.9173035469331766,0.39309823915403863,0.32759448885917664,0.021475154906511307,1,0.0,0.06426515619455651,0.8835560955852572,0.9381786904633911,105.41608285261793,326.440603606097,17206.044858099463,models_disagree,../../dataset/images/V02_f0000062.png,dino_pyramid/overlays/V02_f0000062.jpg,quality/dino_pyramid/entropy/V02_f0000062.jpg,quality/disagreement/V02_f0000062.jpg,,,,"[[157.61307835578918, 170.13634377717972], [484.5873427391052, 160.79081112146378], [488.65055322647095, 266.3389867544174]]",dino_pyramid/triangles/V02_f0000062.svg
V02_f0000062,unet_small,unet_small,train,V02,2.066666666666667,17.839,0.9244196508907684,0.39309823915403863,0.3062554895877838,0.023054584860801697,1,0.0,0.07024483841715841,0.7515260323159785,0.8581385813858139,115.37303407205371,325.94426715141714,18802.589519825513,models_disagree,../../dataset/images/V02_f0000062.png,unet_small/overlays/V02_f0000062.jpg,quality/unet_small/entropy/V02_f0000062.jpg,quality/disagreement/V02_f0000062.jpg,,,,"[[158.43205153942108, 167.30724865198135], [486.09328508377075, 165.41758877038956], [477.41331338882446, 280.6944320201874]]",unet_small/triangles/V02_f0000062.svg
V01_f0000029,dino_pyramid,dino_pyramid,train,V01,0.9666666666666667,17.829,0.9342279899719805,0.39196065854180034,0.2717539966106415,0.02535221353173256,1,0.0,0.08740792142628376,0.9291022592152199,0.9632483242160413,147.65875108347055,324.19394085457617,23935.036207707617,models_disagree,../../dataset/images/V01_f0000029.png,dino_pyramid/overlays/V01_f0000029.jpg,quality/dino_pyramid/entropy/V01_f0000029.jpg,quality/disagreement/V01_f0000029.jpg,,,,"[[171.8810175061226, 117.55328625440598], [491.2344502210617, 113.40274661779404], [501.6758247613907, 258.24037939310074]]",dino_pyramid/triangles/V01_f0000029.svg
V01_f0000040,dino_pyramid,dino_pyramid,train,V01,1.3333333333333335,17.822,0.9190097259062776,0.2288309405215353,0.32061484456062317,0.042284585535526276,1,0.0,0.07131233595800525,0.9181544988509811,0.957331121555617,105.98674828175466,362.06876273983085,19187.245408596402,,../../dataset/images/V01_f0000040.png,dino_pyramid/overlays/V01_f0000040.jpg,quality/dino_pyramid/entropy/V01_f0000040.jpg,quality/disagreement/V01_f0000040.jpg,,,,"[[154.20889544487, 175.6012961268425], [516.4234758615494, 165.49566015601158], [515.2254065275192, 271.478109061718]]",dino_pyramid/triangles/V01_f0000040.svg
V02_f0000049,dino_pyramid,dino_pyramid,train,V02,1.6333333333333333,17.818,0.9291864608076009,0.2961199499348379,0.2890620827674866,0.03614433854818344,1,0.0,0.08551315789473685,0.8527098527098527,0.9205001543686323,123.14044267572335,372.56269388893975,22938.767524972027,,../../dataset/images/V02_f0000049.png,dino_pyramid/overlays/V02_f0000049.jpg,quality/dino_pyramid/entropy/V02_f0000049.jpg,quality/disagreement/V02_f0000049.jpg,,,,"[[167.3989498615265, 147.03849077224731], [540.264401435852, 138.76610159873962], [538.0523014068604, 261.91776490211487]]",dino_pyramid/triangles/V02_f0000049.svg
V02_f0000080,dino_linear,dino_linear,val,V02,2.666666666666667,17.808,0.9135509396636993,0.4163863891161409,0.33997780084609985,0.017542123794555664,1,0.0,0.06263636363636364,0.7896152254861398,0.8824413362617038,95.93881006943163,345.68250194753983,16582.183949335475,models_disagree,../../dataset/images/V02_f0000080.png,dino_linear/overlays/V02_f0000080.jpg,quality/dino_linear/entropy/V02_f0000080.jpg,quality/disagreement/V02_f0000080.jpg,,,,"[[162.24940359592438, 158.074413895607], [512.8774094581604, 155.30158412456512], [512.308337688446, 252.60511314868927]]",dino_linear/triangles/V02_f0000080.svg
V01_f0000059,unet_small,unet_small,train,V01,1.9666666666666668,17.806,0.9175757575757576,0.40664845173041897,0.32554179430007935,0.019651267677545547,1,0.0,0.06098167539267016,0.8523860021208908,0.9203114266086558,103.55629327276499,320.1986332988006,16579.291787714563,models_disagree,../../dataset/images/V01_f0000059.png,unet_small/overlays/V01_f0000059.jpg,quality/unet_small/entropy/V01_f0000059.jpg,quality/disagreement/V01_f0000059.jpg,,,,"[[170.46562141180038, 158.743254840374], [492.8674727678299, 158.3842635154724], [483.725363612175, 261.834941804409]]",unet_small/triangles/V01_f0000059.svg
V01_f0000062,directional,directional,train,V01,2.066666666666667,17.792,0.9253833049403748,0.44922231042897887,0.30523520708084106,0.016020560637116432,1,0.0,0.07352480417754569,0.6940800538176926,0.8194182467983718,114.5051331148932,344.31538960066223,19712.939759865072,models_disagree,../../dataset/images/V01_f0000062.png,directional/overlays/V01_f0000062.jpg,quality/directional/entropy/V01_f0000062.jpg,quality/disagreement/V01_f0000062.jpg,,,,"[[161.34877380728722, 159.63336825370789], [513.6418331861496, 160.92538833618164], [491.7424284219742, 273.9226296544075]]",directional/triangles/V01_f0000062.svg
V01_f0000025,directional,directional,train,V01,0.8333333333333334,17.789,0.9292356185973207,0.5225851986287559,0.29176968336105347,0.007701580878347158,1,0.0,0.08251818071427608,0.6476043276661515,0.7861163227016885,128.49249711750392,354.898642094235,22800.906373149774,models_disagree,../../dataset/images/V01_f0000025.png,directional/overlays/V01_f0000025.jpg,quality/directional/entropy/V01_f0000025.jpg,quality/disagreement/V01_f0000025.jpg,,,,"[[190.00395148992538, 131.02272525429726], [555.0217274427414, 123.66314604878426], [516.9838002920151, 242.82677471637726]]",directional/triangles/V01_f0000025.svg
V02_f0000068,unet_small,unet_small,train,V02,2.2666666666666666,17.784,0.9230897843170038,0.4238991929774883,0.30717307329177856,0.018627922981977463,1,0.0,0.07539942807671118,0.8603744149765991,0.9249475890985325,112.10691243723606,359.2563436099654,20137.559727801992,models_disagree,../../dataset/images/V02_f0000068.png,unet_small/overlays/V02_f0000068.jpg,quality/unet_small/entropy/V02_f0000068.jpg,quality/disagreement/V02_f0000068.jpg,,,,"[[157.14719653129578, 170.00590133666992], [519.9416399002075, 168.17125844955444], [508.54498386383057, 280.164235830307]]",unet_small/triangles/V02_f0000068.svg
V01_f0000098,full,TopoFiberDINO Coordinate (ours),test,V01,3.2666666666666666,17.783,0.9199868830955894,0.41113015424942023,0.3228054344654083,0.019521618261933327,1,0.0,0.07567987567987568,0.31192793839895394,0.47552602436323366,111.41383165061427,360.86363823030933,20102.600319309928,models_disagree,../../dataset/images/V01_f0000098.png,full/overlays/V01_f0000098.jpg,quality/full/entropy/V01_f0000098.jpg,quality/disagreement/V01_f0000098.jpg,,,,"[[166.25517141819, 139.28331434726715], [542.761171579361, 147.6379707455635], [567.0909798145294, 257.94609636068344]]",full/triangles/V01_f0000098.svg
V01_f0000047,baseline,baseline,train,V01,1.5666666666666667,17.775,0.9182655410590944,0.3908509645728712,0.32770809531211853,0.021630585193634033,1,0.0,0.06527127513081796,0.8815894568690096,0.9370688740316248,104.17002720829365,337.86172185493433,17597.532379134725,models_disagree,../../dataset/images/V01_f0000047.png,baseline/overlays/V01_f0000047.jpg,quality/baseline/entropy/V01_f0000047.jpg,quality/disagreement/V01_f0000047.jpg,,,,"[[167.71522164344788, 157.70664811134338], [505.8635730743408, 154.43368256092072], [504.8523118495941, 258.67248326539993]]",baseline/triangles/V01_f0000047.svg
V02_f0000003,baseline,baseline,train,V02,0.1,17.769,0.9235374615121451,0.4355698428398725,0.31044140458106995,0.01719515770673752,1,0.0,0.0730604875894585,0.6244079570571519,0.7687821945767325,115.14416973334046,335.63944467396743,19323.46259337172,models_disagree,../../dataset/images/V02_f0000003.png,baseline/overlays/V02_f0000003.jpg,quality/baseline/entropy/V02_f0000003.jpg,quality/disagreement/V02_f0000003.jpg,,,,"[[170.72250723838806, 125.73577898740768], [512.7470827102661, 119.86804264783859], [526.8757438659668, 235.72519481182098]]",baseline/triangles/V02_f0000003.svg
V02_f0000056,unet_small,unet_small,train,V02,1.8666666666666667,17.768,0.9142085984191247,0.41483507208210946,0.3371707499027252,0.01768440566956997,1,0.0,0.06503681576395985,0.7574536663980661,0.8619899128839982,97.58816427184072,356.8557963356907,17412.45103708296,models_disagree,../../dataset/images/V02_f0000056.png,unet_small/overlays/V02_f0000056.jpg,quality/unet_small/entropy/V02_f0000056.jpg,quality/disagreement/V02_f0000056.jpg,,,,"[[178.41073393821716, 154.43096470832825], [537.8157305717468, 147.14872539043427], [530.9947800636292, 244.81858110427856]]",unet_small/triangles/V02_f0000056.svg
V02_f0000064,directional,directional,train,V02,2.1333333333333333,17.766,0.9163770190145165,0.399368742910687,0.3331725299358368,0.020091354846954346,1,0.0,0.06,0.7132389675270607,0.8326205287713841,99.61092699489436,325.9224459989512,16232.718487199463,models_disagree,../../dataset/images/V02_f0000064.png,directional/overlays/V02_f0000064.jpg,quality/directional/entropy/V02_f0000064.jpg,quality/disagreement/V02_f0000064.jpg,,,,"[[161.30573630332947, 171.06395304203033], [496.527636051178, 171.72625243663788], [475.35902738571167, 269.64685010910034]]",directional/triangles/V02_f0000064.svg
V02_f0000059,dino_pyramid,dino_pyramid,train,V02,1.9666666666666668,17.762,0.9149842978914311,0.4723022249170498,0.3385046720504761,0.010644163936376572,1,0.0,0.055746073298429316,0.9473563218390805,0.9729665919017826,102.38255242088397,291.5070522082655,14922.618026885053,models_disagree,../../dataset/images/V02_f0000059.png,dino_pyramid/overlays/V02_f0000059.jpg,quality/dino_pyramid/entropy/V02_f0000059.jpg,quality/disagreement/V02_f0000059.jpg,,,,"[[176.05188488960266, 160.98614597320557], [468.7480115890503, 153.94767117500305], [471.02850437164307, 256.7520971298218]]",dino_pyramid/triangles/V02_f0000059.svg
V02_f0000062,directional,directional,train,V02,2.066666666666667,17.731,0.9241182757392233,0.39309823915403863,0.30964139103889465,0.02244323305785656,1,0.0,0.071020225782287,0.7473740430834965,0.8554253693326541,112.81824296893645,336.90535012044387,19004.53482371142,models_disagree,../../dataset/images/V02_f0000062.png,directional/overlays/V02_f0000062.jpg,quality/directional/entropy/V02_f0000062.jpg,quality/disagreement/V02_f0000062.jpg,,,,"[[164.00584816932678, 160.90859162807465], [506.8961977958679, 162.2590827345848], [486.6305136680603, 273.4709770679474]]",directional/triangles/V02_f0000062.svg
V01_f0000055,dino_pyramid,dino_pyramid,train,V01,1.8333333333333335,17.729,0.9066564651874521,0.38353818871155143,0.3633233904838562,0.019701501354575157,1,0.0,0.06518372703412073,0.8974113135186961,0.9459322890348661,86.65599363612594,405.49006003205074,17569.072030824856,models_disagree,../../dataset/images/V01_f0000055.png,dino_pyramid/overlays/V01_f0000055.jpg,quality/dino_pyramid/entropy/V01_f0000055.jpg,quality/disagreement/V01_f0000055.jpg,,,,"[[169.91094118356705, 156.0298204421997], [575.2526960372925, 158.47346931695938], [574.6658987998962, 245.0973317027092]]",dino_pyramid/triangles/V01_f0000055.svg
V02_f0000014,directional,directional,train,V02,0.4666666666666667,17.699,0.922955422955423,0.5111111111111111,0.3108135759830475,0.007272303570061922,1,0.0,0.07404101065844289,0.39416745061147695,0.5654520917678812,117.94560959229045,346.63350893382454,20441.950258157296,models_disagree,../../dataset/images/V02_f0000014.png,directional/overlays/V02_f0000014.jpg,quality/directional/entropy/V02_f0000014.jpg,quality/disagreement/V02_f0000014.jpg,,,,"[[203.03477883338928, 141.31376963853836], [562.8993487358093, 136.9765557050705], [524.0194201469421, 244.88362956047058]]",directional/triangles/V02_f0000014.svg
V02_f0000006,dino_linear,dino_linear,train,V02,0.2,17.689,0.9099729241877257,0.4573135260148414,0.352078914642334,0.011023086495697498,1,0.0,0.05587071240105541,0.5086611623765582,0.6743212791072003,94.59986173987721,318.7258066023507,15075.70861875661,models_disagree,../../dataset/images/V02_f0000006.png,dino_linear/overlays/V02_f0000006.jpg,quality/dino_linear/entropy/V02_f0000006.jpg,quality/disagreement/V02_f0000006.jpg,,,,"[[198.74343395233154, 128.58455806970596], [516.96124792099, 135.6671490073204], [507.8830361366272, 229.44088530540466]]",dino_linear/triangles/V02_f0000006.svg
V02_f0000012,unet_small,unet_small,train,V02,0.4,17.685,0.9116298457690705,0.3375383566314354,0.35081911087036133,0.026347607374191284,1,0.0,0.06333157374697149,0.8370588235294117,0.9113032340698046,96.59400505717483,357.84562593796693,17282.871100769935,,../../dataset/images/V02_f0000012.png,unet_small/overlays/V02_f0000012.jpg,quality/unet_small/entropy/V02_f0000012.jpg,quality/disagreement/V02_f0000012.jpg,,,,"[[202.67413973808289, 138.63369745016098], [553.9512634277344, 138.5377632379532], [541.5580558776855, 231.7067472934723]]",unet_small/triangles/V02_f0000012.svg
V01_f0000053,baseline,baseline,train,V01,1.7666666666666668,17.679,0.9128407460545194,0.4754820936639118,0.3436662256717682,0.00935087539255619,1,0.0,0.06851706036745407,0.7503508771929824,0.8573719554976446,93.3501112425759,397.41019462946326,18549.142938797067,models_disagree,../../dataset/images/V01_f0000053.png,baseline/overlays/V01_f0000053.jpg,quality/baseline/entropy/V01_f0000053.jpg,quality/disagreement/V01_f0000053.jpg,,,,"[[188.88152945041656, 161.08804196119308], [591.7654340267181, 160.57178378105164], [576.7974092960358, 252.75763124227524]]",baseline/triangles/V01_f0000053.svg
V02_f0000073,baseline,baseline,val,V02,2.4333333333333336,17.658,0.9271372071797992,0.3943380284702837,0.2943421006202698,0.022604098543524742,1,0.0,0.08239568682606657,0.3412731006160164,0.5088793631353338,117.56558871715875,372.4629450977912,21894.4127078743,models_disagree,../../dataset/images/V02_f0000073.png,baseline/overlays/V02_f0000073.jpg,quality/baseline/entropy/V02_f0000073.jpg,quality/disagreement/V02_f0000073.jpg,,,,"[[159.61539387702942, 156.76644504070282], [538.9112162590027, 142.9869840145111], [527.8517174720764, 261.26857328414917]]",baseline/triangles/V02_f0000073.svg
V02_f0000042,directional,directional,train,V02,1.4000000000000001,17.65,0.9173587198703667,0.4620615269180266,0.33319830894470215,0.011900333687663078,1,0.0,0.06237151441674134,0.4397258232752198,0.6108466156075347,102.86682732851823,325.85510964723596,16759.840649098798,models_disagree,../../dataset/images/V02_f0000042.png,directional/overlays/V02_f0000042.jpg,quality/directional/entropy/V02_f0000042.jpg,quality/disagreement/V02_f0000042.jpg,,,,"[[166.23226761817932, 167.09347820281982], [500.32063007354736, 171.16451287269592], [475.6604862213135, 270.84781670570374]]",directional/triangles/V02_f0000042.svg
V02_f0000053,baseline,baseline,train,V02,1.7666666666666668,17.65,0.9155308766616187,0.4865800209667438,0.33247897028923035,0.00841983687132597,1,0.0,0.07466733353514879,0.6358634311512416,0.7774040534713238,98.1554644581532,409.15582159674693,20080.439852292984,models_disagree,../../dataset/images/V02_f0000053.png,baseline/overlays/V02_f0000053.jpg,quality/baseline/entropy/V02_f0000053.jpg,quality/disagreement/V02_f0000053.jpg,,,,"[[186.03481113910675, 160.51549208164215], [603.0689263343811, 157.58213663101196], [584.53449010849, 253.92661333084106]]",baseline/triangles/V02_f0000053.svg
V02_f0000056,baseline,baseline,train,V02,1.8666666666666667,17.637,0.8969100355482637,0.41483507208210946,0.390302449464798,0.013133421540260315,1,0.0,0.04537117102953122,0.7242778706135116,0.8400941437076007,81.8927603554238,296.8805713518554,12156.184741949395,models_disagree,../../dataset/images/V02_f0000056.png,baseline/overlays/V02_f0000056.jpg,quality/baseline/entropy/V02_f0000056.jpg,quality/disagreement/V02_f0000056.jpg,,,,"[[203.9664924144745, 154.61350387334824], [502.38548040390015, 146.816126704216], [510.01843214035034, 228.6217384338379]]",baseline/triangles/V02_f0000056.svg
V01_f0000065,unet_small,unet_small,train,V01,2.166666666666667,17.636,0.9237038321484308,0.3649234371045305,0.30973541736602783,0.02539961412549019,1,0.0,0.07266544598482867,0.7578531965272297,0.8622485632183908,112.70751889165885,344.92310992900605,19437.713964246585,models_disagree,../../dataset/images/V01_f0000065.png,unet_small/overlays/V01_f0000065.jpg,quality/unet_small/entropy/V01_f0000065.jpg,quality/disagreement/V01_f0000065.jpg,,,,"[[140.49119886755943, 176.96138843894005], [487.83614099025726, 174.00287836790085], [480.37500512599945, 286.94500029087067]]",unet_small/triangles/V01_f0000065.svg
V01_f0000052,dino_linear,dino_linear,train,V01,1.7333333333333334,17.631,0.9213716660893662,0.44622459575730605,0.3166568875312805,0.014683052897453308,1,0.0,0.07281789607964334,0.6260116427658668,0.7699965071603213,108.00671302211362,362.2710654396614,19563.853500578425,models_disagree,../../dataset/images/V01_f0000052.png,dino_linear/overlays/V01_f0000052.jpg,quality/dino_linear/entropy/V01_f0000052.jpg,quality/disagreement/V01_f0000052.jpg,,,,"[[155.67829856276512, 158.18924456834793], [519.884370803833, 161.64442151784897], [508.1567175388336, 269.06007528305054]]",dino_linear/triangles/V01_f0000052.svg
V02_f0000058,full,TopoFiberDINO Coordinate (ours),train,V02,1.9333333333333333,17.631,0.8992174531657576,0.4739374060407271,0.3815433979034424,0.006235500331968069,1,0.0,0.05264262019955683,0.5529096357041476,0.7120950543312684,81.36627484278537,345.5360207082654,14057.489414515552,models_disagree,../../dataset/images/V02_f0000058.png,full/overlays/V02_f0000058.jpg,quality/full/entropy/V02_f0000058.jpg,quality/disagreement/V02_f0000058.jpg,,,,"[[199.01527762413025, 160.50254034996033], [548.584234714508, 163.1639986038208], [537.7490401268005, 244.113525390625]]",full/triangles/V02_f0000058.svg
V01_f0000039,baseline,baseline,train,V01,1.3,17.629,0.91908747743312,0.2624290511426109,0.3235445022583008,0.03713781014084816,1,0.0,0.07678545588486786,0.8932651321398124,0.9436239193083573,102.58292858283197,402.8866764516042,20664.647578704724,,../../dataset/images/V01_f0000039.png,baseline/overlays/V01_f0000039.jpg,quality/baseline/entropy/V01_f0000039.jpg,quality/disagreement/V01_f0000039.jpg,,,,"[[156.73405158519745, 174.94599893689156], [560.9414466619492, 171.403169631958], [552.6577557325363, 273.57765287160873]]",baseline/triangles/V01_f0000039.svg
V01_f0000011,directional,directional,train,V01,0.3666666666666667,17.626,0.9237938596491229,0.4383789150645365,0.30756545066833496,0.016186736524105072,1,0.0,0.07099052471257396,0.7835652500940203,0.8786505007907222,120.3704280799535,325.2846232653242,19577.32467513674,models_disagree,../../dataset/images/V01_f0000011.png,directional/overlays/V01_f0000011.jpg,quality/directional/entropy/V01_f0000011.jpg,quality/disagreement/V01_f0000011.jpg,,,,"[[215.14260387420654, 139.1897276043892], [547.4063999652863, 134.37356427311897], [513.8904278278351, 246.80408835411072]]",directional/triangles/V01_f0000011.svg
V01_f0000079,unet_small,unet_small,val,V01,2.6333333333333333,17.613,0.9218230206254159,0.40086584004585635,0.3149318993091583,0.02036905847489834,1,0.0,0.07463169195348777,0.7767990693036397,0.874380319895239,106.34125188645369,372.3440362738844,19797.765474909997,models_disagree,../../dataset/images/V01_f0000079.png,unet_small/overlays/V01_f0000079.jpg,quality/unet_small/entropy/V01_f0000079.jpg,quality/disagreement/V01_f0000079.jpg,,,,"[[164.72326999902725, 157.58203715085983], [548.5622626543045, 151.23394131660461], [531.2888060808182, 257.7633261680603]]",unet_small/triangles/V01_f0000079.svg
V01_f0000064,directional,directional,train,V01,2.1333333333333333,17.61,0.9162239476910503,0.43009106422340243,0.3349728584289551,0.01543954573571682,1,0.0,0.06058666805976387,0.665342243091927,0.7990456566532914,100.24790266701977,325.71326881835074,16326.036034929435,models_disagree,../../dataset/images/V01_f0000064.png,directional/overlays/V01_f0000064.jpg,quality/directional/entropy/V01_f0000064.jpg,quality/disagreement/V01_f0000064.jpg,,,,"[[160.80273470282555, 170.74629664421082], [495.3883333206177, 169.85906660556793], [474.54514360427856, 268.3698534965515]]",directional/triangles/V01_f0000064.svg
V02_f0000031,dino_linear,dino_linear,train,V02,1.0333333333333334,17.606,0.9147670961347869,0.4177184254167758,0.33988791704177856,0.016639763489365578,1,0.0,0.06460621609342847,0.7725128205128206,0.87165837287351,99.2197143844371,353.5079123799295,17537.47704948761,models_disagree,../../dataset/images/V02_f0000031.png,dino_linear/overlays/V02_f0000031.jpg,quality/dino_linear/entropy/V02_f0000031.jpg,quality/disagreement/V02_f0000031.jpg,,,,"[[192.3888659477234, 136.58272051811218], [545.6610703468323, 143.12538474798203], [528.0146384239197, 239.38048112392426]]",dino_linear/triangles/V02_f0000031.svg
V02_f0000053,full,TopoFiberDINO Coordinate (ours),train,V02,1.7666666666666668,17.606,0.9055811162232447,0.4865800209667438,0.3633875548839569,0.005961671471595764,1,0.0,0.06317701409637128,0.5238772029562251,0.6875582913635516,88.62605562804805,381.8365225809693,16920.332445540706,models_disagree,../../dataset/images/V02_f0000053.png,full/overlays/V02_f0000053.jpg,quality/full/entropy/V02_f0000053.jpg,quality/disagreement/V02_f0000053.jpg,,,,"[[160.02842903137207, 159.26711010932922], [542.6362180709839, 158.60985988378525], [549.0086603164673, 246.9663393497467]]",full/triangles/V02_f0000053.svg
V02_f0000066,unet_small,unet_small,train,V02,2.2,17.594,0.9226709965496245,0.44717167442516575,0.31023985147476196,0.014675052836537361,1,0.0,0.061702266640538246,0.5898246168431032,0.7419996024647187,118.17680777992331,279.1625968217023,16495.272271971273,models_disagree,../../dataset/images/V02_f0000066.png,unet_small/overlays/V02_f0000066.jpg,quality/unet_small/entropy/V02_f0000066.jpg,quality/disagreement/V02_f0000066.jpg,,,,"[[156.2584787607193, 168.1113037467003], [437.29795932769775, 163.65014553070068], [434.641056060791, 282.5198905467987]]",unet_small/triangles/V02_f0000066.svg
V01_f0000080,unet_small,unet_small,val,V01,2.666666666666667,17.591,0.9145959874838947,0.3985042735042736,0.33540672063827515,0.018925512209534645,1,0.0,0.06749915626054674,0.33140016570008285,0.49782202862476665,97.09016467602315,370.2961193474143,17976.055603166387,models_disagree,../../dataset/images/V01_f0000080.png,unet_small/overlays/V01_f0000080.jpg,quality/unet_small/entropy/V01_f0000080.jpg,quality/disagreement/V01_f0000080.jpg,,,,"[[170.84985172748566, 164.24066573381424], [548.6239992380142, 155.98098188638687], [537.3140169382095, 253.46848368644714]]",unet_small/triangles/V01_f0000080.svg
V01_f0000045,dino_pyramid,dino_pyramid,train,V01,1.5,17.575,0.9220668485675307,0.2747800586510264,0.3133309781551361,0.0359908863902092,1,0.0,0.07415237544974657,0.914732770745429,0.955467817463961,109.49754176808536,364.14860872849283,19936.688747019158,,../../dataset/images/V01_f0000045.png,dino_pyramid/overlays/V01_f0000045.jpg,quality/dino_pyramid/entropy/V01_f0000045.jpg,quality/disagreement/V01_f0000045.jpg,,,,"[[181.18216329813004, 158.48209708929062], [546.9122076034546, 153.73463183641434], [537.6553163528442, 262.8008723258972]]",dino_pyramid/triangles/V01_f0000045.svg
V01_f0000086,full,TopoFiberDINO Coordinate (ours),val,V01,2.8666666666666667,17.575,0.922698762502119,0.4300046882325363,0.3105899691581726,0.016733907163143158,1,0.0,0.07363636363636364,0.553877139979859,0.712896953985742,113.22259061874522,345.86617852793773,19579.93237016927,models_disagree,../../dataset/images/V01_f0000086.png,full/overlays/V01_f0000086.jpg,quality/full/entropy/V01_f0000086.jpg,quality/disagreement/V01_f0000086.jpg,,,,"[[163.1654452085495, 168.31420361995697], [513.8110593557358, 163.26933726668358], [523.4159930944443, 277.3871049284935]]",full/triangles/V01_f0000086.svg
V01_f0000011,dino_linear,dino_linear,train,V01,0.3666666666666667,17.574,0.9173505275498242,0.4383789150645365,0.32887881994247437,0.014474277384579182,1,0.0,0.06483091396762498,0.6966735576019545,0.8212228622064688,106.92637558913955,338.3015954024603,18086.681726204297,models_disagree,../../dataset/images/V01_f0000011.png,dino_linear/overlays/V01_f0000011.jpg,quality/dino_linear/entropy/V01_f0000011.jpg,quality/disagreement/V01_f0000011.jpg,,,,"[[208.0241909623146, 138.21948319673538], [558.331427693367, 137.70530372858047], [523.2811316251755, 235.85088551044464]]",dino_linear/triangles/V01_f0000011.svg
V02_f0000098,dino_linear,dino_linear,test,V02,3.2666666666666666,17.574,0.9245797364834166,0.3976048050692992,0.3031160235404968,0.021197354421019554,1,0.0,0.08286821705426356,0.4157509157509158,0.5873221216041398,111.55755879266228,389.9822629879813,21752.7346156886,models_disagree,../../dataset/images/V02_f0000098.png,dino_linear/overlays/V02_f0000098.jpg,quality/dino_linear/entropy/V02_f0000098.jpg,quality/disagreement/V02_f0000098.jpg,,,,"[[161.35219931602478, 158.05559933185577], [565.8939099311829, 156.85389709472656], [544.5094084739685, 268.4111969470978]]",dino_linear/triangles/V02_f0000098.svg
V01_f0000017,unet_small,unet_small,train,V01,0.5666666666666667,17.557,0.9090107953293677,0.40681451837029625,0.3572658896446228,0.016458330675959587,1,0.0,0.05814516129032258,0.8214992306001319,0.9020033791938209,95.1698490090883,336.0279607447102,15989.865143452958,models_disagree,../../dataset/images/V01_f0000017.png,unet_small/overlays/V01_f0000017.jpg,quality/unet_small/entropy/V01_f0000017.jpg,quality/disagreement/V01_f0000017.jpg,,,,"[[183.5303637087345, 148.15542474389076], [512.4059526920319, 153.39720994234085], [515.7453224658966, 246.36809527873993]]",unet_small/triangles/V01_f0000017.svg
V02_f0000068,dino_linear,dino_linear,train,V02,2.2666666666666666,17.544,0.915475189234651,0.4238991929774883,0.3373514711856842,0.015712732449173927,1,0.0,0.0596059501010048,0.6153382552357993,0.7618692286167336,102.1603672991387,311.9279117721007,15933.335018745567,models_disagree,../../dataset/images/V02_f0000068.png,dino_linear/overlays/V02_f0000068.jpg,quality/dino_linear/entropy/V02_f0000068.jpg,quality/disagreement/V02_f0000068.jpg,,,,"[[161.2621146440506, 162.80150616168976], [474.8566961288452, 159.27183604240417], [481.1516332626343, 261.6621186733246]]",dino_linear/triangles/V02_f0000068.svg
V01_f0000050,directional,directional,train,V01,1.6666666666666667,17.543,0.9230880023044793,0.3894638847817754,0.28439849615097046,0.02172628603875637,1,0.0,0.0879287598944591,0.5237574552683897,0.6874551503685824,126.28864653068894,376.105269019356,23748.912688757562,models_disagree,../../dataset/images/V01_f0000050.png,directional/overlays/V01_f0000050.jpg,quality/directional/entropy/V01_f0000050.jpg,quality/disagreement/V01_f0000050.jpg,,,,"[[164.2269048690796, 138.294517993927], [548.7416783571243, 135.16929745674133], [521.4994617700577, 258.00736248493195]]",directional/triangles/V01_f0000050.svg
V02_f0000093,directional,directional,test,V02,3.1,17.54,0.9258402713536849,0.5288878157404054,0.2995503544807434,0.00490207364782691,1,0.0,0.0805624782097801,0.5984898662074447,0.74881909339521,113.40890608153164,374.3135211846733,21225.24348454001,models_disagree,../../dataset/images/V02_f0000093.png,directional/overlays/V02_f0000093.jpg,quality/directional/entropy/V02_f0000093.jpg,quality/disagreement/V02_f0000093.jpg,,,,"[[146.00170612335205, 160.370336830616], [532.6354551315308, 151.99588310718536], [516.0567712783813, 266.36658442020416]]",directional/triangles/V02_f0000093.svg
V01_f0000048,full,TopoFiberDINO Coordinate (ours),train,V01,1.6,17.534,0.9177637202940674,0.44040043052551275,0.3240961730480194,0.014118415303528309,1,0.0,0.07355489053394235,0.6315467449828683,0.7741693542338558,105.76949807418362,374.067699587989,19782.47641559305,models_disagree,../../dataset/images/V01_f0000048.png,full/overlays/V01_f0000048.jpg,quality/full/entropy/V01_f0000048.jpg,quality/disagreement/V01_f0000048.jpg,,,,"[[179.49935439229012, 166.45963490009308], [575.5470436811447, 156.84222802519798], [543.1382342576981, 257.5185298919678]]",full/triangles/V01_f0000048.svg
V01_f0000041,dino_linear,dino_linear,train,V01,1.3666666666666667,17.52,0.9197207678883071,0.4610466300142538,0.3201141357421875,0.011904444545507431,1,0.0,0.07192005672715812,0.5091617933723197,0.6747610436579695,106.12948618254893,365.5360227774413,19397.075139291173,models_disagree,../../dataset/images/V01_f0000041.png,dino_linear/overlays/V01_f0000041.jpg,quality/dino_linear/entropy/V01_f0000041.jpg,quality/disagreement/V01_f0000041.jpg,,,,"[[156.1818687915802, 172.38005250692368], [530.4520156383514, 170.8933264017105], [507.696989774704, 274.4644582271576]]",dino_linear/triangles/V01_f0000041.svg
V02_f0000066,full,TopoFiberDINO Coordinate (ours),train,V02,2.2,17.516,0.920423434933382,0.44717167442516575,0.31945404410362244,0.013778173364698887,1,0.0,0.06866549088771311,0.7767902062720108,0.8743747050495517,109.66368524166148,334.53241099882445,18343.02851145461,models_disagree,../../dataset/images/V02_f0000066.png,full/overlays/V02_f0000066.jpg,quality/full/entropy/V02_f0000066.jpg,quality/disagreement/V02_f0000066.jpg,,,,"[[154.13022994995117, 166.19424682855606], [491.20656967163086, 158.90945506095886], [500.0374460220337, 268.8897422552109]]",full/triangles/V02_f0000066.svg
V01_f0000026,full,TopoFiberDINO Coordinate (ours),train,V01,0.8666666666666667,17.514,0.9366662510908864,0.3978317588843905,0.26372894644737244,0.023591917008161545,1,0.0,0.10440305622322783,0.5826295744328531,0.7362804080565001,145.84955022521797,393.40200628959775,28688.752837518103,models_disagree,../../dataset/images/V01_f0000026.png,full/overlays/V01_f0000026.jpg,quality/full/entropy/V01_f0000026.jpg,quality/disagreement/V01_f0000026.jpg,,,,"[[179.74688762426376, 130.3744800388813], [591.1530630588531, 125.37264078855515], [542.3319125175476, 259.44388657808304]]",full/triangles/V01_f0000026.svg
V02_f0000053,dino_linear,dino_linear,train,V02,1.7666666666666668,17.497,0.9214944042132982,0.4865800209667438,0.31545597314834595,0.008999508805572987,1,0.0,0.07657580583597667,0.4426148930941263,0.6136286201022146,107.02441443544096,385.15787229528235,20610.64787380147,models_disagree,../../dataset/images/V02_f0000053.png,dino_linear/overlays/V02_f0000053.jpg,quality/dino_linear/entropy/V02_f0000053.jpg,quality/disagreement/V02_f0000053.jpg,,,,"[[168.8875687122345, 148.40464210510254], [556.1801862716675, 150.83946734666824], [543.8290357589722, 257.1000773906708]]",dino_linear/triangles/V02_f0000053.svg
V01_f0000006,directional,directional,train,V01,0.2,17.494,0.9238820171265462,0.49734869263119397,0.30824169516563416,0.008173152804374695,1,0.0,0.06779728072373366,0.6175455116133082,0.7635587464829727,118.39633010472822,309.22222801242236,18305.388491739148,models_disagree,../../dataset/images/V01_f0000006.png,directional/overlays/V01_f0000006.jpg,quality/directional/entropy/V01_f0000006.jpg,quality/disagreement/V01_f0000006.jpg,,,,"[[195.96350479125977, 131.06591999530792], [518.3219757080078, 130.99680840969086], [483.32392597198486, 243.53011697530746]]",directional/triangles/V01_f0000006.svg
V01_f0000019,dino_pyramid,dino_pyramid,train,V01,0.6333333333333334,17.491,0.913642627468994,0.42581543357199686,0.3425481617450714,0.014796694740653038,1,0.0,0.05620022753128555,0.9330572808833678,0.9653695108889683,103.81048887276458,295.808484553869,15354.011697124386,models_disagree,../../dataset/images/V01_f0000019.png,dino_pyramid/overlays/V01_f0000019.jpg,quality/dino_pyramid/entropy/V01_f0000019.jpg,quality/disagreement/V01_f0000019.jpg,,,,"[[164.32180738449097, 152.57981792092323], [454.43110489845276, 149.17361363768578], [453.88706374168396, 250.97474455833435]]",dino_pyramid/triangles/V01_f0000019.svg
V01_f0000048,dino_linear,dino_linear,train,V01,1.6,17.481,0.9313338595106551,0.44040043052551275,0.28332456946372986,0.016905078664422035,1,0.0,0.09628812936420433,0.5710710188757951,0.7269830733488217,124.88641777804983,415.2017301617531,25926.52836757491,models_disagree,../../dataset/images/V01_f0000048.png,dino_linear/overlays/V01_f0000048.jpg,quality/dino_linear/entropy/V01_f0000048.jpg,quality/disagreement/V01_f0000048.jpg,,,,"[[170.69710862636566, 152.03281491994858], [600.7951086759567, 146.54147252440453], [569.696253657341, 267.4872949719429]]",dino_linear/triangles/V01_f0000048.svg
V02_f0000039,dino_pyramid,dino_pyramid,train,V02,1.3,17.47,0.9141071428571429,0.3046247701072085,0.334258109331131,0.029947511851787567,1,0.0,0.07055263157894737,0.8630232965493081,0.9264761188416698,99.09765287280548,382.7585279305318,18965.23586748293,,../../dataset/images/V02_f0000039.png,dino_pyramid/overlays/V02_f0000039.jpg,quality/dino_pyramid/entropy/V02_f0000039.jpg,quality/disagreement/V02_f0000039.jpg,,,,"[[152.93339431285858, 176.47724187374115], [535.1683402061462, 165.86614000797272], [535.9850478172302, 264.8441652059555]]",dino_pyramid/triangles/V02_f0000039.svg
V02_f0000093,dino_pyramid,dino_pyramid,test,V02,3.1,17.462,0.923103038533356,0.5288878157404054,0.30947351455688477,0.0038962606340646744,1,0.0,0.07313766253889958,0.64689022642591,0.7855899756352245,111.35231744367003,345.89708949143625,19258.221255945977,models_disagree,../../dataset/images/V02_f0000093.png,dino_pyramid/overlays/V02_f0000093.jpg,quality/dino_pyramid/entropy/V02_f0000093.jpg,quality/disagreement/V02_f0000093.jpg,,,,"[[152.3429811000824, 161.51548391580582], [504.71388816833496, 152.86349308490753], [507.73428440093994, 266.2936222553253]]",dino_pyramid/triangles/V02_f0000093.svg
V02_f0000077,directional,directional,val,V02,2.566666666666667,17.454,0.9253523308037789,0.44235588972431084,0.30179429054260254,0.015181323513388634,1,0.0,0.08048051948051949,0.25625,0.4079601990049751,112.3459569777642,379.9739819060967,21344.270311946046,models_disagree,../../dataset/images/V02_f0000077.png,directional/overlays/V02_f0000077.jpg,quality/directional/entropy/V02_f0000077.jpg,quality/disagreement/V02_f0000077.jpg,,,,"[[156.42843425273895, 147.11157554388046], [543.883159160614, 144.61136746406555], [532.1323227882385, 257.8733024597168]]",directional/triangles/V02_f0000077.svg
V02_f0000059,directional,directional,train,V02,1.9666666666666668,17.443,0.9244795868968856,0.4723022249170498,0.299129456281662,0.011184655129909515,1,0.0,0.07841623036649215,0.6903578528827038,0.8168185827697736,117.40003291117374,356.9282518218877,20951.694255408664,models_disagree,../../dataset/images/V02_f0000059.png,directional/overlays/V02_f0000059.jpg,quality/directional/entropy/V02_f0000059.jpg,quality/disagreement/V02_f0000059.jpg,,,,"[[156.42359018325806, 153.44754707813263], [522.0701766014099, 153.02916824817657], [498.9828658103943, 268.65962052345276]]",directional/triangles/V02_f0000059.svg
V02_f0000017,baseline,baseline,train,V02,0.5666666666666667,17.439,0.8955261184703824,0.4326442721791559,0.36568742990493774,0.009607804007828236,1,0.0,0.05102027072530137,0.6444815355727102,0.7838112154275565,97.51634501636653,287.4688252006575,14016.454569858437,models_disagree,../../dataset/images/V02_f0000017.png,baseline/overlays/V02_f0000017.jpg,quality/baseline/entropy/V02_f0000017.jpg,quality/disagreement/V02_f0000017.jpg,,,,"[[175.1273810863495, 147.0194309949875], [459.473934173584, 151.9770016670227], [472.9167652130127, 246.27815878391266]]",baseline/triangles/V02_f0000017.svg
V02_f0000042,baseline,baseline,train,V02,1.4000000000000001,17.435,0.9160070360598065,0.4620615269180266,0.3332192003726959,0.01052122749388218,1,0.0,0.057838279479205106,0.7284362826933779,0.8428847392144238,107.42430305346682,288.35165207754886,15487.987629373216,models_disagree,../../dataset/images/V02_f0000042.png,baseline/overlays/V02_f0000042.jpg,quality/baseline/entropy/V02_f0000042.jpg,quality/disagreement/V02_f0000042.jpg,,,,"[[146.495663523674, 164.0909948348999], [434.36988830566406, 171.21215116977692], [434.69693183898926, 278.44950234889984]]",baseline/triangles/V02_f0000042.svg
V01_f0000059,dino_pyramid,dino_pyramid,train,V01,1.9666666666666668,17.423,0.9164507772020726,0.40664845173041897,0.33436742424964905,0.017484379932284355,1,0.0,0.0581413612565445,0.8511193218865464,0.9195726194669485,104.57142506375975,298.292518552455,15596.436875444107,models_disagree,../../dataset/images/V01_f0000059.png,dino_pyramid/overlays/V01_f0000059.jpg,quality/dino_pyramid/entropy/V01_f0000059.jpg,quality/disagreement/V01_f0000059.jpg,,,,"[[184.41729015111923, 163.61767798662186], [483.4643317461014, 155.58680891990662], [486.9004021883011, 260.4023963212967]]",dino_pyramid/triangles/V01_f0000059.svg
V01_f0000012,dino_pyramid,dino_pyramid,train,V01,0.4,17.414,0.9194833153928956,0.42300769104892816,0.32281017303466797,0.01607879251241684,1,0.0,0.060365853658536583,0.8988199300699301,0.946714236390839,116.33332633711198,288.1166711586817,16758.78536453265,models_disagree,../../dataset/images/V01_f0000012.png,dino_pyramid/overlays/V01_f0000012.jpg,quality/dino_pyramid/entropy/V01_f0000012.jpg,quality/disagreement/V01_f0000012.jpg,,,,"[[245.4895562529564, 141.0708948969841], [524.4772529602051, 128.57136502861977], [528.2751517295837, 241.26076698303223]]",dino_pyramid/triangles/V01_f0000012.svg
V02_f0000071,baseline,baseline,val,V02,2.3666666666666667,17.412,0.9241712903684735,0.44455232978390563,0.30677762627601624,0.014430481009185314,1,0.0,0.0880078125,0.6111706402357353,0.7586665558234267,107.94150154229581,434.23216041471443,23435.83570655967,models_disagree,../../dataset/images/V02_f0000071.png,baseline/overlays/V02_f0000071.jpg,quality/baseline/entropy/V02_f0000071.jpg,quality/disagreement/V02_f0000071.jpg,,,,"[[156.86065793037415, 167.86777329444885], [600.3189468383789, 156.1892570257187], [586.2567758560181, 264.215772151947]]",baseline/triangles/V02_f0000071.svg
V01_f0000066,dino_pyramid,dino_pyramid,train,V01,2.2,17.406,0.9209471071223984,0.44827433823854346,0.31338292360305786,0.01320731919258833,1,0.0,0.06497042039683786,0.9225729600952948,0.959727385377943,114.44826290383129,305.5726454397746,17486.129230755272,models_disagree,../../dataset/images/V01_f0000066.png,dino_pyramid/overlays/V01_f0000066.jpg,quality/dino_pyramid/entropy/V01_f0000066.jpg,quality/disagreement/V01_f0000066.jpg,,,,"[[163.17730802297592, 164.4328571856022], [469.9244899749756, 164.96870666742325], [472.4782667160034, 279.7956168651581]]",dino_pyramid/triangles/V01_f0000066.svg
V02_f0000055,full,TopoFiberDINO Coordinate (ours),train,V02,1.8333333333333335,17.404,0.8993018828009308,0.385650154558305,0.38427576422691345,0.016155319288372993,1,0.0,0.058808900523560206,0.8493383742911154,0.9185321476029847,80.78598293424423,390.43384604401,15770.791011731366,models_disagree,../../dataset/images/V02_f0000055.png,full/overlays/V02_f0000055.jpg,quality/full/entropy/V02_f0000055.jpg,quality/disagreement/V02_f0000055.jpg,,,,"[[166.7576676607132, 154.3240293264389], [560.0579953193665, 161.62586343288422], [566.5897536277771, 242.354229927063]]",full/triangles/V02_f0000055.svg
V01_f0000084,unet_small,unet_small,val,V01,2.8000000000000003,17.403,0.9128029002098836,0.3864888416264197,0.3418532609939575,0.019083643332123756,1,0.0,0.06511688311688311,0.4240608654303376,0.5955656471216776,94.65030820527923,366.1268498424019,17327.009589905665,models_disagree,../../dataset/images/V01_f0000084.png,unet_small/overlays/V01_f0000084.jpg,quality/unet_small/entropy/V01_f0000084.jpg,quality/disagreement/V01_f0000084.jpg,,,,"[[167.88022714853287, 170.3212559223175], [540.2094926834106, 168.50772500038147], [530.2948770523071, 263.67976516485214]]",unet_small/triangles/V01_f0000084.svg
V02_f0000099,unet_small,unet_small,test,V02,3.3000000000000003,17.4,0.9319487983281086,0.4018366744904896,0.27964380383491516,0.021458100527524948,1,0.0,0.09554724984804004,0.3671575300086623,0.5371107892831282,123.71873316027686,408.07740520943844,25243.409801922342,models_disagree,../../dataset/images/V02_f0000099.png,unet_small/overlays/V02_f0000099.jpg,quality/unet_small/entropy/V02_f0000099.jpg,quality/disagreement/V02_f0000099.jpg,,,,"[[166.60245716571808, 156.27340984344482], [590.3707551956177, 144.8188180923462], [568.025050163269, 268.63505458831787]]",unet_small/triangles/V02_f0000099.svg
V02_f0000066,dino_linear,dino_linear,train,V02,2.2,17.387,0.9186413902053713,0.44717167442516575,0.3241874575614929,0.012731053866446018,1,0.0,0.06350512770265856,0.6895809176743416,0.8162745098039216,107.49515986451183,315.3865526114567,16951.263946042905,models_disagree,../../dataset/images/V02_f0000066.png,dino_linear/overlays/V02_f0000066.jpg,quality/dino_linear/entropy/V02_f0000066.jpg,quality/disagreement/V02_f0000066.jpg,,,,"[[148.7161499261856, 178.86615645885468], [465.8773684501648, 168.08871066570282], [471.01643800735474, 276.119015455246]]",dino_linear/triangles/V02_f0000066.svg
V02_f0000004,baseline,baseline,train,V02,0.13333333333333333,17.384,0.9313526192337764,0.4284063712139969,0.284954309463501,0.017923958599567413,1,0.0,0.0809673613841919,0.6616271820448878,0.7963605665509802,136.50785036107104,316.95225662436053,21633.235609440995,models_disagree,../../dataset/images/V02_f0000004.png,baseline/overlays/V02_f0000004.jpg,quality/baseline/entropy/V02_f0000004.jpg,quality/disagreement/V02_f0000004.jpg,,,,"[[177.56084382534027, 123.9853446483612], [497.4709153175354, 116.08255910873413], [515.3187203407288, 251.967134475708]]",baseline/triangles/V02_f0000004.svg
V02_f0000052,baseline,baseline,train,V02,1.7333333333333334,17.383,0.9322521976356472,0.4140979982807319,0.2778110206127167,0.019909242168068886,1,0.0,0.08366141732283465,0.8240131578947368,0.9035166816952209,133.83850889299654,336.5101134778034,22519.00590764113,models_disagree,../../dataset/images/V02_f0000052.png,baseline/overlays/V02_f0000052.jpg,quality/baseline/entropy/V02_f0000052.jpg,quality/disagreement/V02_f0000052.jpg,,,,"[[155.6237930059433, 144.33726334571838], [494.56782817840576, 137.72533744573593], [480.9431505203247, 270.8685483932495]]",baseline/triangles/V02_f0000052.svg
V02_f0000097,full,TopoFiberDINO Coordinate (ours),test,V02,3.2333333333333334,17.382,0.9364675984752223,0.4827879704936637,0.26495563983917236,0.012266800738871098,1,0.0,0.09833968602622908,0.5441696113074205,0.7048054919908466,142.15631134551663,365.11992185030005,25952.050644500978,models_disagree,../../dataset/images/V02_f0000097.png,full/overlays/V02_f0000097.jpg,quality/full/entropy/V02_f0000097.jpg,quality/disagreement/V02_f0000097.jpg,,,,"[[175.34342408180237, 143.75080180168152], [582.9223537445068, 133.2940395474434], [526.8575191497803, 266.71081960201263]]",full/triangles/V02_f0000097.svg
V01_f0000064,full,TopoFiberDINO Coordinate (ours),train,V01,2.1333333333333333,17.372,0.9151666028341632,0.43009106422340243,0.33546099066734314,0.014013241045176983,1,0.0,0.06521000940340613,0.5521154157886206,0.7114360313315927,100.74386295883649,347.4240810561978,17500.422005262644,models_disagree,../../dataset/images/V01_f0000064.png,full/overlays/V01_f0000064.jpg,quality/full/entropy/V01_f0000064.jpg,quality/disagreement/V01_f0000064.jpg,,,,"[[162.6352523267269, 178.38726192712784], [511.7644616365433, 165.83255678415298], [520.1910058259964, 266.67091995477676]]",full/triangles/V01_f0000064.svg
V01_f0000099,dino_linear,dino_linear,test,V01,3.3000000000000003,17.363,0.9168104274487253,0.45129145308738977,0.3315183222293854,0.01168503426015377,1,0.0,0.06424375443806081,0.3042966450853443,0.4666064981949459,100.77858438232246,338.6472462693688,17064.19504199936,models_disagree,../../dataset/images/V01_f0000099.png,dino_linear/overlays/V01_f0000099.jpg,quality/dino_linear/entropy/V01_f0000099.jpg,quality/disagreement/V01_f0000099.jpg,,,,"[[151.14823937416077, 161.93370893597603], [495.22794806957245, 164.84498977661133], [492.9598778486252, 267.20917224884033]]",dino_linear/triangles/V01_f0000099.svg
V02_f0000074,unet_small,unet_small,val,V02,2.466666666666667,17.363,0.9287690179806363,0.3584153498281248,0.29094433784484863,0.02598496340215206,1,0.0,0.09050649350649351,0.39283761618370694,0.5640824337585868,117.30871806744253,408.48042019611944,23959.157224428516,models_disagree,../../dataset/images/V02_f0000074.png,unet_small/overlays/V02_f0000074.jpg,quality/unet_small/entropy/V02_f0000074.jpg,quality/disagreement/V02_f0000074.jpg,,,,"[[155.21995782852173, 156.535297870636], [569.9893641471863, 147.9903873205185], [564.8336720466614, 266.7749094963074]]",unet_small/triangles/V02_f0000074.svg
V01_f0000093,dino_linear,dino_linear,test,V01,3.1,17.355,0.9194653872515421,0.49403331224963104,0.3218429982662201,0.006900888867676258,1,0.0,0.0725,0.4722511724856696,0.6415361472436067,103.10370473930604,374.1259342035462,19286.884927719733,models_disagree,../../dataset/images/V01_f0000093.png,dino_linear/overlays/V01_f0000093.jpg,quality/dino_linear/entropy/V01_f0000093.jpg,quality/disagreement/V01_f0000093.jpg,,,,"[[153.68839260935783, 172.19851166009903], [533.117977142334, 168.34822297096252], [528.1057257652283, 272.62160181999207]]",dino_linear/triangles/V01_f0000093.svg
V02_f0000037,dino_linear,dino_linear,train,V02,1.2333333333333334,17.349,0.9235035067688795,0.46257707846055707,0.3076963722705841,0.011712836101651192,1,0.0,0.07763852242744064,0.45890255009107467,0.6291065158017948,112.15872399635313,371.8380514666216,20852.44069289328,models_disagree,../../dataset/images/V02_f0000037.png,dino_linear/overlays/V02_f0000037.jpg,quality/dino_linear/entropy/V02_f0000037.jpg,quality/disagreement/V02_f0000037.jpg,,,,"[[177.68103182315826, 156.0170391201973], [561.400716304779, 158.10038423538208], [532.7265286445618, 266.41868114471436]]",dino_linear/triangles/V02_f0000037.svg
V02_f0000078,dino_linear,dino_linear,val,V02,2.6,17.346,0.9137278342299263,0.3678676753429927,0.34331151843070984,0.02133358269929886,1,0.0,0.06233766233766234,0.4915150588595016,0.6590815908159081,95.08426944658896,347.59376913100897,16525.349801004148,models_disagree,../../dataset/images/V02_f0000078.png,dino_linear/overlays/V02_f0000078.jpg,quality/dino_linear/entropy/V02_f0000078.jpg,quality/disagreement/V02_f0000078.jpg,,,,"[[171.391339302063, 143.9408534169197], [523.5966467857361, 149.49394738674164], [518.9348244667053, 245.68739485740662]]",dino_linear/triangles/V02_f0000078.svg
V01_f0000088,dino_linear,dino_linear,val,V01,2.9333333333333336,17.323,0.9136722173531989,0.42717011556033324,0.3409779369831085,0.013794231228530407,1,0.0,0.05706193402538685,0.3463953780457172,0.5145522388059701,99.00350212673156,306.0488439101844,15149.953684472839,models_disagree,../../dataset/images/V01_f0000088.png,dino_linear/overlays/V01_f0000088.jpg,quality/dino_linear/entropy/V01_f0000088.jpg,quality/disagreement/V01_f0000088.jpg,,,,"[[156.01596421003342, 175.54298043251038], [465.318021774292, 167.31548309326172], [465.62550592422485, 267.3785984516144]]",dino_linear/triangles/V01_f0000088.svg
V01_f0000095,directional,directional,test,V01,3.166666666666667,17.322,0.9297404063205418,0.3016537158796574,0.28789737820625305,0.03309466689825058,1,0.0,0.08836209686816246,0.5171264019399818,0.6817182817182817,120.34580056726786,389.999270310234,23467.387203067705,,../../dataset/images/V01_f0000095.png,directional/overlays/V01_f0000095.jpg,quality/directional/entropy/V01_f0000095.jpg,quality/disagreement/V01_f0000095.jpg,,,,"[[157.62393748760223, 152.07626670598984], [560.2486083507538, 149.14988726377487], [538.2298262119293, 269.1870108246803]]",directional/triangles/V01_f0000095.svg
V02_f0000081,directional,directional,val,V02,2.7,17.314,0.9255709950487143,0.4599307192967136,0.29989758133888245,0.012330287136137486,1,0.0,0.07692107962143145,0.1875161875161875,0.3158124318429662,111.91782886658457,368.7376339224261,20634.157704999696,models_disagree,../../dataset/images/V02_f0000081.png,directional/overlays/V02_f0000081.jpg,quality/directional/entropy/V02_f0000081.jpg,quality/disagreement/V02_f0000081.jpg,,,,"[[155.49317836761475, 154.37786483764648], [532.1227097511292, 154.28891921043396], [517.9708170890808, 266.81891417503357]]",directional/triangles/V02_f0000081.svg
V02_f0000024,unet_small,unet_small,train,V02,0.8,17.313,0.9183123877917415,0.2962962962962963,0.321979820728302,0.031146420165896416,1,0.0,0.07213910120886866,0.901236813386686,0.9480531904716349,108.74092119013129,367.13151298342893,19961.109459872354,,../../dataset/images/V02_f0000024.png,unet_small/overlays/V02_f0000024.jpg,quality/unet_small/entropy/V02_f0000024.jpg,quality/disagreement/V02_f0000024.jpg,,,,"[[188.99003148078918, 145.49868369102478], [545.5319452285767, 137.0006200671196], [546.6088056564331, 242.6196846961975]]",unet_small/triangles/V02_f0000024.svg
V02_f0000023,dino_pyramid,dino_pyramid,train,V02,0.7666666666666667,17.31,0.9225325172149962,0.43395814830396234,0.3108837306499481,0.014873078092932701,1,0.0,0.06791731097908359,0.9193705070915096,0.9579916995647333,118.96603374946004,316.68443870016574,18837.345811166364,models_disagree,../../dataset/images/V02_f0000023.png,dino_pyramid/overlays/V02_f0000023.jpg,quality/dino_pyramid/entropy/V02_f0000023.jpg,quality/disagreement/V02_f0000023.jpg,,,,"[[188.80719602108002, 131.92903625965118], [495.92466831207275, 126.39618355035782], [494.96947288513184, 241.74315786361694]]",dino_pyramid/triangles/V02_f0000023.svg
V01_f0000055,full,TopoFiberDINO Coordinate (ours),train,V01,1.8333333333333335,17.305,0.9063525777177062,0.38353818871155143,0.36090341210365295,0.017512459307909012,1,0.0,0.06438320209973754,0.8374439461883408,0.9115314215985357,90.14316466549701,385.69608089670726,17383.93266555437,models_disagree,../../dataset/images/V01_f0000055.png,full/overlays/V01_f0000055.jpg,quality/full/entropy/V01_f0000055.jpg,quality/disagreement/V01_f0000055.jpg,,,,"[[164.2858443260193, 152.85629779100418], [553.7520316839218, 155.49487620592117], [565.8891643285751, 244.78556960821152]]",full/triangles/V01_f0000055.svg
V01_f0000080,directional,directional,val,V01,2.666666666666667,17.275,0.9267038777908343,0.3985042735042736,0.2982232868671417,0.020069990307092667,1,0.0,0.08513980113710116,0.40313666915608665,0.5746220992122631,114.86348917387082,394.63003644077514,22664.291459199612,models_disagree,../../dataset/images/V01_f0000080.png,directional/overlays/V01_f0000080.jpg,quality/directional/entropy/V01_f0000080.jpg,quality/disagreement/V01_f0000080.jpg,,,,"[[152.75495144724846, 150.66897869110107], [557.0789642333984, 147.15144038200378], [539.1004319190979, 261.85818761587143]]",directional/triangles/V01_f0000080.svg
V01_f0000055,baseline,baseline,train,V01,1.8333333333333335,17.272,0.902991452991453,0.38353818871155143,0.37147244811058044,0.016590598970651627,1,0.0,0.05825459317585302,0.7882779686903398,0.881605636810078,83.97202827422973,374.2931992674858,15715.07955587061,models_disagree,../../dataset/images/V01_f0000055.png,baseline/overlays/V01_f0000055.jpg,quality/baseline/entropy/V01_f0000055.jpg,quality/disagreement/V01_f0000055.jpg,,,,"[[186.0447683930397, 154.74000200629234], [560.489710688591, 152.77699381113052], [557.6430348157883, 236.67152971029282]]",baseline/triangles/V01_f0000055.svg
V02_f0000059,full,TopoFiberDINO Coordinate (ours),train,V02,1.9666666666666668,17.272,0.9059986210066652,0.4723022249170498,0.3622637391090393,0.0061707026325166225,1,0.0,0.0543586387434555,0.5591798695246971,0.7172743574417214,88.70444532578396,327.3128580340128,14517.052759952088,models_disagree,../../dataset/images/V02_f0000059.png,full/overlays/V02_f0000059.jpg,quality/full/entropy/V02_f0000059.jpg,quality/disagreement/V02_f0000059.jpg,,,,"[[190.64019441604614, 162.01481664180756], [521.9791030883789, 163.6893128156662], [510.39198875427246, 252.0244698524475]]",full/triangles/V02_f0000059.svg
V01_f0000074,unet_small,unet_small,val,V01,2.466666666666667,17.268,0.9279526422177303,0.2851162912382597,0.29155054688453674,0.0344916433095932,1,0.0,0.08677675204784814,0.7167576201251165,0.835013180338037,119.16763202156082,388.03410843296274,23120.552922776867,,../../dataset/images/V01_f0000074.png,unet_small/overlays/V01_f0000074.jpg,quality/unet_small/entropy/V01_f0000074.jpg,quality/disagreement/V01_f0000074.jpg,,,,"[[156.97944951057434, 150.93058347702026], [548.9561080932617, 145.4237401485443], [546.9158039093018, 265.7388746738434]]",unet_small/triangles/V01_f0000074.svg
V02_f0000077,full,TopoFiberDINO Coordinate (ours),val,V02,2.566666666666667,17.239,0.9304159579403124,0.44235588972431084,0.28651463985443115,0.015245465561747551,1,0.0,0.08088311688311688,0.4150397686189443,0.5866121614716403,125.39896244032143,341.83416988448795,21432.82511508168,models_disagree,../../dataset/images/V02_f0000077.png,full/overlays/V02_f0000077.jpg,quality/full/entropy/V02_f0000077.jpg,quality/disagreement/V02_f0000077.jpg,,,,"[[184.75297272205353, 134.66434836387634], [531.4326739311218, 125.81314384937286], [529.2021489143372, 252.89350652694702]]",full/triangles/V02_f0000077.svg
V02_f0000017,full,TopoFiberDINO Coordinate (ours),train,V02,0.5666666666666667,17.229,0.9088482857729419,0.4326442721791559,0.35761505365371704,0.011553240939974785,1,0.0,0.06259007340561654,0.6806383387810037,0.8099759752888686,91.43829021847336,376.23306445962425,17201.054068922356,models_disagree,../../dataset/images/V02_f0000017.png,full/overlays/V02_f0000017.jpg,quality/full/entropy/V02_f0000017.jpg,quality/disagreement/V02_f0000017.jpg,,,,"[[182.90773272514343, 157.1057648062706], [551.3557934761047, 151.41100430488586], [546.2050080299377, 240.5797758102417]]",full/triangles/V02_f0000017.svg
V02_f0000090,directional,directional,val,V02,3.0,17.226,0.920926811327694,0.44178875462901485,0.31926485896110535,0.013116056099534035,1,0.0,0.06764248704663213,0.7940828402366864,0.8852242744063324,106.83036549147225,335.5814706930758,17925.145583153535,models_disagree,../../dataset/images/V02_f0000090.png,directional/overlays/V02_f0000090.jpg,quality/directional/entropy/V02_f0000090.jpg,quality/disagreement/V02_f0000090.jpg,,,,"[[156.95834040641785, 166.62240076065063], [506.3458013534546, 173.5175817012787], [479.79419231414795, 278.58802568912506]]",directional/triangles/V02_f0000090.svg
V02_f0000025,full,TopoFiberDINO Coordinate (ours),train,V02,0.8333333333333334,17.202,0.9257979598552155,0.45948982867816596,0.3060746192932129,0.011877995915710926,1,0.0,0.07912167802040981,0.5923508878433753,0.7439954250857796,117.14075219729409,369.5657190795206,21645.60315965446,models_disagree,../../dataset/images/V02_f0000025.png,full/overlays/V02_f0000025.jpg,quality/full/entropy/V02_f0000025.jpg,quality/disagreement/V02_f0000025.jpg,,,,"[[185.79998016357422, 138.28559458255768], [547.051305770874, 126.24735009670258], [547.0318794250488, 240.75204944610596]]",full/triangles/V02_f0000025.svg
V02_f0000049,baseline,baseline,train,V02,1.6333333333333333,17.195,0.9311393805309734,0.2961199499348379,0.2819160521030426,0.03346693888306618,1,0.0,0.09196052631578948,0.8956717890878331,0.9449650453666518,126.40337291772056,390.0854286238314,24654.05695205351,,../../dataset/images/V02_f0000049.png,baseline/overlays/V02_f0000049.jpg,quality/baseline/entropy/V02_f0000049.jpg,quality/disagreement/V02_f0000049.jpg,,,,"[[171.8103325366974, 152.14519584178925], [567.0544338226318, 140.0809252858162], [550.3469753265381, 265.4074652194977]]",baseline/triangles/V02_f0000049.svg
V01_f0000045,unet_small,unet_small,train,V01,1.5,17.194,0.9215389784946236,0.2747800586510264,0.3153659403324127,0.03396868705749512,1,0.0,0.07500590907897156,0.8516139935778266,0.9198612632347573,108.18723627436883,373.46396684070714,20202.017210279315,,../../dataset/images/V01_f0000045.png,unet_small/overlays/V01_f0000045.jpg,quality/unet_small/entropy/V01_f0000045.jpg,quality/disagreement/V01_f0000045.jpg,,,,"[[164.07745838165283, 157.7918529510498], [537.7721962928772, 154.09811586141586], [533.9476249217987, 262.1790021657944]]",unet_small/triangles/V01_f0000045.svg
V01_f0000011,full,TopoFiberDINO Coordinate (ours),train,V01,0.3666666666666667,17.191,0.9042857142857142,0.4383789150645365,0.3684394955635071,0.009623962454497814,1,0.0,0.05423692262073242,0.7221061429168408,0.8386314001455958,97.04833200184726,307.4125576399126,14916.937977687623,models_disagree,../../dataset/images/V01_f0000011.png,full/overlays/V01_f0000011.jpg,quality/full/entropy/V01_f0000011.jpg,quality/disagreement/V01_f0000011.jpg,,,,"[[217.63858997821808, 147.32619747519493], [524.5780993700027, 146.2995484471321], [545.4203900098801, 238.56351524591446]]",full/triangles/V01_f0000011.svg
V02_f0000064,full,TopoFiberDINO Coordinate (ours),train,V02,2.1333333333333333,17.191,0.9170140204622963,0.399368742910687,0.3305688798427582,0.01736261323094368,1,0.0,0.0660313315926893,0.6201959306706858,0.7655813953488372,102.4667951982503,344.6712922077088,17658.68135468179,models_disagree,../../dataset/images/V02_f0000064.png,full/overlays/V02_f0000064.jpg,quality/full/entropy/V02_f0000064.jpg,quality/disagreement/V02_f0000064.jpg,,,,"[[160.95205664634705, 179.35709619522095], [507.410945892334, 166.3465021252632], [513.0903482437134, 269.24474453926086]]",full/triangles/V02_f0000064.svg
V01_f0000086,dino_pyramid,dino_pyramid,val,V01,2.8666666666666667,17.187,0.9224904701397713,0.4300046882325363,0.312339723110199,0.014742485247552395,1,0.0,0.07884415584415584,0.45537222294400415,0.6257811105159793,107.86451397380785,387.9777802586944,20924.517350120444,models_disagree,../../dataset/images/V01_f0000086.png,dino_pyramid/overlays/V01_f0000086.jpg,quality/dino_pyramid/entropy/V01_f0000086.jpg,quality/disagreement/V01_f0000086.jpg,,,,"[[155.7786329984665, 172.733835875988], [548.2878445386887, 164.34428840875626], [547.3997567892075, 273.4424024820328]]",dino_pyramid/triangles/V01_f0000086.svg
V01_f0000020,dino_pyramid,dino_pyramid,train,V01,0.6666666666666667,17.16,0.909967845659164,0.4105432920068541,0.35435929894447327,0.014223306439816952,1,0.0,0.055641090865275196,0.909853249475891,0.9527991218441273,98.15020064732144,311.25402438653,15274.8224729121,models_disagree,../../dataset/images/V01_f0000020.png,dino_pyramid/overlays/V01_f0000020.jpg,quality/dino_pyramid/entropy/V01_f0000020.jpg,quality/disagreement/V01_f0000020.jpg,,,,"[[188.39778885245323, 152.1487534046173], [493.6426764726639, 166.85881465673447], [494.2743276357651, 263.079509139061]]",dino_pyramid/triangles/V01_f0000020.svg
V02_f0000061,full,TopoFiberDINO Coordinate (ours),train,V02,2.033333333333333,17.159,0.9098015634395671,0.3988207366567118,0.3548033833503723,0.015648169443011284,1,0.0,0.06258940875385524,0.6052435849758274,0.7540831692343334,95.9970447712576,349.72018887686,16786.052314512297,models_disagree,../../dataset/images/V02_f0000061.png,full/overlays/V02_f0000061.jpg,quality/full/entropy/V02_f0000061.jpg,quality/disagreement/V02_f0000061.jpg,,,,"[[182.08976089954376, 183.45587342977524], [569.0342688560486, 181.29319059848785], [528.6391854286194, 268.5278517007828]]",full/triangles/V02_f0000061.svg
V02_f0000088,dino_pyramid,dino_pyramid,val,V02,2.9333333333333336,17.154,0.9244401482197518,0.42651469706058787,0.30467692017555237,0.015454867854714394,1,0.0,0.07761862014233116,0.546313303594857,0.7066010520957068,112.4518699111165,366.8380671064167,20625.813300348098,models_disagree,../../dataset/images/V02_f0000088.png,dino_pyramid/overlays/V02_f0000088.jpg,quality/dino_pyramid/entropy/V02_f0000088.jpg,quality/disagreement/V02_f0000088.jpg,,,,"[[147.66081869602203, 177.45927739143372], [519.448971748352, 166.87015557289124], [513.795804977417, 280.3962969779968]]",dino_pyramid/triangles/V02_f0000088.svg
V01_f0000031,full,TopoFiberDINO Coordinate (ours),train,V01,1.0333333333333334,17.145,0.9038377671173136,0.4029560286543527,0.3718295693397522,0.013719648122787476,1,0.0,0.05862903225806452,0.6137533456866379,0.760653227864251,87.45843327670717,369.0112489863308,16136.572848912696,models_disagree,../../dataset/images/V01_f0000031.png,full/overlays/V01_f0000031.jpg,quality/full/entropy/V01_f0000031.jpg,quality/disagreement/V01_f0000031.jpg,,,,"[[187.12271112203598, 131.44714012742043], [547.489564538002, 147.67031371593475], [542.1166836023331, 232.98373818397522]]",full/triangles/V01_f0000031.svg
V01_f0000047,dino_linear,dino_linear,train,V01,1.5666666666666667,17.145,0.9220522940305871,0.3908509645728712,0.3117210268974304,0.019328387454152107,1,0.0,0.07607769078438316,0.6787352555701179,0.8086269151946911,108.45812147460838,378.9599674853443,20550.643093769555,models_disagree,../../dataset/images/V01_f0000047.png,dino_linear/overlays/V01_f0000047.jpg,quality/dino_linear/entropy/V01_f0000047.jpg,quality/disagreement/V01_f0000047.jpg,,,,"[[163.73511004447937, 150.9009227156639], [545.142825126648, 152.07139402627945], [533.2200722694397, 259.94937121868134]]",dino_linear/triangles/V01_f0000047.svg
V01_f0000017,dino_pyramid,dino_pyramid,train,V01,0.5666666666666667,17.133,0.9080641517957985,0.40681451837029625,0.36095157265663147,0.014128529466688633,1,0.0,0.05631720430107527,0.9095595126522962,0.952638036809816,91.97841055686327,338.1702563888304,15552.181340125779,models_disagree,../../dataset/images/V01_f0000017.png,dino_pyramid/overlays/V01_f0000017.jpg,quality/dino_pyramid/entropy/V01_f0000017.jpg,quality/disagreement/V01_f0000017.jpg,,,,"[[169.31720107793808, 151.8103927373886], [499.85784220695496, 146.51573449373245], [500.4881947040558, 236.42465472221375]]",dino_pyramid/triangles/V01_f0000017.svg
V02_f0000084,dino_linear,dino_linear,val,V02,2.8000000000000003,17.127,0.9206551410373066,0.4370172311348782,0.3175942599773407,0.013155094347894192,1,0.0,0.06884415584415585,0.24151334542627623,0.38906282613233145,106.70370979067329,340.8045430633862,18182.55452918929,models_disagree,../../dataset/images/V02_f0000084.png,dino_linear/overlays/V02_f0000084.jpg,quality/dino_linear/entropy/V02_f0000084.jpg,quality/disagreement/V02_f0000084.jpg,,,,"[[156.18076086044312, 173.27047336101532], [503.43390226364136, 172.22119361162186], [492.76533365249634, 279.85388469696045]]",dino_linear/triangles/V02_f0000084.svg
V01_f0000067,dino_linear,dino_linear,train,V01,2.2333333333333334,17.121,0.9195734682812218,0.3886078591960944,0.3188314437866211,0.01893400214612484,1,0.0,0.06954499124480569,0.8070333633904418,0.8932135728542914,107.89458625622707,345.04770491342265,18614.389680147233,models_disagree,../../dataset/images/V01_f0000067.png,dino_linear/overlays/V01_f0000067.jpg,quality/dino_linear/entropy/V01_f0000067.jpg,quality/disagreement/V01_f0000067.jpg,,,,"[[155.13377040624619, 168.46220567822456], [501.7453533411026, 162.89181634783745], [500.4593743085861, 271.2394818663597]]",dino_linear/triangles/V01_f0000067.svg
V02_f0000004,directional,directional,train,V02,0.13333333333333333,17.117,0.9190905366653012,0.4284063712139969,0.3297748863697052,0.013828469440340996,1,0.0,0.062498361515270676,0.6251536975232742,0.769347168179853,106.93086312173594,307.61699497878675,16446.87539199819,models_disagree,../../dataset/images/V02_f0000004.png,directional/overlays/V02_f0000004.jpg,quality/directional/entropy/V02_f0000004.jpg,quality/disagreement/V02_f0000004.jpg,,,,"[[193.3966326713562, 135.15691542625427], [514.8082780838013, 135.21681439876556], [485.060133934021, 238.36982250213623]]",directional/triangles/V02_f0000004.svg
V01_f0000012,baseline,baseline,train,V01,0.4,17.115,0.912883435582822,0.42300769104892816,0.34436294436454773,0.013095778413116932,1,0.0,0.05277777777777778,0.588315748339195,0.7408045270020913,106.75373496528059,274.4168400505929,14647.511306385395,models_disagree,../../dataset/images/V01_f0000012.png,baseline/overlays/V01_f0000012.jpg,quality/baseline/entropy/V01_f0000012.jpg,quality/disagreement/V01_f0000012.jpg,,,,"[[217.96867591142654, 135.24992018938065], [483.91791582107544, 128.42336297035217], [488.85284662246704, 231.7741960287094]]",baseline/triangles/V01_f0000012.svg
V02_f0000079,directional,directional,val,V02,2.6333333333333333,17.113,0.9245627376425856,0.3876672327999761,0.30329573154449463,0.020133469253778458,1,0.0,0.08197911938266,0.7385427994407333,0.8496112947904566,111.52246847421227,390.25625514542287,21761.170455659783,models_disagree,../../dataset/images/V02_f0000079.png,directional/overlays/V02_f0000079.jpg,quality/directional/entropy/V02_f0000079.jpg,quality/disagreement/V02_f0000079.jpg,,,,"[[155.54174423217773, 153.0782332420349], [556.8184518814087, 147.2542563676834], [538.9137697219849, 258.78447127342224]]",directional/triangles/V02_f0000079.svg
V02_f0000028,directional,directional,train,V02,0.9333333333333333,17.112,0.9253252539654251,0.4331541890597009,0.304312139749527,0.014615004882216454,1,0.0,0.07210315293114701,0.5286172773468842,0.6916280290438281,119.46527957756405,327.13920881807593,19540.888521117275,models_disagree,../../dataset/images/V02_f0000028.png,directional/overlays/V02_f0000028.jpg,quality/directional/entropy/V02_f0000028.jpg,quality/disagreement/V02_f0000028.jpg,,,,"[[193.81091952323914, 138.49997806549072], [528.7382197380066, 136.22048443555832], [498.8743185997009, 250.50878286361694]]",directional/triangles/V02_f0000028.svg
V01_f0000093,directional,directional,test,V01,3.1,17.106,0.9258474576271186,0.49403331224963104,0.29886192083358765,0.0070914337411522865,1,0.0,0.08235751295336788,0.5547821603506058,0.7136461614989222,114.61834991409464,382.39493365091704,21914.738155288906,models_disagree,../../dataset/images/V01_f0000093.png,directional/overlays/V01_f0000093.jpg,quality/directional/entropy/V01_f0000093.jpg,quality/disagreement/V01_f0000093.jpg,,,,"[[152.49470627307892, 155.10600060224533], [547.337121129036, 149.47164058685303], [526.1523822546005, 263.57417553663254]]",directional/triangles/V01_f0000093.svg
V01_f0000093,dino_pyramid,dino_pyramid,test,V01,3.1,17.099,0.9191633691351045,0.49403331224963104,0.32096266746520996,0.005553615279495716,1,0.0,0.06538860103626944,0.6610536072918276,0.7959449404761905,105.86438639959124,330.1812793052558,17477.21926714148,models_disagree,../../dataset/images/V01_f0000093.png,dino_pyramid/overlays/V01_f0000093.jpg,quality/dino_pyramid/entropy/V01_f0000093.jpg,quality/disagreement/V01_f0000093.jpg,,,,"[[162.40165477991104, 161.0882207751274], [496.7417930364609, 156.656876206398], [496.18526470661163, 263.84443044662476]]",dino_pyramid/triangles/V01_f0000093.svg
V02_f0000003,directional,directional,train,V02,0.1,17.088,0.9221866096866097,0.4355698428398725,0.31324100494384766,0.013486712239682674,1,0.0,0.06996921718122898,0.5107470314143995,0.6761516267038106,111.0408740665611,333.7873184727851,18532.01779777583,models_disagree,../../dataset/images/V02_f0000003.png,directional/overlays/V02_f0000003.jpg,quality/directional/entropy/V02_f0000003.jpg,quality/disagreement/V02_f0000003.jpg,,,,"[[183.54947805404663, 134.4307713508606], [540.621235370636, 132.43057590723038], [505.2394509315491, 239.28103590011597]]",directional/triangles/V02_f0000003.svg
V02_f0000067,unet_small,unet_small,train,V02,2.2333333333333334,17.08,0.9230473258945748,0.41150561655338497,0.30932170152664185,0.016645308583974838,1,0.0,0.06498350871682111,0.607006716282447,0.7554501298994691,116.1203265634141,299.4053392839989,17383.522886243874,models_disagree,../../dataset/images/V02_f0000067.png,unet_small/overlays/V02_f0000067.jpg,quality/unet_small/entropy/V02_f0000067.jpg,quality/disagreement/V02_f0000067.jpg,,,,"[[164.3166947364807, 166.49691832065582], [465.6731915473938, 165.92091178894043], [460.11014699935913, 282.52189683914185]]",unet_small/triangles/V02_f0000067.svg
V01_f0000028,directional,directional,train,V01,0.9333333333333333,17.077,0.921415270018622,0.43982609935143613,0.31201523542404175,0.01272746454924345,1,0.0,0.06925790349417638,0.56438127090301,0.7215392838054516,115.7517292159156,325.09575305811035,18815.197788613277,models_disagree,../../dataset/images/V01_f0000028.png,directional/overlays/V01_f0000028.jpg,quality/directional/entropy/V01_f0000028.jpg,quality/disagreement/V01_f0000028.jpg,,,,"[[197.5967521071434, 136.02229580283165], [531.3758167028427, 134.734857827425], [500.2893489599228, 244.65731531381607]]",directional/triangles/V01_f0000028.svg
V02_f0000050,directional,directional,train,V02,1.6666666666666667,17.069,0.931273382291811,0.4212596852783768,0.2827827036380768,0.017224611714482307,1,0.0,0.09019411857541165,0.49542556140837263,0.6625880608083056,125.2977993727879,387.7832251038184,24294.192369595443,models_disagree,../../dataset/images/V02_f0000050.png,directional/overlays/V02_f0000050.jpg,quality/directional/entropy/V02_f0000050.jpg,quality/disagreement/V02_f0000050.jpg,,,,"[[164.0452265739441, 136.02551740407944], [563.5725116729736, 136.0174810886383], [533.651933670044, 257.75546622276306]]",directional/triangles/V02_f0000050.svg
V02_f0000039,full,TopoFiberDINO Coordinate (ours),train,V02,1.3,17.063,0.9203109815354713,0.3046247701072085,0.3204290568828583,0.029305873438715935,1,0.0,0.07792105263157895,0.8348082595870207,0.909967845659164,106.70968529373957,393.0734003673172,20972.369425268258,,../../dataset/images/V02_f0000039.png,full/overlays/V02_f0000039.jpg,quality/full/entropy/V02_f0000039.jpg,quality/disagreement/V02_f0000039.jpg,,,,"[[158.1263244152069, 172.60450690984726], [572.1210551261902, 163.28185713291168], [540.5170941352844, 265.07303857803345]]",full/triangles/V02_f0000039.svg
V01_f0000052,full,TopoFiberDINO Coordinate (ours),train,V01,1.7333333333333334,17.057,0.9280431432973806,0.44622459575730605,0.2946716547012329,0.013318754732608795,1,0.0,0.08210260524204685,0.8033224562444379,0.8909360092120414,125.68710175645668,351.04746703019055,22061.069354984968,models_disagree,../../dataset/images/V01_f0000052.png,full/overlays/V01_f0000052.jpg,quality/full/entropy/V01_f0000052.jpg,quality/disagreement/V01_f0000052.jpg,,,,"[[154.14673429727554, 139.69151303172112], [507.9777513742447, 141.76279306411743], [522.5668653249741, 266.65567606687546]]",full/triangles/V01_f0000052.svg
V02_f0000027,dino_linear,dino_linear,train,V02,0.9,17.05,0.9273889050246877,0.36476432559165245,0.2953912317752838,0.023318978026509285,1,0.0,0.08854319668847643,0.6331467201859089,0.7753702865273915,119.95414238998514,401.8151619023044,24099.696572641977,models_disagree,../../dataset/images/V02_f0000027.png,dino_linear/overlays/V02_f0000027.jpg,quality/dino_linear/entropy/V02_f0000027.jpg,quality/disagreement/V02_f0000027.jpg,,,,"[[182.35833764076233, 142.7028261423111], [592.002067565918, 144.889562189579], [561.3240623474121, 259.1169139146805]]",dino_linear/triangles/V02_f0000027.svg
V02_f0000048,dino_linear,dino_linear,train,V02,1.6,17.043,0.9322804801010739,0.4000680518511201,0.2789327800273895,0.01997038535773754,1,0.0,0.100249343832021,0.7483625104203883,0.856072474627069,127.36313595362084,422.61333167399715,26912.679608903978,models_disagree,../../dataset/images/V02_f0000048.png,dino_linear/overlays/V02_f0000048.jpg,quality/dino_linear/entropy/V02_f0000048.jpg,quality/disagreement/V02_f0000048.jpg,,,,"[[167.38981246948242, 156.8726224899292], [609.8425626754761, 145.16017758846283], [575.7131767272949, 268.04288625717163]]",dino_linear/triangles/V02_f0000048.svg
V02_f0000031,full,TopoFiberDINO Coordinate (ours),train,V02,1.0333333333333334,17.036,0.9009433962264151,0.4177184254167758,0.3800141513347626,0.010678261518478394,1,0.0,0.05638846575269248,0.8170704097803939,0.8993271866434089,84.14618163076896,364.67303228322925,15342.92160517394,models_disagree,../../dataset/images/V02_f0000031.png,full/overlays/V02_f0000031.jpg,quality/full/entropy/V02_f0000031.jpg,quality/disagreement/V02_f0000031.jpg,,,,"[[180.93697249889374, 136.1663368344307], [540.7443523406982, 152.59282195568085], [541.3718032836914, 235.58288180828094]]",full/triangles/V02_f0000031.svg
V01_f0000093,full,TopoFiberDINO Coordinate (ours),test,V01,3.1,17.032,0.9202886102044322,0.49403331224963104,0.3209616541862488,0.0054705520160496235,1,0.0,0.07253886010362694,0.5007966011683483,0.667374380750177,108.82070626464025,354.26874109332823,19275.88730663048,models_disagree,../../dataset/images/V01_f0000093.png,full/overlays/V01_f0000093.jpg,quality/full/entropy/V01_f0000093.jpg,quality/disagreement/V01_f0000093.jpg,,,,"[[167.89392557740211, 151.9111879169941], [529.3962001800537, 154.79551255702972], [542.2402067184448, 264.22664523124695]]",full/triangles/V01_f0000093.svg
V02_f0000047,full,TopoFiberDINO Coordinate (ours),train,V02,1.5666666666666667,17.019,0.9135234590616376,0.40381042728961614,0.34266185760498047,0.015162250027060509,1,0.0,0.06803416116525202,0.6650989296140123,0.798870166553034,109.54394537084792,333.661423672106,18275.294383548262,models_disagree,../../dataset/images/V02_f0000047.png,full/overlays/V02_f0000047.jpg,quality/full/entropy/V02_f0000047.jpg,quality/disagreement/V02_f0000047.jpg,,,,"[[170.59966564178467, 160.70950055122375], [527.1059560775757, 154.91022336483002], [566.8880081176758, 257.2268304824829]]",full/triangles/V02_f0000047.svg
V01_f0000060,dino_pyramid,dino_pyramid,train,V01,2.0,17.016,0.9060436769933977,0.36706835021684514,0.36559295654296875,0.018057066947221756,1,0.0,0.04806282722513089,0.9345969033635878,0.9661929074099628,89.49870871919262,290.95464283613524,13020.032414843996,models_disagree,../../dataset/images/V01_f0000060.png,dino_pyramid/overlays/V01_f0000060.jpg,quality/dino_pyramid/entropy/V01_f0000060.jpg,quality/disagreement/V01_f0000060.jpg,,,,"[[233.0750834941864, 179.42101880908012], [524.8188520669937, 179.81083318591118], [521.67118537426, 269.4459557533264]]",dino_pyramid/triangles/V01_f0000060.svg
V02_f0000085,dino_linear,dino_linear,val,V02,2.8333333333333335,17.014,0.9233300427772293,0.44216582642627245,0.3080129027366638,0.012548107653856277,1,0.0,0.07601298701298702,0.31885285575992256,0.48353059913753554,110.01381951234842,365.2728385257486,20092.530065167448,models_disagree,../../dataset/images/V02_f0000085.png,dino_linear/overlays/V02_f0000085.jpg,quality/dino_linear/entropy/V02_f0000085.jpg,quality/disagreement/V02_f0000085.jpg,,,,"[[156.4025992155075, 173.2243732213974], [531.2088704109192, 169.80837070941925], [515.007598400116, 280.1639460325241]]",dino_linear/triangles/V02_f0000085.svg
V02_f0000096,dino_linear,dino_linear,test,V02,3.2,17.013,0.9233176838810642,0.4813175597309209,0.3069029450416565,0.007646272890269756,1,0.0,0.07917676793727756,0.6921668628220217,0.8180834621329212,108.67637914228831,383.4411097679057,20835.495711938354,models_disagree,../../dataset/images/V02_f0000096.png,dino_linear/overlays/V02_f0000096.jpg,quality/dino_linear/entropy/V02_f0000096.jpg,quality/disagreement/V02_f0000096.jpg,,,,"[[149.2531532049179, 165.90147304534912], [546.1224961280823, 156.10040056705475], [530.0575089454651, 265.82381546497345]]",dino_linear/triangles/V02_f0000096.svg
V02_f0000099,full,TopoFiberDINO Coordinate (ours),test,V02,3.3000000000000003,17.011,0.9144800777453839,0.4018366744904896,0.33643579483032227,0.015584801323711872,1,0.0,0.0636679901193694,0.37240166293572113,0.5427006874053362,102.71766388140774,327.3376735399518,16811.680563199374,models_disagree,../../dataset/images/V02_f0000099.png,full/overlays/V02_f0000099.jpg,quality/full/entropy/V02_f0000099.jpg,quality/disagreement/V02_f0000099.jpg,,,,"[[179.64378118515015, 162.48258370161057], [516.274516582489, 153.3789095878601], [534.8427987098694, 256.1746861934662]]",full/triangles/V02_f0000099.svg
V01_f0000088,directional,directional,val,V01,2.9333333333333336,17.003,0.9154248113024966,0.42717011556033324,0.33261236548423767,0.012591767124831676,1,0.0,0.06432459821486572,0.426998987854251,0.5984573100452167,100.2199832070366,341.6674295157503,17120.95202422993,models_disagree,../../dataset/images/V01_f0000088.png,directional/overlays/V01_f0000088.jpg,quality/directional/entropy/V01_f0000088.jpg,quality/disagreement/V01_f0000088.jpg,,,,"[[153.8266630768776, 168.55119913816452], [505.9217633008957, 172.11735248565674], [485.1242266893387, 271.252378821373]]",directional/triangles/V01_f0000088.svg
V02_f0000078,dino_pyramid,dino_pyramid,val,V02,2.6,17.001,0.9120101596516691,0.3678676753429927,0.34448158740997314,0.01922149956226349,1,0.0,0.06862337662337663,0.42558819434776557,0.5970703125,92.81835436963401,391.50234723466485,18169.301801085312,models_disagree,../../dataset/images/V02_f0000078.png,dino_pyramid/overlays/V02_f0000078.jpg,quality/dino_pyramid/entropy/V02_f0000078.jpg,quality/disagreement/V02_f0000078.jpg,,,,"[[158.38167071342468, 145.1171760559082], [554.9491667747498, 142.06016612052917], [557.0919728279114, 236.04704868793488]]",dino_pyramid/triangles/V02_f0000078.svg
V01_f0000078,unet_small,unet_small,val,V01,2.6,16.999,0.9165637678602928,0.3652336448598131,0.33277156949043274,0.020567500963807106,1,0.0,0.07054545454545455,0.41174867111898594,0.5833172427109481,97.6441498076433,383.7065380882355,18733.34934362993,models_disagree,../../dataset/images/V01_f0000078.png,unet_small/overlays/V01_f0000078.jpg,quality/unet_small/entropy/V01_f0000078.jpg,quality/disagreement/V01_f0000078.jpg,,,,"[[175.28517073392868, 146.3119201362133], [565.5500127077103, 138.55499401688576], [557.5735062360764, 237.06234991550446]]",unet_small/triangles/V01_f0000078.svg
V02_f0000042,unet_small,unet_small,train,V02,1.4000000000000001,16.992,0.917889205167506,0.4620615269180266,0.3264245092868805,0.008728818036615849,1,0.0,0.0578119234621264,0.6529453513129879,0.7900386431945041,110.02042453302012,282.2972324861828,15529.230681313255,models_disagree,../../dataset/images/V02_f0000042.png,unet_small/overlays/V02_f0000042.jpg,quality/unet_small/entropy/V02_f0000042.jpg,quality/disagreement/V02_f0000042.jpg,,,,"[[166.92590832710266, 170.86472821235657], [448.8475227355957, 167.97217851877213], [446.6494417190552, 277.7796459197998]]",unet_small/triangles/V02_f0000042.svg
V02_f0000071,unet_small,unet_small,val,V02,2.3666666666666667,16.973,0.9226762168321667,0.44455232978390563,0.3100601136684418,0.011899256147444248,1,0.0,0.07647135416666667,0.8476206267617311,0.9175266983756618,108.71453956023856,375.56339096181176,20414.600562047613,models_disagree,../../dataset/images/V02_f0000071.png,unet_small/overlays/V02_f0000071.jpg,quality/unet_small/entropy/V02_f0000071.jpg,quality/disagreement/V02_f0000071.jpg,,,,"[[163.29452097415924, 160.63957011699677], [545.2332901954651, 157.75942599773407], [532.515242099762, 266.73792684078217]]",unet_small/triangles/V02_f0000071.svg
V02_f0000052,dino_pyramid,dino_pyramid,train,V02,1.7333333333333334,16.971,0.9281889763779527,0.4140979982807319,0.2918843924999237,0.016935743391513824,1,0.0,0.08030183727034121,0.9451140065146579,0.971782634179017,125.29141659303171,345.0265663498212,21614.433630099375,models_disagree,../../dataset/images/V02_f0000052.png,dino_pyramid/overlays/V02_f0000052.jpg,quality/dino_pyramid/entropy/V02_f0000052.jpg,quality/disagreement/V02_f0000052.jpg,,,,"[[148.74933242797852, 139.14076554775238], [494.0402626991272, 142.7278825044632], [497.81097650527954, 267.96254539489746]]",dino_pyramid/triangles/V02_f0000052.svg
V01_f0000010,full,TopoFiberDINO Coordinate (ours),train,V01,0.33333333333333337,16.959,0.9170711974110033,0.45385268252162453,0.33207616209983826,0.009404201991856098,1,0.0,0.06310666666666667,0.5054225496214446,0.6714693489193965,104.10489201291217,331.5646653668382,17258.751841656027,models_disagree,../../dataset/images/V01_f0000010.png,full/overlays/V01_f0000010.jpg,quality/full/entropy/V01_f0000010.jpg,quality/disagreement/V01_f0000010.jpg,,,,"[[214.90314984321594, 153.77559140324593], [541.6293342113495, 132.289856672287], [540.262638092041, 234.7673624753952]]",full/triangles/V01_f0000010.svg
V02_f0000068,full,TopoFiberDINO Coordinate (ours),train,V02,2.2666666666666666,16.959,0.9128163921253516,0.4238991929774883,0.3412245810031891,0.012190618552267551,1,0.0,0.06207204134638088,0.6306427503736921,0.7734897790814923,96.89545549376969,342.2765410816305,16582.52067646828,models_disagree,../../dataset/images/V02_f0000068.png,full/overlays/V02_f0000068.jpg,quality/full/entropy/V02_f0000068.jpg,quality/disagreement/V02_f0000068.jpg,,,,"[[183.5211145877838, 167.6782009601593], [527.2208118438721, 159.45434176921844], [527.1607303619385, 256.75120544433594]]",full/triangles/V02_f0000068.svg
V01_f0000096,full,TopoFiberDINO Coordinate (ours),test,V01,3.2,16.955,0.9352116172272558,0.4289195775792039,0.26823869347572327,0.016584286466240883,1,0.0,0.10035399369247602,0.6607526274155272,0.7957267283614589,132.23917562593624,401.14311559630823,26523.417457237723,models_disagree,../../dataset/images/V01_f0000096.png,full/overlays/V01_f0000096.jpg,quality/full/entropy/V01_f0000096.jpg,quality/disagreement/V01_f0000096.jpg,,,,"[[154.8146731853485, 149.0931361913681], [572.4157601594925, 136.17198541760445], [548.5549701452255, 268.77667754888535]]",full/triangles/V01_f0000096.svg
V01_f0000023,directional,directional,train,V01,0.7666666666666667,16.952,0.9257200606366852,0.4165052366328057,0.3035248816013336,0.015982773154973984,1,0.0,0.07693032141751988,0.7309810671256455,0.8445858605946107,120.78750688009207,351.4420742215192,21224.90597899279,models_disagree,../../dataset/images/V01_f0000023.png,directional/overlays/V01_f0000023.jpg,quality/directional/entropy/V01_f0000023.jpg,quality/disagreement/V01_f0000023.jpg,,,,"[[182.54511326551437, 134.14500653743744], [542.5874999761581, 127.68499553203583], [508.5044103860855, 240.45632779598236]]",directional/triangles/V01_f0000023.svg
V02_f0000012,dino_pyramid,dino_pyramid,train,V02,0.4,16.951,0.9220210861348717,0.3375383566314354,0.31509971618652344,0.025018373504281044,1,0.0,0.06524004818559576,0.8966892700438771,0.9455310199789695,117.73641106479529,305.7130367012261,17996.777878461202,,../../dataset/images/V02_f0000012.png,dino_pyramid/overlays/V02_f0000012.jpg,quality/dino_pyramid/entropy/V02_f0000012.jpg,quality/disagreement/V02_f0000012.jpg,,,,"[[241.09089016914368, 141.8959845304489], [538.2287406921387, 125.51097393035889], [541.301007270813, 240.03176820278168]]",dino_pyramid/triangles/V02_f0000012.svg
V01_f0000053,dino_linear,dino_linear,train,V01,1.7666666666666668,16.933,0.9212585317130015,0.4754820936639118,0.3184775114059448,0.007514663971960545,1,0.0,0.07585301837270342,0.5116212338593974,0.6769172361427487,105.86508119866025,385.01542469331656,20379.844598947308,models_disagree,../../dataset/images/V01_f0000053.png,dino_linear/overlays/V01_f0000053.jpg,quality/dino_linear/entropy/V01_f0000053.jpg,quality/disagreement/V01_f0000053.jpg,,,,"[[169.99275714159012, 146.09114080667496], [558.2648960351944, 150.9692296385765], [543.5679928064346, 255.8584213256836]]",dino_linear/triangles/V01_f0000053.svg
V01_f0000087,dino_linear,dino_linear,val,V01,2.9000000000000004,16.932,0.9185156847742922,0.4172422389394806,0.3264937996864319,0.014171917922794819,1,0.0,0.06503896103896104,0.8034318722392116,0.8910032972209138,103.54018729006437,334.2024262623018,17301.69090399633,models_disagree,../../dataset/images/V01_f0000087.png,dino_linear/overlays/V01_f0000087.jpg,quality/dino_linear/entropy/V01_f0000087.jpg,quality/disagreement/V01_f0000087.jpg,,,,"[[161.10673493146896, 166.88865423202515], [499.35196185112, 162.3578444123268], [496.66442251205444, 267.0455127954483]]",dino_linear/triangles/V01_f0000087.svg
V01_f0000066,baseline,baseline,train,V01,2.2,16.931,0.9220164609053498,0.44827433823854346,0.31313827633857727,0.011072531342506409,1,0.0,0.06109627768179676,0.7888719512195121,0.881976991904559,116.04639763567641,282.2785011753662,16378.70159569965,models_disagree,../../dataset/images/V01_f0000066.png,baseline/overlays/V01_f0000066.jpg,quality/baseline/entropy/V01_f0000066.jpg,quality/disagreement/V01_f0000066.jpg,,,,"[[169.41467595100403, 164.67854753136635], [453.6915146112442, 162.79340162873268], [444.6985522508621, 278.9047881960869]]",baseline/triangles/V01_f0000066.svg
V01_f0000017,full,TopoFiberDINO Coordinate (ours),train,V01,0.5666666666666667,16.923,0.907383136740935,0.40681451837029625,0.3647613525390625,0.012922589667141438,1,0.0,0.05865591397849462,0.800951968844656,0.889476213358962,112.10671293095821,287.83824104852835,16134.29952988966,models_disagree,../../dataset/images/V01_f0000017.png,full/overlays/V01_f0000017.jpg,quality/full/entropy/V01_f0000017.jpg,quality/disagreement/V01_f0000017.jpg,,,,"[[181.0409458577633, 155.87521344423294], [491.76510512828827, 141.20209962129593], [543.1204525232315, 238.01091313362122]]",full/triangles/V01_f0000017.svg
V02_f0000059,dino_linear,dino_linear,train,V02,1.9666666666666668,16.922,0.9181042654028436,0.4723022249170498,0.3212982416152954,0.007144821807742119,1,0.0,0.065,0.6424481030780244,0.7823055131837001,102.83196085709956,343.96768445461305,17685.43573197197,models_disagree,../../dataset/images/V02_f0000059.png,dino_linear/overlays/V02_f0000059.jpg,quality/dino_linear/entropy/V02_f0000059.jpg,quality/disagreement/V02_f0000059.jpg,,,,"[[168.09543192386627, 163.57729482650757], [516.1706256866455, 163.55134677886963], [503.56563091278076, 266.0603573322296]]",dino_linear/triangles/V02_f0000059.svg
V01_f0000068,directional,directional,train,V01,2.2666666666666666,16.914,0.9197354308187343,0.47942365382165236,0.32116442918777466,0.006584223359823227,1,0.0,0.07005578855224134,0.3647921200320696,0.5345753608593488,105.85299677616484,354.54048467986394,18764.58639091878,models_disagree,../../dataset/images/V01_f0000068.png,directional/overlays/V01_f0000068.jpg,quality/directional/entropy/V01_f0000068.jpg,quality/disagreement/V01_f0000068.jpg,,,,"[[159.47032836079597, 171.08313739299774], [524.9870792627335, 165.95017164945602], [502.70217049121857, 269.9781060218811]]",directional/triangles/V01_f0000068.svg
V02_f0000042,full,TopoFiberDINO Coordinate (ours),train,V02,1.4000000000000001,16.913,0.9165372670807453,0.4620615269180266,0.3299291729927063,0.008026312105357647,1,0.0,0.06507300616730799,0.4227829848594088,0.5943042464781595,102.36809886484312,341.8645891136778,17498.01402838897,models_disagree,../../dataset/images/V02_f0000042.png,full/overlays/V02_f0000042.jpg,quality/full/entropy/V02_f0000042.jpg,quality/disagreement/V02_f0000042.jpg,,,,"[[162.41756916046143, 173.1614202260971], [504.6597647666931, 166.09438920021057], [498.79000425338745, 268.1160936355591]]",full/triangles/V02_f0000042.svg
V02_f0000053,directional,directional,train,V02,1.7666666666666668,16.899,0.9231965174129353,0.4865800209667438,0.3063505291938782,0.006392020732164383,1,0.0,0.08266975532068915,0.43328635189100306,0.6046054248955175,112.62469801214641,392.1122984760762,22080.76460135835,models_disagree,../../dataset/images/V02_f0000053.png,directional/overlays/V02_f0000053.jpg,quality/directional/entropy/V02_f0000053.jpg,quality/disagreement/V02_f0000053.jpg,,,,"[[156.2788313627243, 151.9202904701233], [553.3222103118896, 151.26893651485443], [535.5035448074341, 262.4235512018204]]",directional/triangles/V02_f0000053.svg
V01_f0000029,directional,directional,train,V01,0.9666666666666667,16.891,0.9200881233727218,0.39196065854180034,0.31952211260795593,0.017481127753853798,1,0.0,0.06421479662645457,0.6645935139937805,0.7985054710435014,113.30425254425941,309.7814772481972,17549.779365831742,models_disagree,../../dataset/images/V01_f0000029.png,directional/overlays/V01_f0000029.jpg,quality/directional/entropy/V01_f0000029.jpg,quality/disagreement/V01_f0000029.jpg,,,,"[[202.54147285223007, 135.1657547056675], [519.0669604539871, 134.4754323363304], [489.066277384758, 241.78871512413025]]",directional/triangles/V01_f0000029.svg
V02_f0000065,baseline,baseline,train,V02,2.166666666666667,16.888,0.9236600846262342,0.3900543900543901,0.3106324076652527,0.0185044314712286,1,0.0,0.07154450261780104,0.92133862342591,0.9590590770335787,112.00249932935378,341.43526050132687,19120.801267658797,models_disagree,../../dataset/images/V02_f0000065.png,baseline/overlays/V02_f0000065.jpg,quality/baseline/entropy/V02_f0000065.jpg,quality/disagreement/V02_f0000065.jpg,,,,"[[150.42315244674683, 172.53011804819107], [494.4729495048523, 168.32959949970245], [486.661856174469, 280.5501573085785]]",baseline/triangles/V02_f0000065.svg
V01_f0000060,baseline,baseline,train,V01,2.0,16.881,0.9112288135593221,0.36706835021684514,0.3469638526439667,0.018547745421528816,1,0.0,0.05900523560209424,0.7930346051464063,0.8845725596931833,95.84182611009211,330.95872068063005,15859.844078545746,models_disagree,../../dataset/images/V01_f0000060.png,baseline/overlays/V01_f0000060.jpg,quality/baseline/entropy/V01_f0000060.jpg,quality/disagreement/V01_f0000060.jpg,,,,"[[189.16708612442017, 175.54784193634987], [520.8568218946457, 173.6365333199501], [522.6528769731522, 269.66681331396103]]",baseline/triangles/V01_f0000060.svg
V02_f0000013,directional,directional,train,V02,0.43333333333333335,16.877,0.9235157782135853,0.4537323141974305,0.31232038140296936,0.010459053330123425,1,0.0,0.07306756756756756,0.7191756272401434,0.8366517252163036,116.86618105259465,343.6173040458558,20078.621033713724,models_disagree,../../dataset/images/V02_f0000013.png,directional/overlays/V02_f0000013.jpg,quality/directional/entropy/V02_f0000013.jpg,quality/disagreement/V02_f0000013.jpg,,,,"[[198.4550678730011, 138.97646135091782], [551.0843253135681, 135.72966730594635], [516.2785220146179, 244.1307349205017]]",directional/triangles/V02_f0000013.svg
V02_f0000091,unet_small,unet_small,test,V02,3.0333333333333337,16.877,0.9205821205821206,0.433495751036863,0.31971925497055054,0.012327400036156178,1,0.0,0.05963824289405685,0.6400533536585366,0.7805274776344836,109.93993159329706,287.18560787974445,15786.58304243927,models_disagree,../../dataset/images/V02_f0000091.png,unet_small/overlays/V02_f0000091.jpg,quality/unet_small/entropy/V02_f0000091.jpg,quality/disagreement/V02_f0000091.jpg,,,,"[[168.08029890060425, 163.11602592468262], [461.143798828125, 157.71139758825302], [452.87999153137207, 269.13515639305115]]",unet_small/triangles/V02_f0000091.svg
V01_f0000052,unet_small,unet_small,train,V01,1.7333333333333334,16.868,0.9205769899200557,0.44622459575730605,0.3177780508995056,0.010694005526602268,1,0.0,0.07322558160943726,0.6817516110134739,0.8107637376992075,108.36694682631382,360.72975763311416,19545.591232048377,models_disagree,../../dataset/images/V01_f0000052.png,unet_small/overlays/V01_f0000052.jpg,quality/unet_small/entropy/V01_f0000052.jpg,quality/disagreement/V01_f0000052.jpg,,,,"[[164.84407091140747, 153.20652723312378], [526.0213168859482, 154.51578050851822], [521.2698975801468, 262.82597333192825]]",unet_small/triangles/V01_f0000052.svg
V02_f0000012,full,TopoFiberDINO Coordinate (ours),train,V02,0.4,16.86,0.9137641628199749,0.3375383566314354,0.3424098491668701,0.022703859955072403,1,0.0,0.06172087546189142,0.8947152806226956,0.9444324324324325,105.52692312164754,322.2182943711658,17001.352589247206,,../../dataset/images/V02_f0000012.png,full/overlays/V02_f0000012.jpg,quality/full/entropy/V02_f0000012.jpg,quality/disagreement/V02_f0000012.jpg,,,,"[[222.04195618629456, 138.71057188510895], [538.1845307350159, 131.17225164175034], [554.0012812614441, 232.6284602880478]]",full/triangles/V02_f0000012.svg
V02_f0000005,unet_small,unet_small,train,V02,0.16666666666666669,16.857,0.9307427138827954,0.3816138335984687,0.2839290201663971,0.021002216264605522,1,0.0,0.08093421052631579,0.7120187304890739,0.831788481993618,133.30607083718039,326.1629127434846,21739.74817532202,models_disagree,../../dataset/images/V02_f0000005.png,unet_small/overlays/V02_f0000005.jpg,quality/unet_small/entropy/V02_f0000005.jpg,quality/disagreement/V02_f0000005.jpg,,,,"[[187.59063363075256, 128.425537109375], [513.8463234901428, 120.16009193658829], [522.0695757865906, 253.20461559295654]]",unet_small/triangles/V02_f0000005.svg
V01_f0000060,unet_small,unet_small,train,V01,2.0,16.851,0.9153593578985771,0.36706835021684514,0.3345228433609009,0.01932695135474205,1,0.0,0.06853403141361257,0.6827731092436975,0.8114856429463171,98.34035171562812,374.89937808016936,18433.868349187047,models_disagree,../../dataset/images/V01_f0000060.png,unet_small/overlays/V01_f0000060.jpg,quality/unet_small/entropy/V01_f0000060.jpg,quality/disagreement/V01_f0000060.jpg,,,,"[[163.7548897266388, 176.18051916360855], [540.7257623672485, 171.86372727155685], [533.6945848464966, 270.16353607177734]]",unet_small/triangles/V01_f0000060.svg
V01_f0000024,baseline,baseline,train,V01,0.8,16.814,0.9289617486338798,0.3155098294933102,0.2932862341403961,0.028647905215620995,1,0.0,0.07605444010241208,0.7840081314585804,0.8789288766498908,128.46896961494366,327.47439781868763,21035.149231520478,,../../dataset/images/V01_f0000024.png,baseline/overlays/V01_f0000024.jpg,quality/baseline/entropy/V01_f0000024.jpg,quality/disagreement/V01_f0000024.jpg,,,,"[[206.41451942920685, 140.9154050052166], [528.0402929782867, 124.03149157762527], [517.0104229450226, 248.64345788955688]]",baseline/triangles/V01_f0000024.svg
V01_f0000027,directional,directional,train,V01,0.9,16.806,0.9266520196045294,0.38219386413273415,0.30261895060539246,0.019751638174057007,1,0.0,0.07624448645242596,0.6643009226401704,0.7982942430703625,121.06955243831568,346.2124211782169,20957.891440316183,models_disagree,../../dataset/images/V01_f0000027.png,directional/overlays/V01_f0000027.jpg,quality/directional/entropy/V01_f0000027.jpg,quality/disagreement/V01_f0000027.jpg,,,,"[[191.77792924642563, 135.56818664073944], [547.8408037424088, 130.22590801119804], [513.3655170202255, 243.69822442531586]]",directional/triangles/V01_f0000027.svg
V02_f0000067,directional,directional,train,V02,2.2333333333333334,16.796,0.9225565248353214,0.41150561655338497,0.315036803483963,0.015117848291993141,1,0.0,0.07076854614941626,0.7190678749768818,0.836578805809575,109.32763351319991,345.33997882917714,18877.601321446247,models_disagree,../../dataset/images/V02_f0000067.png,directional/overlays/V02_f0000067.jpg,quality/directional/entropy/V02_f0000067.jpg,quality/disagreement/V02_f0000067.jpg,,,,"[[157.14939951896667, 160.9044007062912], [510.41762351989746, 165.61216568946838], [488.58651638031006, 273.32717049121857]]",directional/triangles/V02_f0000067.svg
V02_f0000011,full,TopoFiberDINO Coordinate (ours),train,V02,0.3666666666666667,16.795,0.9112385321100918,0.3961107349732942,0.3514004945755005,0.014487925916910172,1,0.0,0.0558853551090577,0.8380124777183601,0.9118681052248757,102.06889480657179,300.08726288606636,15314.787634154982,models_disagree,../../dataset/images/V02_f0000011.png,full/overlays/V02_f0000011.jpg,quality/full/entropy/V02_f0000011.jpg,quality/disagreement/V02_f0000011.jpg,,,,"[[216.13051414489746, 151.53104746341705], [512.8770589828491, 143.25594979524612], [529.442925453186, 241.8787386417389]]",full/triangles/V02_f0000011.svg
V02_f0000080,full,TopoFiberDINO Coordinate (ours),val,V02,2.666666666666667,16.793,0.9188229325215627,0.4163863891161409,0.32480093836784363,0.01365118008106947,1,0.0,0.0737922077922078,0.5916317991631799,0.7434279705573081,101.16717306052152,385.25735162932415,19487.698582561014,models_disagree,../../dataset/images/V02_f0000080.png,full/overlays/V02_f0000080.jpg,quality/full/entropy/V02_f0000080.jpg,quality/disagreement/V02_f0000080.jpg,,,,"[[160.2570641040802, 159.82675421237946], [551.1185717582703, 147.56228911876678], [550.2538990974426, 250.16666543483734]]",full/triangles/V02_f0000080.svg
V02_f0000052,unet_small,unet_small,train,V02,1.7333333333333334,16.782,0.9207626377470701,0.4140979982807319,0.3164786994457245,0.014318061992526054,1,0.0,0.07196850393700788,0.659037558685446,0.794481782808631,107.73232553106487,359.6939859794568,19375.33479455256,models_disagree,../../dataset/images/V02_f0000052.png,unet_small/overlays/V02_f0000052.jpg,quality/unet_small/entropy/V02_f0000052.jpg,quality/disagreement/V02_f0000052.jpg,,,,"[[165.19935429096222, 156.31757056713104], [525.5908513069153, 153.84922909736633], [519.5876097679138, 261.41416323184967]]",unet_small/triangles/V02_f0000052.svg
V02_f0000011,dino_linear,dino_linear,train,V02,0.3666666666666667,16.778,0.9140492359932089,0.3961107349732942,0.3427164852619171,0.015039598569273949,1,0.0,0.06041151821209842,0.723404255319149,0.8395061728395061,100.96292511532171,327.9891849197299,16557.37375784305,models_disagree,../../dataset/images/V02_f0000011.png,dino_linear/overlays/V02_f0000011.jpg,quality/dino_linear/entropy/V02_f0000011.jpg,quality/disagreement/V02_f0000011.jpg,,,,"[[200.92544317245483, 138.57570445537567], [535.9408378601074, 141.78282964229584], [507.05976963043213, 236.39366912841797]]",dino_linear/triangles/V02_f0000011.svg
V01_f0000069,dino_linear,dino_linear,train,V01,2.3000000000000003,16.774,0.9220147497254041,0.4466798810703667,0.31205710768699646,0.010486027225852013,1,0.0,0.0800575077389356,0.5429783433802188,0.703805527420055,107.20388172149391,395.9067748004048,21221.37152922036,models_disagree,../../dataset/images/V01_f0000069.png,dino_linear/overlays/V01_f0000069.jpg,quality/dino_linear/entropy/V01_f0000069.jpg,quality/disagreement/V01_f0000069.jpg,,,,"[[161.7543322145939, 160.44844686985016], [568.6993277072906, 159.23503786325455], [550.3670587539673, 266.2305682897568]]",dino_linear/triangles/V01_f0000069.svg
V01_f0000036,directional,directional,train,V01,1.2,16.758,0.923646536119796,0.47971372101302495,0.3082982003688812,0.0066472673788666725,1,0.0,0.0773015873015873,0.5118881118881119,0.6771507863089732,114.93988123387136,364.41968390693955,20943.177593774286,models_disagree,../../dataset/images/V01_f0000036.png,directional/overlays/V01_f0000036.jpg,quality/directional/entropy/V01_f0000036.jpg,quality/disagreement/V01_f0000036.jpg,,,,"[[182.3043605685234, 149.38976615667343], [564.2492988109589, 145.55306732654572], [528.722092628479, 253.9835348725319]]",directional/triangles/V01_f0000036.svg
V02_f0000098,baseline,baseline,test,V02,3.2666666666666666,16.745,0.9305756817283626,0.3976048050692992,0.2845807671546936,0.018403733149170876,1,0.0,0.09470284237726098,0.3128944995491434,0.4766483516483517,119.99347197085453,416.00511368756287,24958.948974500363,models_disagree,../../dataset/images/V02_f0000098.png,baseline/overlays/V02_f0000098.jpg,quality/baseline/entropy/V02_f0000098.jpg,quality/disagreement/V02_f0000098.jpg,,,,"[[156.46992802619934, 152.72252875566483], [582.9040288925171, 141.8554128408432], [571.5486288070679, 263.5044746398926]]",baseline/triangles/V02_f0000098.svg
V02_f0000017,directional,directional,train,V02,0.5666666666666667,16.742,0.9214868196472596,0.4326442721791559,0.3194529414176941,0.011966283433139324,1,0.0,0.06834130244460906,0.7094909565541675,0.8300610820244329,114.06792878891255,328.98886828192747,18763.53939976392,models_disagree,../../dataset/images/V02_f0000017.png,directional/overlays/V02_f0000017.jpg,quality/directional/entropy/V02_f0000017.jpg,quality/disagreement/V02_f0000017.jpg,,,,"[[197.96234965324402, 148.1985178589821], [539.821150302887, 142.00138175487518], [503.67342710494995, 247.39702343940735]]",directional/triangles/V02_f0000017.svg
V01_f0000080,full,TopoFiberDINO Coordinate (ours),val,V01,2.666666666666667,16.739,0.9185172816830857,0.3985042735042736,0.32393985986709595,0.015546801500022411,1,0.0,0.07453464524001142,0.3679425837320574,0.5379503322840153,102.61698175533603,386.94193542557,19853.406763970066,models_disagree,../../dataset/images/V01_f0000080.png,full/overlays/V01_f0000080.jpg,quality/full/entropy/V01_f0000080.jpg,quality/disagreement/V01_f0000080.jpg,,,,"[[159.34721732139587, 154.7207459807396], [550.5939257144928, 145.4888954758644], [556.549108505249, 249.04583394527435]]",full/triangles/V01_f0000080.svg
V01_f0000086,directional,directional,val,V01,2.8666666666666667,16.723,0.9245128541018504,0.4300046882325363,0.3084021508693695,0.012880758382380009,1,0.0,0.07663636363636364,0.5866532432043722,0.7394851341551849,110.98878439037776,366.2230757066615,20323.326994193823,models_disagree,../../dataset/images/V01_f0000086.png,directional/overlays/V01_f0000086.jpg,quality/directional/entropy/V01_f0000086.jpg,quality/disagreement/V01_f0000086.jpg,,,,"[[147.0373371243477, 163.1866693496704], [521.8347173929214, 165.87884724140167], [503.9194201231003, 276.701956987381]]",directional/triangles/V01_f0000086.svg
V01_f0000078,dino_pyramid,dino_pyramid,val,V01,2.6,16.716,0.9139000364830354,0.3652336448598131,0.3392147719860077,0.01855466328561306,1,0.0,0.06798701298701298,0.45823765786452353,0.6284814486763114,96.05513338162885,376.0831914558975,18062.360558942448,models_disagree,../../dataset/images/V01_f0000078.png,dino_pyramid/overlays/V01_f0000078.jpg,quality/dino_pyramid/entropy/V01_f0000078.jpg,quality/disagreement/V01_f0000078.jpg,,,,"[[161.92284661531448, 144.13994550704956], [542.6122745275497, 138.13023269176483], [546.2264620065689, 235.2844923734665]]",dino_pyramid/triangles/V01_f0000078.svg
V02_f0000067,baseline,baseline,train,V02,2.2333333333333334,16.715,0.9232231090839985,0.41150561655338497,0.3103550672531128,0.01485972385853529,1,0.0,0.06614836919533008,0.6707772795216741,0.8029523596510848,114.77598005867134,307.9744939102931,17674.0371858136,models_disagree,../../dataset/images/V02_f0000067.png,baseline/overlays/V02_f0000067.jpg,quality/baseline/entropy/V02_f0000067.jpg,quality/disagreement/V02_f0000067.jpg,,,,"[[160.57166576385498, 158.24644231796265], [470.5487537384033, 161.1109150648117], [463.703670501709, 276.2898623943329]]",baseline/triangles/V02_f0000067.svg
V01_f0000058,full,TopoFiberDINO Coordinate (ours),train,V01,1.9333333333333333,16.709,0.9047823289727643,0.42556523720029615,0.3686252534389496,0.00892372615635395,1,0.0,0.05781413612565445,0.6081429624170965,0.7563294764577844,88.42628894087683,352.7055605439825,15594.22190385806,models_disagree,../../dataset/images/V01_f0000058.png,full/overlays/V01_f0000058.jpg,quality/full/entropy/V01_f0000058.jpg,quality/disagreement/V01_f0000058.jpg,,,,"[[197.30997169017792, 160.04830598831177], [572.5947263240814, 162.81594336032867], [542.0452070236206, 245.92912942171097]]",full/triangles/V01_f0000058.svg
V02_f0000074,baseline,baseline,val,V02,2.466666666666667,16.708,0.9278511575060361,0.3584153498281248,0.2929161489009857,0.02250567637383938,1,0.0,0.0880909090909091,0.4571511291256514,0.6274587721041128,116.26204504048184,401.26243972039896,23325.795919913326,models_disagree,../../dataset/images/V02_f0000074.png,baseline/overlays/V02_f0000074.jpg,quality/baseline/entropy/V02_f0000074.jpg,quality/disagreement/V02_f0000074.jpg,,,,"[[163.09174597263336, 148.85301500558853], [572.4431419372559, 146.868959069252], [559.5914125442505, 264.001544713974]]",baseline/triangles/V02_f0000074.svg
V01_f0000024,full,TopoFiberDINO Coordinate (ours),train,V01,0.8,16.702,0.9232002565335898,0.3155098294933102,0.3100580871105194,0.026791024953126907,1,0.0,0.08058213178816871,0.686374922408442,0.8140241096898868,119.43899885071413,373.60023403790063,22311.21896193967,,../../dataset/images/V01_f0000024.png,full/overlays/V01_f0000024.jpg,quality/full/entropy/V01_f0000024.jpg,quality/disagreement/V01_f0000024.jpg,,,,"[[166.9323508143425, 136.94516569375992], [535.0775142908096, 138.2846161723137], [552.4797385931015, 253.2813996076584]]",full/triangles/V01_f0000024.svg
V01_f0000026,directional,directional,train,V01,0.8666666666666667,16.699,0.928203619243784,0.3978317588843905,0.29204365611076355,0.01761360466480255,1,0.0,0.08816854883108861,0.5777601550797427,0.7323802077515916,126.13775174091495,383.8070846686388,24206.281381168545,models_disagree,../../dataset/images/V01_f0000026.png,directional/overlays/V01_f0000026.jpg,quality/directional/entropy/V01_f0000026.jpg,quality/disagreement/V01_f0000026.jpg,,,,"[[180.07717335224152, 129.83884289860725], [577.3732178211212, 125.69835036993027], [538.2398159503937, 242.72849410772324]]",directional/triangles/V01_f0000026.svg
V01_f0000029,full,TopoFiberDINO Coordinate (ours),train,V01,0.9666666666666667,16.693,0.9308386721025044,0.39196065854180034,0.284091055393219,0.01890852302312851,1,0.0,0.08842212020924523,0.7947484190266704,0.8856376867100728,158.0629994404033,306.28648856212595,24206.280535099202,models_disagree,../../dataset/images/V01_f0000029.png,full/overlays/V01_f0000029.jpg,quality/full/entropy/V01_f0000029.jpg,quality/disagreement/V01_f0000029.jpg,,,,"[[168.53865081071854, 125.26967748999596], [487.56726717948914, 115.45443534851074], [543.4694440364838, 260.50007343292236]]",full/triangles/V01_f0000029.svg
V02_f0000066,directional,directional,train,V02,2.2,16.688,0.918515530455829,0.44717167442516575,0.32978859543800354,0.009209694340825081,1,0.0,0.062211770853746164,0.8859223300970874,0.9395109395109396,103.61092487728891,320.26991446403036,16591.731023994198,models_disagree,../../dataset/images/V02_f0000066.png,directional/overlays/V02_f0000066.jpg,quality/directional/entropy/V02_f0000066.jpg,quality/disagreement/V02_f0000066.jpg,,,,"[[162.24445939064026, 164.83499491214752], [490.64080238342285, 170.97582107782364], [468.5324192047119, 272.8489372730255]]",directional/triangles/V02_f0000066.svg
V01_f0000013,dino_linear,dino_linear,train,V01,0.43333333333333335,16.686,0.9124641246412464,0.4231454346951676,0.3406490087509155,0.010842321440577507,1,0.0,0.0628087414089347,0.7326815061368838,0.845719774282627,102.88013820307465,335.8114087687725,17274.162072150255,models_disagree,../../dataset/images/V01_f0000013.png,dino_linear/overlays/V01_f0000013.jpg,quality/dino_linear/entropy/V01_f0000013.jpg,quality/disagreement/V01_f0000013.jpg,,,,"[[201.5503659248352, 143.8053622841835], [548.8510160446167, 144.67616379261017], [515.7310371398926, 239.61516469717026]]",dino_linear/triangles/V01_f0000013.svg
V02_f0000055,baseline,baseline,train,V02,1.8333333333333335,16.685,0.9003143242029636,0.385650154558305,0.3813031017780304,0.012789149768650532,1,0.0,0.05537958115183246,0.7618430792005921,0.8648251234114064,81.85619560683739,363.06648090900416,14859.620439786768,models_disagree,../../dataset/images/V02_f0000055.png,baseline/overlays/V02_f0000055.jpg,quality/baseline/entropy/V02_f0000055.jpg,quality/disagreement/V02_f0000055.jpg,,,,"[[183.70923221111298, 154.49955761432648], [548.2587432861328, 157.49542021751404], [552.1671438217163, 239.46742045879364]]",baseline/triangles/V02_f0000055.svg
V01_f0000024,dino_pyramid,dino_pyramid,train,V01,0.8,16.682,0.9144921718185468,0.3155098294933102,0.3359389007091522,0.02473234385251999,1,0.0,0.06431747742891794,0.9420989143546441,0.9701863354037267,103.06369530699693,345.00345268977367,17778.66536394038,,../../dataset/images/V01_f0000024.png,dino_pyramid/overlays/V01_f0000024.jpg,quality/dino_pyramid/entropy/V01_f0000024.jpg,quality/disagreement/V01_f0000024.jpg,,,,"[[189.84983479976654, 136.3542303442955], [525.9322583675385, 131.1001181602478], [524.3123223781586, 231.44732415676117]]",dino_pyramid/triangles/V01_f0000024.svg
V02_f0000031,directional,directional,train,V02,1.0333333333333334,16.678,0.9218213058419243,0.4177184254167758,0.3165540397167206,0.01358325406908989,1,0.0,0.07434725674122772,0.6795124574296469,0.8091782283884739,109.84757769391783,368.56939029009624,20243.227367745636,models_disagree,../../dataset/images/V02_f0000031.png,directional/overlays/V02_f0000031.jpg,quality/directional/entropy/V02_f0000031.jpg,quality/disagreement/V02_f0000031.jpg,,,,"[[180.02442240715027, 134.90657472610474], [557.0478129386902, 135.99229097366333], [528.0054259300232, 240.3685578107834]]",directional/triangles/V02_f0000031.svg
V01_f0000024,unet_small,unet_small,train,V01,0.8,16.672,0.9251908396946565,0.3155098294933102,0.3044251799583435,0.027091294527053833,1,0.0,0.07612181646678345,0.7621675865529353,0.8650341685649203,119.59625853985372,352.85720513705405,21100.20076661066,,../../dataset/images/V01_f0000024.png,unet_small/overlays/V01_f0000024.jpg,quality/unet_small/entropy/V01_f0000024.jpg,quality/disagreement/V01_f0000024.jpg,,,,"[[184.60707020759583, 139.45066183805466], [528.1984804868698, 133.27494263648987], [528.3998736143112, 249.73395466804504]]",unet_small/triangles/V01_f0000024.svg
V02_f0000055,unet_small,unet_small,train,V02,1.8333333333333335,16.651,0.9174036375771734,0.385650154558305,0.3273012936115265,0.016464710235595703,1,0.0,0.07480366492146596,0.7949763496982548,0.8857791912766925,100.77504776721774,399.48443073795335,20129.03129493852,models_disagree,../../dataset/images/V02_f0000055.png,unet_small/overlays/V02_f0000055.jpg,quality/unet_small/entropy/V02_f0000055.jpg,quality/disagreement/V02_f0000055.jpg,,,,"[[165.05141615867615, 156.91669404506683], [576.1712980270386, 153.94461715221405], [554.0612125396729, 252.52789318561554]]",unet_small/triangles/V02_f0000055.svg
V02_f0000046,directional,directional,train,V02,1.5333333333333334,16.641,0.9255237803945557,0.4144691584498968,0.3034636080265045,0.014637662097811699,1,0.0,0.08270834701517042,0.7614099697487834,0.8645459976105138,113.10228852608606,392.0160584671591,22168.956675805824,models_disagree,../../dataset/images/V02_f0000046.png,directional/overlays/V02_f0000046.jpg,quality/directional/entropy/V02_f0000046.jpg,quality/disagreement/V02_f0000046.jpg,,,,"[[147.52175509929657, 149.75384026765823], [547.905764579773, 143.93453359603882], [527.262167930603, 255.31371927261353]]",directional/triangles/V02_f0000046.svg
V02_f0000023,dino_linear,dino_linear,train,V02,0.7666666666666667,16.638,0.9136452241715399,0.43395814830396234,0.33829084038734436,0.009516613557934761,1,0.0,0.06642521906622176,0.5900065104166666,0.7421435152011465,100.59238261596917,366.0593727052393,18411.392239663546,models_disagree,../../dataset/images/V02_f0000023.png,dino_linear/overlays/V02_f0000023.jpg,quality/dino_linear/entropy/V02_f0000023.jpg,quality/disagreement/V02_f0000023.jpg,,,,"[[188.92265260219574, 137.59244287014008], [546.4652109146118, 140.30649942159653], [533.95103931427, 237.03597247600555]]",dino_linear/triangles/V02_f0000023.svg
V02_f0000085,full,TopoFiberDINO Coordinate (ours),val,V02,2.8333333333333335,16.637,0.9148976141273718,0.44216582642627245,0.33763587474823,0.008768541738390923,1,0.0,0.06615584415584416,0.3199687581359021,0.48481262327416175,99.07067532033814,353.3514162683524,17503.381717551794,models_disagree,../../dataset/images/V02_f0000085.png,full/overlays/V02_f0000085.jpg,quality/full/entropy/V02_f0000085.jpg,quality/disagreement/V02_f0000085.jpg,,,,"[[152.39742994308472, 177.9872778058052], [511.91905975341797, 168.59266901016235], [523.3706903457642, 268.3814146518707]]",full/triangles/V02_f0000085.svg
V01_f0000013,baseline,baseline,train,V01,0.43333333333333335,16.636,0.909541511771995,0.4231454346951676,0.3539263606071472,0.009935221634805202,1,0.0,0.05169405068728522,0.712166172106825,0.8318890814558059,98.47637876226545,289.2278519350851,14241.055747877936,models_disagree,../../dataset/images/V01_f0000013.png,baseline/overlays/V01_f0000013.jpg,quality/baseline/entropy/V01_f0000013.jpg,quality/disagreement/V01_f0000013.jpg,,,,"[[193.19369995594025, 142.9339125752449], [476.0621852874756, 138.13439011573792], [473.80170726776123, 234.35403406620026]]",baseline/triangles/V01_f0000013.svg
V02_f0000099,dino_linear,dino_linear,test,V02,3.3000000000000003,16.628,0.9168124392614189,0.4018366744904896,0.32920151948928833,0.014191855676472187,1,0.0,0.062245386236954074,0.3033379480079988,0.46547857901569695,99.5576632064231,334.98472259875086,16675.148095891753,models_disagree,../../dataset/images/V02_f0000099.png,dino_linear/overlays/V02_f0000099.jpg,quality/dino_linear/entropy/V02_f0000099.jpg,quality/disagreement/V02_f0000099.jpg,,,,"[[153.6061066389084, 160.18608117103577], [494.27783489227295, 160.0817205309868], [493.6574935913086, 261.3255742788315]]",dino_linear/triangles/V02_f0000099.svg
V02_f0000098,full,TopoFiberDINO Coordinate (ours),test,V02,3.2666666666666666,16.627,0.9307126696832579,0.3976048050692992,0.28298938274383545,0.017844686284661293,1,0.0,0.0880749354005168,0.33761746821448313,0.5048042153114991,123.40365026701461,376.480502941398,23229.534158665025,models_disagree,../../dataset/images/V02_f0000098.png,full/overlays/V02_f0000098.jpg,quality/full/entropy/V02_f0000098.jpg,quality/disagreement/V02_f0000098.jpg,,,,"[[168.21244060993195, 143.61393922567368], [555.261390209198, 137.44885921478271], [539.765875339508, 262.1398837566376]]",full/triangles/V02_f0000098.svg
V01_f0000067,unet_small,unet_small,train,V01,2.2333333333333334,16.625,0.92490407454778,0.3886078591960944,0.3048091530799866,0.017650622874498367,1,0.0,0.06815984109975695,0.8127628451270799,0.8967117207988703,117.64495924158508,311.93242264022905,18348.63857381932,models_disagree,../../dataset/images/V01_f0000067.png,unet_small/overlays/V01_f0000067.jpg,quality/unet_small/entropy/V01_f0000067.jpg,quality/disagreement/V01_f0000067.jpg,,,,"[[158.22864133119583, 164.7820584475994], [471.73453068733215, 163.73375058174133], [467.4759051799774, 281.80427849292755]]",unet_small/triangles/V01_f0000067.svg
V01_f0000087,directional,directional,val,V01,2.9000000000000004,16.609,0.9186374867631486,0.4172422389394806,0.32327520847320557,0.01258104294538498,1,0.0,0.07042857142857142,0.8008163265306123,0.8893925657298277,102.79767457555097,364.79625815961975,18750.103516335636,models_disagree,../../dataset/images/V01_f0000087.png,directional/overlays/V01_f0000087.jpg,quality/directional/entropy/V01_f0000087.jpg,quality/disagreement/V01_f0000087.jpg,,,,"[[151.2404196858406, 169.82924938201904], [525.4949575662613, 172.84145951271057], [507.22532427310944, 275.1948907971382]]",directional/triangles/V01_f0000087.svg
V01_f0000073,baseline,baseline,val,V01,2.4333333333333336,16.605,0.9286481509897192,0.39265630903958565,0.29231151938438416,0.017888423055410385,1,0.0,0.08158208800332088,0.39795477459311535,0.5693385534720792,121.03177683169827,359.64130974505326,21764.01337026148,models_disagree,../../dataset/images/V01_f0000073.png,baseline/overlays/V01_f0000073.jpg,quality/baseline/entropy/V01_f0000073.jpg,quality/disagreement/V01_f0000073.jpg,,,,"[[159.18065091967583, 150.2559408545494], [523.2163481712341, 142.35540479421616], [517.5455732345581, 264.47926461696625]]",baseline/triangles/V01_f0000073.svg
V02_f0000046,dino_linear,dino_linear,train,V02,1.5333333333333334,16.595,0.9208513468573329,0.4144691584498968,0.3143851161003113,0.013355541974306107,1,0.0,0.07449924476259276,0.6251272912423625,0.7693271716143182,105.7516690276456,381.71155283480465,20183.31689970746,models_disagree,../../dataset/images/V02_f0000046.png,dino_linear/overlays/V02_f0000046.jpg,quality/dino_linear/entropy/V02_f0000046.jpg,quality/disagreement/V02_f0000046.jpg,,,,"[[168.9667010307312, 150.94447445869446], [553.9711904525757, 150.52731055021286], [541.5487432479858, 255.7104970216751]]",dino_linear/triangles/V02_f0000046.svg
V01_f0000022,directional,directional,train,V01,0.7333333333333334,16.591,0.9231039325842697,0.4128164579504495,0.3102562129497528,0.014053008519113064,1,0.0,0.07374095883412654,0.7812597443093233,0.877199124726477,117.12452983576206,346.8673120172942,20313.33541771008,models_disagree,../../dataset/images/V01_f0000022.png,directional/overlays/V01_f0000022.jpg,quality/directional/entropy/V01_f0000022.jpg,quality/disagreement/V01_f0000022.jpg,,,,"[[184.63833808898926, 133.89286771416664], [541.1181592941284, 128.71603667736053], [506.8968117237091, 237.80246078968048]]",directional/triangles/V01_f0000022.svg
V02_f0000025,dino_linear,dino_linear,train,V02,0.8333333333333334,16.589,0.9195914577530176,0.45948982867816596,0.32568269968032837,0.007416879758238792,1,0.0,0.07084197205094375,0.6123081945804767,0.7595423711653336,107.72155302036077,357.6500157462005,19263.3075669686,models_disagree,../../dataset/images/V02_f0000025.png,dino_linear/overlays/V02_f0000025.jpg,quality/dino_linear/entropy/V02_f0000025.jpg,quality/disagreement/V02_f0000025.jpg,,,,"[[190.06954550743103, 135.2093688249588], [544.0822792053223, 134.539244890213], [527.7074718475342, 238.55569434165955]]",dino_linear/triangles/V02_f0000025.svg
V02_f0000054,dino_pyramid,dino_pyramid,train,V02,1.8,16.582,0.8976045091592297,0.38785921557614905,0.3870939612388611,0.011387847363948822,1,0.0,0.05303149606299212,0.9215208384109188,0.9591577879249112,79.6676476254201,357.0651340170033,14223.269638095011,models_disagree,../../dataset/images/V02_f0000054.png,dino_pyramid/overlays/V02_f0000054.jpg,quality/dino_pyramid/entropy/V02_f0000054.jpg,quality/disagreement/V02_f0000054.jpg,,,,"[[179.86703395843506, 166.13648790121078], [537.3038363456726, 160.15935289859772], [537.8929352760315, 239.91542553901672]]",dino_pyramid/triangles/V02_f0000054.svg
V01_f0000046,dino_pyramid,dino_pyramid,train,V01,1.5333333333333334,16.581,0.9331570996978852,0.28081527897230074,0.27650824189186096,0.03276538848876953,1,0.0,0.10097368421052631,0.9089474323175913,0.9523022131773086,128.57167539460244,422.18082899059743,27140.248251401626,,../../dataset/images/V01_f0000046.png,dino_pyramid/overlays/V01_f0000046.jpg,quality/dino_pyramid/entropy/V01_f0000046.jpg,quality/disagreement/V01_f0000046.jpg,,,,"[[131.5499958395958, 144.31387558579445], [553.5947932004929, 135.332141071558], [552.6143003702164, 263.83403688669205]]",dino_pyramid/triangles/V01_f0000046.svg
V01_f0000066,directional,directional,train,V01,2.2,16.571,0.9179538615847542,0.44827433823854346,0.3292900323867798,0.008350343443453312,2,0.00020977554017198585,0.06239202136013821,0.8311136846168693,0.9077685253504796,104.140258645383,321.57323208815296,16744.359781546013,models_disagree,../../dataset/images/V01_f0000066.png,directional/overlays/V01_f0000066.jpg,quality/directional/entropy/V01_f0000066.jpg,quality/disagreement/V01_f0000066.jpg,,,,"[[164.7918745279312, 165.81007093191147], [494.57471907138824, 170.77437043190002], [471.46475780010223, 272.69788831472397]]",directional/triangles/V01_f0000066.svg
V01_f0000053,full,TopoFiberDINO Coordinate (ours),train,V01,1.7666666666666668,16.562,0.9122740963855421,0.4754820936639118,0.34248125553131104,0.0036384982522577047,1,0.0,0.06690288713910761,0.5549944768818053,0.713821798254516,95.57877835949685,375.4499852447655,17942.525462392903,models_disagree,../../dataset/images/V01_f0000053.png,full/overlays/V01_f0000053.jpg,quality/full/entropy/V01_f0000053.jpg,quality/disagreement/V01_f0000053.jpg,,,,"[[160.78002053499222, 160.6050655245781], [536.401504278183, 154.8302136361599], [536.4252798557281, 250.45301020145416]]",full/triangles/V01_f0000053.svg
V01_f0000015,baseline,baseline,train,V01,0.5,16.561,0.909447004608295,0.24506767942350768,0.35413438081741333,0.03179559484124184,1,0.0,0.055684144334586516,0.8222584590297595,0.9024608501118568,95.6234736818567,318.5647286073909,15231.132970978333,,../../dataset/images/V01_f0000015.png,baseline/overlays/V01_f0000015.jpg,quality/baseline/entropy/V01_f0000015.jpg,quality/disagreement/V01_f0000015.jpg,,,,"[[201.53315860033035, 143.32562685012817], [514.471431016922, 140.54251089692116], [510.76893424987793, 234.29788649082184]]",baseline/triangles/V01_f0000015.svg
V02_f0000050,full,TopoFiberDINO Coordinate (ours),train,V02,1.6666666666666667,16.56,0.9335496430889033,0.4212596852783768,0.2737628221511841,0.015192834660410881,1,0.0,0.09800620758588037,0.5905944818431782,0.7426084883166428,132.39212062751108,397.04515639627317,26282.8251200922,models_disagree,../../dataset/images/V02_f0000050.png,full/overlays/V02_f0000050.jpg,quality/full/entropy/V02_f0000050.jpg,quality/disagreement/V02_f0000050.jpg,,,,"[[167.3353511095047, 137.60831487178802], [581.7238283157349, 127.09139728546143], [547.1142911911011, 254.94888615608215]]",full/triangles/V02_f0000050.svg
V01_f0000091,dino_linear,dino_linear,val,V01,3.0333333333333337,16.559,0.9177397655198923,0.3999728555917481,0.3290066421031952,0.014290787279605865,1,0.0,0.06434921740925689,0.444843296976391,0.6157668418537984,103.58628367114082,329.1550625093817,17047.97483844445,models_disagree,../../dataset/images/V01_f0000091.png,dino_linear/overlays/V01_f0000091.jpg,quality/dino_linear/entropy/V01_f0000091.jpg,quality/disagreement/V01_f0000091.jpg,,,,"[[155.62491589784622, 165.72314500808716], [490.41069638729095, 161.87193989753723], [495.4666029214859, 267.04544574022293]]",dino_linear/triangles/V01_f0000091.svg
V02_f0000088,baseline,baseline,val,V02,2.9333333333333336,16.557,0.9194389498291674,0.42651469706058787,0.3242949843406677,0.011346453800797462,1,0.0,0.06935716794816751,0.5229445506692161,0.6867545511613308,103.19989034472016,357.24233436659244,18433.684866562096,models_disagree,../../dataset/images/V02_f0000088.png,baseline/overlays/V02_f0000088.jpg,quality/baseline/entropy/V02_f0000088.jpg,quality/disagreement/V02_f0000088.jpg,,,,"[[145.56555211544037, 170.91921019554138], [507.5006175041199, 169.03407561779022], [500.94853162765503, 273.1429705619812]]",baseline/triangles/V02_f0000088.svg
V01_f0000087,unet_small,unet_small,val,V01,2.9000000000000004,16.545,0.9213553979511426,0.4172422389394806,0.3167825937271118,0.012875559739768505,1,0.0,0.07923376623376624,0.6548409893992932,0.7914246668944311,105.0091542150216,400.99102685800136,21053.864289085865,models_disagree,../../dataset/images/V01_f0000087.png,unet_small/overlays/V01_f0000087.jpg,quality/unet_small/entropy/V01_f0000087.jpg,quality/disagreement/V01_f0000087.jpg,,,,"[[147.51549595594406, 178.9933517575264], [553.386507153511, 166.82252660393715], [551.3796685934067, 273.0114609003067]]",unet_small/triangles/V01_f0000087.svg
V01_f0000053,directional,directional,train,V01,1.7666666666666668,16.541,0.9228130360205832,0.4754820936639118,0.3104259967803955,0.005900692194700241,1,0.0,0.08115485564304462,0.521557719054242,0.6855575868372943,109.17487999816919,399.124735657574,21787.19755985832,models_disagree,../../dataset/images/V01_f0000053.png,directional/overlays/V01_f0000053.jpg,quality/directional/entropy/V01_f0000053.jpg,quality/disagreement/V01_f0000053.jpg,,,,"[[151.77746802568436, 154.89215031266212], [556.9993959665298, 153.97285670042038], [538.6503442525864, 261.64573431015015]]",directional/triangles/V01_f0000053.svg
V01_f0000085,unet_small,unet_small,val,V01,2.8333333333333335,16.53,0.9219832300401021,0.3675145499128482,0.3134918212890625,0.01915728859603405,1,0.0,0.06844155844155844,0.5194929697486153,0.6837714686295128,109.73032471766466,331.78225767987317,18203.287435386184,models_disagree,../../dataset/images/V01_f0000085.png,unet_small/overlays/V01_f0000085.jpg,quality/unet_small/entropy/V01_f0000085.jpg,quality/disagreement/V01_f0000085.jpg,,,,"[[170.6606960296631, 160.34133732318878], [507.9651643037796, 151.29943192005157], [499.4136484861374, 261.96422427892685]]",unet_small/triangles/V01_f0000085.svg
V02_f0000098,dino_pyramid,dino_pyramid,test,V02,3.2666666666666666,16.521,0.9243785564540281,0.3976048050692992,0.30530890822410583,0.015887465327978134,1,0.0,0.08351421188630491,0.2893681736485552,0.4488526699549646,109.69722092237372,400.4823731306113,21965.901680412586,models_disagree,../../dataset/images/V02_f0000098.png,dino_pyramid/overlays/V02_f0000098.jpg,quality/dino_pyramid/entropy/V02_f0000098.jpg,quality/disagreement/V02_f0000098.jpg,,,,"[[167.34395027160645, 146.83510845899582], [575.1511144638062, 145.7635142803192], [573.9689111709595, 257.4514683485031]]",dino_pyramid/triangles/V02_f0000098.svg
V02_f0000005,directional,directional,train,V02,0.16666666666666669,16.519,0.9253333333333333,0.3816138335984687,0.3061046898365021,0.018093999475240707,1,0.0,0.07102631578947369,0.637503299023489,0.7786284148601821,116.51415148812906,327.8375930688081,19098.859491161358,models_disagree,../../dataset/images/V02_f0000005.png,directional/overlays/V02_f0000005.jpg,quality/directional/entropy/V02_f0000005.jpg,quality/disagreement/V02_f0000005.jpg,,,,"[[194.81953740119934, 132.7445718050003], [536.4128279685974, 129.99958491325378], [504.54861402511597, 242.06501173973083]]",directional/triangles/V02_f0000005.svg
V02_f0000024,dino_pyramid,dino_pyramid,train,V02,0.8,16.503,0.9147081122062168,0.2962962962962963,0.33619827032089233,0.026286209002137184,1,0.0,0.06900851086897598,0.9279517163334591,0.9626296223830952,102.85748541532526,369.1422276202978,18984.520646817728,,../../dataset/images/V02_f0000024.png,dino_pyramid/overlays/V02_f0000024.jpg,quality/dino_pyramid/entropy/V02_f0000024.jpg,quality/disagreement/V02_f0000024.jpg,,,,"[[177.3550522327423, 140.89979350566864], [535.9066414833069, 137.99841612577438], [536.6056895256042, 237.9057002067566]]",dino_pyramid/triangles/V02_f0000024.svg
V02_f0000046,full,TopoFiberDINO Coordinate (ours),train,V02,1.5333333333333334,16.493,0.9303597122302159,0.4144691584498968,0.2852301001548767,0.014986447058618069,1,0.0,0.0881197872200696,0.7196960259125451,0.837003767024051,124.37266946565181,379.7809383374146,23617.18455659718,models_disagree,../../dataset/images/V02_f0000046.png,full/overlays/V02_f0000046.jpg,quality/full/entropy/V02_f0000046.jpg,quality/disagreement/V02_f0000046.jpg,,,,"[[170.14479875564575, 152.4181853532791], [551.6141939163208, 137.82512819766998], [545.7700681686401, 262.2517902851105]]",full/triangles/V02_f0000046.svg
V02_f0000047,directional,directional,train,V02,1.5666666666666667,16.489,0.9267727483392554,0.40381042728961614,0.29688870906829834,0.015493583865463734,1,0.0,0.08163051451325579,0.6498832457676591,0.7877930119416188,117.8415299077975,371.9554603715394,21915.900253870674,models_disagree,../../dataset/images/V02_f0000047.png,directional/overlays/V02_f0000047.jpg,quality/directional/entropy/V02_f0000047.jpg,quality/disagreement/V02_f0000047.jpg,,,,"[[158.3273220062256, 149.29295033216476], [539.6620345115662, 144.11444228887558], [516.2678074836731, 259.86782455444336]]",directional/triangles/V02_f0000047.svg
V02_f0000068,baseline,baseline,train,V02,2.2666666666666666,16.475,0.9236846830669779,0.4238991929774883,0.3101253807544708,0.012215291149914265,1,0.0,0.07029671799984259,0.7593411621168217,0.8632108183079057,112.91478355934592,332.3107571646467,18761.398609844222,models_disagree,../../dataset/images/V02_f0000068.png,baseline/overlays/V02_f0000068.jpg,quality/baseline/entropy/V02_f0000068.jpg,quality/disagreement/V02_f0000068.jpg,,,,"[[163.8861858844757, 167.01682668924332], [499.2031145095825, 159.5007985830307], [490.286922454834, 272.5322551727295]]",baseline/triangles/V02_f0000068.svg
V02_f0000060,unet_small,unet_small,train,V02,2.0,16.471,0.9150996090113573,0.37813956724413833,0.3353550136089325,0.015984857454895973,1,0.0,0.06774278215223097,0.7104957397366383,0.8307483301256651,98.50524771541333,366.89055330561297,18070.32241890723,models_disagree,../../dataset/images/V02_f0000060.png,unet_small/overlays/V02_f0000060.jpg,quality/unet_small/entropy/V02_f0000060.jpg,quality/disagreement/V02_f0000060.jpg,,,,"[[162.42870926856995, 174.82026731967926], [530.7467937469482, 172.31946849822998], [527.2674751281738, 271.0617320537567]]",unet_small/triangles/V02_f0000060.svg
V01_f0000041,directional,directional,train,V01,1.3666666666666667,16.455,0.9191788422415388,0.4610466300142538,0.3312476575374603,0.006460940930992365,1,0.0,0.06777057016046432,0.5243556874915666,0.6879702575905108,101.60735115832668,360.32474604418144,18305.821501173014,models_disagree,../../dataset/images/V01_f0000041.png,directional/overlays/V01_f0000041.jpg,quality/directional/entropy/V01_f0000041.jpg,quality/disagreement/V01_f0000041.jpg,,,,"[[159.20361483097076, 174.3740513920784], [532.4245394468307, 171.3922619819641], [506.43953144550323, 269.5334628224373]]",directional/triangles/V01_f0000041.svg
V01_f0000067,directional,directional,train,V01,2.2333333333333334,16.443,0.9223672758920801,0.3886078591960944,0.3125060498714447,0.016169404610991478,1,0.0,0.07227608917230745,0.7805047867711054,0.8767230423306286,110.73823553818009,349.4561031873706,19349.076132508806,models_disagree,../../dataset/images/V01_f0000067.png,directional/overlays/V01_f0000067.jpg,quality/directional/entropy/V01_f0000067.jpg,quality/disagreement/V01_f0000067.jpg,,,,"[[158.58863404393196, 161.6387665271759], [517.1994787454605, 164.15559500455856], [493.5566648244858, 272.8244662284851]]",directional/triangles/V01_f0000067.svg
V01_f0000066,dino_linear,dino_linear,train,V01,2.2,16.433,0.9175132060138155,0.44827433823854346,0.3296160101890564,0.007573000621050596,1,0.0,0.06176378200094236,0.8378115264797508,0.9117491259667337,104.9026084726434,315.42418593509905,16544.409939975983,models_disagree,../../dataset/images/V01_f0000066.png,dino_linear/overlays/V01_f0000066.jpg,quality/dino_linear/entropy/V01_f0000066.jpg,quality/disagreement/V01_f0000066.jpg,,,,"[[151.97806197404861, 172.64340072870255], [468.46593821048737, 166.45661741495132], [470.11963951587677, 271.719329059124]]",dino_linear/triangles/V01_f0000066.svg
V01_f0000088,unet_small,unet_small,val,V01,2.9333333333333336,16.428,0.9243561442236939,0.42717011556033324,0.30446821451187134,0.011724624782800674,1,0.0,0.08481336642024712,0.5567934124485348,0.7153080273802116,110.07337166257669,410.4983228656845,22592.467229829446,models_disagree,../../dataset/images/V01_f0000088.png,unet_small/overlays/V01_f0000088.jpg,quality/unet_small/entropy/V01_f0000088.jpg,quality/disagreement/V01_f0000088.jpg,,,,"[[138.86514416337013, 177.90158092975616], [557.1356060504913, 169.97500509023666], [544.9667060375214, 280.5594652891159]]",unet_small/triangles/V01_f0000088.svg
V01_f0000071,full,TopoFiberDINO Coordinate (ours),train,V01,2.3666666666666667,16.408,0.9280346820809249,0.4028339215057213,0.2915413975715637,0.01549302414059639,1,0.0,0.08754833519321101,0.5124045801526718,0.677602523659306,124.68187217123176,372.0787386845317,23195.736867148964,models_disagree,../../dataset/images/V01_f0000071.png,full/overlays/V01_f0000071.jpg,quality/full/entropy/V01_f0000071.jpg,quality/disagreement/V01_f0000071.jpg,,,,"[[177.6259412765503, 159.10834819078445], [584.2712321281433, 160.05371510982513], [536.0619530677795, 276.48912370204926]]",full/triangles/V01_f0000071.svg
V02_f0000084,full,TopoFiberDINO Coordinate (ours),val,V02,2.8000000000000003,16.403,0.9134883720930232,0.4370172311348782,0.3392731845378876,0.00792164821177721,1,0.0,0.06672727272727273,0.3184264241974392,0.4830401125967628,95.87680667629974,368.4587221682543,17663.32283676108,models_disagree,../../dataset/images/V02_f0000084.png,full/overlays/V02_f0000084.jpg,quality/full/entropy/V02_f0000084.jpg,quality/disagreement/V02_f0000084.jpg,,,,"[[157.33461320400238, 179.30849933624268], [530.7197070121765, 169.94814240932465], [534.0112709999084, 267.0778373479843]]",full/triangles/V02_f0000084.svg
V01_f0000090,full,TopoFiberDINO Coordinate (ours),val,V01,3.0,16.402,0.9208877751924109,0.4602123546553565,0.31756749749183655,0.0066852932795882225,1,0.0,0.06930833872010343,0.6261980830670927,0.7701375245579568,115.77461939281574,318.13355914986585,18415.895863328777,models_disagree,../../dataset/images/V01_f0000090.png,full/overlays/V01_f0000090.jpg,quality/full/entropy/V01_f0000090.jpg,quality/disagreement/V01_f0000090.jpg,,,,"[[170.1457000374794, 170.1364740729332], [498.68284916877747, 158.09496492147446], [525.4051997661591, 272.4344953894615]]",full/triangles/V01_f0000090.svg
V02_f0000047,dino_linear,dino_linear,train,V02,1.5666666666666667,16.394,0.9212346095462979,0.40381042728961614,0.31499865651130676,0.013772053644061089,1,0.0,0.07445247825631353,0.7080025404890441,0.829041554336711,106.82260016589439,374.7808612351212,20017.53304477445,models_disagree,../../dataset/images/V02_f0000047.png,dino_linear/overlays/V02_f0000047.jpg,quality/dino_linear/entropy/V02_f0000047.jpg,quality/disagreement/V02_f0000047.jpg,,,,"[[161.97071313858032, 154.2313163280487], [538.4979557991028, 154.01245212554932], [530.9832644462585, 260.79961359500885]]",dino_linear/triangles/V02_f0000047.svg
V01_f0000019,full,TopoFiberDINO Coordinate (ours),train,V01,0.6333333333333334,16.369,0.9150763358778626,0.42581543357199686,0.33563315868377686,0.009508045390248299,1,0.0,0.0672555711704477,0.5684908225696805,0.7248889370462672,103.4480397506186,356.3063270633535,18429.595542723353,models_disagree,../../dataset/images/V01_f0000019.png,full/overlays/V01_f0000019.jpg,quality/full/entropy/V01_f0000019.jpg,quality/disagreement/V01_f0000019.jpg,,,,"[[165.6721203327179, 158.3705171942711], [535.2200179100037, 156.0741439461708], [502.78353691101074, 252.19593197107315]]",full/triangles/V01_f0000019.svg
V01_f0000062,full,TopoFiberDINO Coordinate (ours),train,V01,2.066666666666667,16.365,0.9119447186574531,0.44922231042897887,0.3440990149974823,0.005859685596078634,1,0.0,0.06310704960835509,0.7109389411547685,0.8310512129380054,96.39885192669807,350.849413360549,16910.740323556223,models_disagree,../../dataset/images/V01_f0000062.png,full/overlays/V01_f0000062.jpg,quality/full/entropy/V01_f0000062.jpg,quality/disagreement/V01_f0000062.jpg,,,,"[[168.7035439312458, 175.86974054574966], [521.7784252166748, 171.79331928491592], [527.6591844558716, 268.5141786932945]]",full/triangles/V01_f0000062.svg
V02_f0000017,dino_linear,dino_linear,train,V02,0.5666666666666667,16.355,0.9111969111969112,0.4326442721791559,0.34872758388519287,0.007712268736213446,1,0.0,0.056865782207556066,0.8074331667028907,0.8934583934583935,98.87512729540575,315.54732007382086,15599.89072001159,models_disagree,../../dataset/images/V02_f0000017.png,dino_linear/overlays/V02_f0000017.jpg,quality/dino_linear/entropy/V02_f0000017.jpg,quality/disagreement/V02_f0000017.jpg,,,,"[[186.96859002113342, 148.6962901353836], [507.03458547592163, 145.7805677652359], [481.84532403945923, 239.01970517635345]]",dino_linear/triangles/V02_f0000017.svg
V02_f0000088,directional,directional,val,V02,2.9333333333333336,16.35,0.9172703011818528,0.42651469706058787,0.330877423286438,0.009821265935897827,1,0.0,0.06518090628781079,0.5077265766392872,0.673499538319483,100.64913022548978,344.5360141092425,17338.625075726166,models_disagree,../../dataset/images/V02_f0000088.png,directional/overlays/V02_f0000088.jpg,quality/directional/entropy/V02_f0000088.jpg,quality/disagreement/V02_f0000088.jpg,,,,"[[155.44940650463104, 170.7386550307274], [510.6736707687378, 173.71940356492996], [489.7712230682373, 273.28552877902985]]",directional/triangles/V02_f0000088.svg
V01_f0000075,dino_pyramid,dino_pyramid,val,V01,2.5,16.349,0.9291325695581014,0.33076790714408627,0.29630839824676514,0.02445540390908718,1,0.0,0.0765974025974026,0.3691468890314304,0.5392363551182947,121.8373548408161,333.0626955638802,20289.73891182759,,../../dataset/images/V01_f0000075.png,dino_pyramid/overlays/V01_f0000075.jpg,quality/dino_pyramid/entropy/V01_f0000075.jpg,quality/disagreement/V01_f0000075.jpg,,,,"[[155.85802644491196, 144.94266360998154], [493.2307995557785, 136.9457244873047], [498.53924667835236, 260.25715470314026]]",dino_pyramid/triangles/V01_f0000075.svg
V01_f0000091,full,TopoFiberDINO Coordinate (ours),val,V01,3.0333333333333337,16.345,0.9170523977041288,0.3999728555917481,0.33220428228378296,0.013064078986644745,1,0.0,0.06683957212351127,0.316127438873796,0.4803903171326703,100.64540641789465,351.8074407410853,17703.90142711296,models_disagree,../../dataset/images/V01_f0000091.png,full/overlays/V01_f0000091.jpg,quality/full/entropy/V01_f0000091.jpg,quality/disagreement/V01_f0000091.jpg,,,,"[[173.98413217067719, 161.42454743385315], [531.8907377719879, 165.3229370713234], [535.0837578773499, 267.5786688923836]]",full/triangles/V01_f0000091.svg
V02_f0000023,unet_small,unet_small,train,V02,0.7666666666666667,16.339,0.9208003334722801,0.43395814830396234,0.3197837471961975,0.009627927094697952,1,0.0,0.06253221562084588,0.8074723598932521,0.8934823876819237,120.66929258218786,286.8994616938238,17309.977542402114,models_disagree,../../dataset/images/V02_f0000023.png,unet_small/overlays/V02_f0000023.jpg,quality/unet_small/entropy/V02_f0000023.jpg,quality/disagreement/V02_f0000023.jpg,,,,"[[192.13226795196533, 136.73723846673965], [470.59967279434204, 124.35442441701889], [483.2012629508972, 240.67625617980957]]",unet_small/triangles/V02_f0000023.svg
V02_f0000048,full,TopoFiberDINO Coordinate (ours),train,V02,1.6,16.325,0.9189882071440779,0.4000680518511201,0.32407820224761963,0.013391323387622833,1,0.0,0.07362204724409449,0.781219203153597,0.8771735693961429,103.30604836805931,382.7035217156862,19767.794262493655,models_disagree,../../dataset/images/V02_f0000048.png,full/overlays/V02_f0000048.jpg,quality/full/entropy/V02_f0000048.jpg,quality/disagreement/V02_f0000048.jpg,,,,"[[177.33851730823517, 167.85637086629868], [571.7193603515625, 155.12792837619781], [550.3207397460938, 256.33527874946594]]",full/triangles/V02_f0000048.svg
V02_f0000089,dino_pyramid,dino_pyramid,val,V02,2.966666666666667,16.308,0.9269009942585072,0.3747106851260206,0.2976435124874115,0.018255094066262245,1,0.0,0.0894439967767929,0.4739258773368317,0.6430796617712505,113.62760863634038,417.5670293272221,23723.571493916428,models_disagree,../../dataset/images/V02_f0000089.png,dino_pyramid/overlays/V02_f0000089.jpg,quality/dino_pyramid/entropy/V02_f0000089.jpg,quality/disagreement/V02_f0000089.jpg,,,,"[[139.5751029253006, 174.477592587471], [562.975652217865, 168.62176024913788], [557.3942828178406, 283.48814952373505]]",dino_pyramid/triangles/V02_f0000089.svg
V02_f0000080,directional,directional,val,V02,2.666666666666667,16.3,0.9264905660377358,0.4163863891161409,0.2999376058578491,0.01291071716696024,1,0.0,0.08311688311688312,0.592898302445102,0.7444270629644114,113.31213273651325,386.92097282560576,21921.420315677937,models_disagree,../../dataset/images/V02_f0000080.png,directional/overlays/V02_f0000080.jpg,quality/directional/entropy/V02_f0000080.jpg,quality/disagreement/V02_f0000080.jpg,,,,"[[153.26988816261292, 152.26264196634293], [550.6461811065674, 149.7970312833786], [533.2633066177368, 263.4007716178894]]",directional/triangles/V02_f0000080.svg
V02_f0000090,full,TopoFiberDINO Coordinate (ours),val,V02,3.0,16.293,0.9220060681777619,0.44178875462901485,0.3152165412902832,0.00869037862867117,1,0.0,0.06966321243523316,0.7401422107304461,0.850668647845468,118.34230256669638,312.10744710553917,18467.75696934145,models_disagree,../../dataset/images/V02_f0000090.png,full/overlays/V02_f0000090.jpg,quality/full/entropy/V02_f0000090.jpg,quality/disagreement/V02_f0000090.jpg,,,,"[[171.06589794158936, 170.31072402000427], [494.5702314376831, 158.1598150730133], [523.9941358566284, 274.54973816871643]]",full/triangles/V02_f0000090.svg
V02_f0000023,full,TopoFiberDINO Coordinate (ours),train,V02,0.7666666666666667,16.289,0.9156746031746031,0.43395814830396234,0.3374386727809906,0.008225739002227783,1,0.0,0.06532649683947804,0.7815373299006988,0.8773740710156895,126.06371114496707,287.4110384227201,18116.051063798408,models_disagree,../../dataset/images/V02_f0000023.png,full/overlays/V02_f0000023.jpg,quality/full/entropy/V02_f0000023.jpg,quality/disagreement/V02_f0000023.jpg,,,,"[[184.84892785549164, 132.81672030687332], [487.2277235984802, 127.97977238893509], [536.4962410926819, 239.8435333967209]]",full/triangles/V02_f0000023.svg
V02_f0000088,full,TopoFiberDINO Coordinate (ours),val,V02,2.9333333333333336,16.283,0.9168558951965066,0.42651469706058787,0.33091872930526733,0.009392278268933296,1,0.0,0.07137374289319959,0.7434078643022359,0.852821510702282,103.3383327080087,366.9579052690411,18960.409052263054,models_disagree,../../dataset/images/V02_f0000088.png,full/overlays/V02_f0000088.jpg,quality/full/entropy/V02_f0000088.jpg,quality/disagreement/V02_f0000088.jpg,,,,"[[159.7668743133545, 176.4774647951126], [561.5731501579285, 163.8544641137123], [524.3456625938416, 261.45016503334045]]",full/triangles/V02_f0000088.svg
V01_f0000079,full,TopoFiberDINO Coordinate (ours),val,V01,2.6333333333333333,16.262,0.9112781954887218,0.40086584004585635,0.3496306538581848,0.011236999183893204,1,0.0,0.0657716037406387,0.8539929590513248,0.9212472516490106,91.99655792692327,379.02654413280686,17434.568711577653,models_disagree,../../dataset/images/V01_f0000079.png,full/overlays/V01_f0000079.jpg,quality/full/entropy/V01_f0000079.jpg,quality/disagreement/V01_f0000079.jpg,,,,"[[157.86876100301743, 152.20116823911667], [555.9151097536087, 158.0282226204872], [530.5486663579941, 247.87914007902145]]",full/triangles/V01_f0000079.svg
V01_f0000088,full,TopoFiberDINO Coordinate (ours),val,V01,2.9333333333333336,16.259,0.9157857646229739,0.42717011556033324,0.33401644229888916,0.008952313102781773,1,0.0,0.07059985188842262,0.66482661004954,0.7986736949498384,101.2239798996107,371.28573130729535,18791.50970143096,models_disagree,../../dataset/images/V01_f0000088.png,full/overlays/V01_f0000088.jpg,quality/full/entropy/V01_f0000088.jpg,quality/disagreement/V01_f0000088.jpg,,,,"[[156.72461128234863, 173.59138280153275], [561.5477738380432, 163.71053829789162], [525.4250793457031, 259.42911207675934]]",full/triangles/V01_f0000088.svg
V02_f0000066,dino_pyramid,dino_pyramid,train,V02,2.2,16.254,0.9242556155319519,0.44717167442516575,0.3054405152797699,0.008332822471857071,1,0.0,0.07172251616696061,0.9494149414941494,0.9740511589251085,116.64925432211177,329.2857930231078,19205.47110750538,models_disagree,../../dataset/images/V02_f0000066.png,dino_pyramid/overlays/V02_f0000066.jpg,quality/dino_pyramid/entropy/V02_f0000066.jpg,quality/disagreement/V02_f0000066.jpg,,,,"[[151.87663614749908, 164.68514716625214], [483.2481265068054, 163.8434072136879], [486.01377725601196, 281.17335629463196]]",dino_pyramid/triangles/V02_f0000066.svg
V02_f0000067,full,TopoFiberDINO Coordinate (ours),train,V02,2.2333333333333334,16.247,0.9188416841303105,0.41150561655338497,0.32651907205581665,0.011535405181348324,1,0.0,0.06592586775561489,0.7097701149425287,0.8302521008403362,106.1753640961285,331.4910927943312,17598.09373603082,models_disagree,../../dataset/images/V02_f0000067.png,full/overlays/V02_f0000067.jpg,quality/full/entropy/V02_f0000067.jpg,quality/disagreement/V02_f0000067.jpg,,,,"[[172.71193027496338, 165.6615650653839], [506.49630546569824, 159.09884905815125], [515.0230693817139, 265.4938472509384]]",full/triangles/V02_f0000067.svg
V02_f0000088,dino_linear,dino_linear,val,V02,2.9333333333333336,16.247,0.9172304019100677,0.42651469706058787,0.329466849565506,0.009295263327658176,1,0.0,0.06268295538815816,0.43912337662337664,0.6102650874224478,102.44252481400221,325.1657471356465,16655.400059803516,models_disagree,../../dataset/images/V02_f0000088.png,dino_linear/overlays/V02_f0000088.jpg,quality/dino_linear/entropy/V02_f0000088.jpg,quality/disagreement/V02_f0000088.jpg,,,,"[[155.1624172925949, 176.01012128591537], [484.68202114105225, 170.20211672782898], [478.8900661468506, 273.5893260240555]]",dino_linear/triangles/V02_f0000088.svg
V01_f0000059,full,TopoFiberDINO Coordinate (ours),train,V01,1.9666666666666668,16.243,0.9062059238363893,0.40664845173041897,0.3658381402492523,0.009278210811316967,1,0.0,0.05304973821989529,0.7731239092495636,0.8720472440944882,87.88838033627871,323.9424595897295,14235.389047745872,models_disagree,../../dataset/images/V01_f0000059.png,full/overlays/V01_f0000059.jpg,quality/full/entropy/V01_f0000059.jpg,quality/disagreement/V01_f0000059.jpg,,,,"[[189.94913280010223, 162.38933801651], [517.8021596670151, 166.09836369752884], [504.9173949956894, 253.29241901636124]]",full/triangles/V01_f0000059.svg
V01_f0000055,dino_linear,dino_linear,train,V01,1.8333333333333335,16.234,0.9180935569285084,0.38353818871155143,0.32565444707870483,0.014798237010836601,1,0.0,0.07131233595800525,0.608756404285049,0.7568037058482918,103.07451122804567,372.6929059982589,19207.56956196525,models_disagree,../../dataset/images/V01_f0000055.png,dino_linear/overlays/V01_f0000055.jpg,quality/dino_linear/entropy/V01_f0000055.jpg,quality/disagreement/V01_f0000055.jpg,,,,"[[173.10653364658356, 143.88741552829742], [549.5480000972748, 149.31397140026093], [533.2544369697571, 251.0562166571617]]",dino_linear/triangles/V01_f0000055.svg
V02_f0000003,dino_linear,dino_linear,train,V02,0.1,16.231,0.9159871041153044,0.4355698428398725,0.33210688829421997,0.007803734391927719,1,0.0,0.0656959904404411,0.5397529299968324,0.7010903106356716,99.26443354192146,350.0816103787029,17375.3263738428,models_disagree,../../dataset/images/V02_f0000003.png,dino_linear/overlays/V02_f0000003.jpg,quality/dino_linear/entropy/V02_f0000003.jpg,quality/disagreement/V02_f0000003.jpg,,,,"[[185.39027452468872, 136.1226999759674], [543.5662794113159, 137.9066059589386], [529.3988656997681, 237.52323400974274]]",dino_linear/triangles/V02_f0000003.svg
V01_f0000091,directional,directional,val,V01,3.0333333333333337,16.23,0.9229339192158188,0.3999728555917481,0.31280526518821716,0.013813348487019539,1,0.0,0.07327836488212751,0.42290524167835736,0.5944250246482029,108.34901248738585,358.420459654558,19417.25142942314,models_disagree,../../dataset/images/V01_f0000091.png,directional/overlays/V01_f0000091.jpg,quality/directional/entropy/V01_f0000091.jpg,quality/disagreement/V01_f0000091.jpg,,,,"[[151.91699969768524, 161.72075271606445], [521.967980504036, 166.81574285030365], [501.1324828863144, 274.96321499347687]]",directional/triangles/V01_f0000091.svg
V01_f0000029,baseline,baseline,train,V01,0.9666666666666667,16.228,0.927954388389772,0.39196065854180034,0.2927418649196625,0.01593654602766037,1,0.0,0.07430340557275542,0.8127833182230281,0.8967241810452613,135.11167622375854,301.3891963864443,20360.59975975202,models_disagree,../../dataset/images/V01_f0000029.png,baseline/overlays/V01_f0000029.jpg,quality/baseline/entropy/V01_f0000029.jpg,quality/disagreement/V01_f0000029.jpg,,,,"[[177.7084315419197, 124.92828816175461], [475.27149748802185, 122.24187701940536], [488.27234292030334, 254.47853654623032]]",baseline/triangles/V01_f0000029.svg
V02_f0000065,full,TopoFiberDINO Coordinate (ours),train,V02,2.166666666666667,16.22,0.9221082928584278,0.3900543900543901,0.3141779899597168,0.014816655777394772,1,0.0,0.06988219895287959,0.7223525731268575,0.8387975660702933,109.79428157893923,340.54221181608995,18694.793746825275,models_disagree,../../dataset/images/V02_f0000065.png,full/overlays/V02_f0000065.jpg,quality/full/entropy/V02_f0000065.jpg,quality/disagreement/V02_f0000065.jpg,,,,"[[178.61214458942413, 178.88193929195404], [527.7718091011047, 163.8713058233261], [509.77810621261597, 272.6675684452057]]",full/triangles/V02_f0000065.svg
V02_f0000071,directional,directional,val,V02,2.3666666666666667,16.219,0.9253529588465005,0.44455232978390563,0.30263322591781616,0.00873169768601656,1,0.0,0.0832421875,0.7615163872526809,0.8646145931578496,111.9391797544248,396.5060057813016,22192.27852743106,models_disagree,../../dataset/images/V02_f0000071.png,directional/overlays/V02_f0000071.jpg,quality/directional/entropy/V02_f0000071.jpg,quality/disagreement/V02_f0000071.jpg,,,,"[[155.26349186897278, 154.7489508986473], [563.7100481987, 152.46424090862274], [541.6885828971863, 263.2696715593338]]",directional/triangles/V02_f0000071.svg
V02_f0000004,dino_linear,dino_linear,train,V02,0.13333333333333333,16.216,0.9159392789373814,0.4284063712139969,0.33249688148498535,0.008614622056484222,1,0.0,0.06647004849914799,0.4883177570093458,0.6562009419152276,100.20352174649071,353.8155346133253,17726.78130843629,models_disagree,../../dataset/images/V02_f0000004.png,dino_linear/overlays/V02_f0000004.jpg,quality/dino_linear/entropy/V02_f0000004.jpg,quality/disagreement/V02_f0000004.jpg,,,,"[[189.19373273849487, 136.23912066221237], [547.4565052986145, 139.188805103302], [533.537027835846, 238.82391333580017]]",dino_linear/triangles/V02_f0000004.svg
V01_f0000019,dino_linear,dino_linear,train,V01,0.6333333333333334,16.211,0.917019133937563,0.42581543357199686,0.33005139231681824,0.009156394749879837,1,0.0,0.06366860737469049,0.6653038468686118,0.799017966744783,105.96248712319527,329.7874719028765,17472.550372449838,models_disagree,../../dataset/images/V01_f0000019.png,dino_linear/overlays/V01_f0000019.jpg,quality/dino_linear/entropy/V01_f0000019.jpg,quality/disagreement/V01_f0000019.jpg,,,,"[[172.60740885138512, 160.4665294289589], [505.53610944747925, 156.07059001922607], [482.16311836242676, 257.3208063840866]]",dino_linear/triangles/V01_f0000019.svg
V01_f0000069,directional,directional,train,V01,2.3000000000000003,16.207,0.9262106072252114,0.4466798810703667,0.30166876316070557,0.00859878957271576,1,0.0,0.080925304700351,0.43867826807540916,0.6098351213190294,113.12852590606742,380.97206141925693,21549.40385987816,models_disagree,../../dataset/images/V01_f0000069.png,directional/overlays/V01_f0000069.jpg,quality/directional/entropy/V01_f0000069.jpg,quality/disagreement/V01_f0000069.jpg,,,,"[[148.40500724315643, 155.5478274822235], [540.5044397115707, 150.62011778354645], [521.3773871660233, 263.5659724473953]]",directional/triangles/V01_f0000069.svg
V01_f0000087,full,TopoFiberDINO Coordinate (ours),val,V01,2.9000000000000004,16.202,0.910427548848907,0.4172422389394806,0.35029977560043335,0.008700616657733917,1,0.0,0.064,0.660886016080719,0.7958234456573327,101.97959371168638,334.00546968353615,17030.871047904,models_disagree,../../dataset/images/V01_f0000087.png,full/overlays/V01_f0000087.jpg,quality/full/entropy/V01_f0000087.jpg,quality/disagreement/V01_f0000087.jpg,,,,"[[180.46862125396729, 168.07495057582855], [577.7129188776016, 174.09686744213104], [522.1065381765366, 260.96782833337784]]",full/triangles/V01_f0000087.svg
V02_f0000061,unet_small,unet_small,train,V02,2.033333333333333,16.199,0.9167268786127167,0.3988207366567118,0.3294680416584015,0.012406493537127972,1,0.0,0.06953212153028414,0.6588810429114612,0.7943680419122462,100.29519056322357,372.3173170452326,18670.818131519864,models_disagree,../../dataset/images/V02_f0000061.png,unet_small/overlays/V02_f0000061.jpg,quality/unet_small/entropy/V02_f0000061.jpg,quality/disagreement/V02_f0000061.jpg,,,,"[[150.63283681869507, 180.8794373869896], [525.3052639961243, 176.54004997015], [516.4923119544983, 276.5904049873352]]",unet_small/triangles/V02_f0000061.svg
V01_f0000091,dino_pyramid,dino_pyramid,val,V01,3.0333333333333337,16.179,0.9208713461180413,0.3999728555917481,0.3175574541091919,0.013095294125378132,1,0.0,0.0666718280235874,0.45264737991266374,0.6232033818694223,108.93417734265621,323.7747211581392,17635.0664468549,models_disagree,../../dataset/images/V01_f0000091.png,dino_pyramid/overlays/V01_f0000091.jpg,quality/dino_pyramid/entropy/V01_f0000091.jpg,quality/disagreement/V01_f0000091.jpg,,,,"[[162.04387229681015, 164.70631957054138], [491.1472897529602, 161.79116070270538], [491.8720452785492, 272.5198566913605]]",dino_pyramid/triangles/V01_f0000091.svg
V02_f0000006,full,TopoFiberDINO Coordinate (ours),train,V02,0.2,16.16,0.9319444444444445,0.4573135260148414,0.27919840812683105,0.008322830311954021,1,0.0,0.08255936675461742,0.581648305675638,0.7354963851172632,133.87708218892658,332.8922172076626,22283.319361582122,models_disagree,../../dataset/images/V02_f0000006.png,full/overlays/V02_f0000006.jpg,quality/full/entropy/V02_f0000006.jpg,quality/disagreement/V02_f0000006.jpg,,,,"[[205.58981895446777, 124.23117119073868], [538.6507630348206, 116.41406548023224], [528.6156535148621, 249.3642599582672]]",full/triangles/V02_f0000006.svg
V01_f0000052,directional,directional,train,V01,1.7333333333333334,16.159,0.9267329859466288,0.44622459575730605,0.2962256371974945,0.008529653772711754,1,0.0,0.08034035166164731,0.8029689608636977,0.8907185628742516,118.88103888389757,362.60662983854394,21553.526430697497,models_disagree,../../dataset/images/V01_f0000052.png,directional/overlays/V01_f0000052.jpg,quality/directional/entropy/V01_f0000052.jpg,quality/disagreement/V01_f0000052.jpg,,,,"[[159.14929562807083, 147.48405665159225], [526.1775563955307, 144.22693848609924], [509.11708104610443, 261.9300037622452]]",directional/triangles/V01_f0000052.svg
V01_f0000086,dino_linear,dino_linear,val,V01,2.8666666666666667,16.158,0.9237653297978125,0.4300046882325363,0.307945191860199,0.009888187050819397,1,0.0,0.07523376623376624,0.529543545225427,0.6924203588429146,110.8928090686955,361.02377010206146,20017.47000359426,models_disagree,../../dataset/images/V01_f0000086.png,dino_linear/overlays/V01_f0000086.jpg,quality/dino_linear/entropy/V01_f0000086.jpg,quality/disagreement/V01_f0000086.jpg,,,,"[[162.5724293589592, 166.52624309062958], [529.4051909446716, 162.28801757097244], [519.9339199066162, 274.0521803498268]]",dino_linear/triangles/V01_f0000086.svg
V01_f0000047,directional,directional,train,V01,1.5666666666666667,16.156,0.9278698588090853,0.3908509645728712,0.29485899209976196,0.015695514157414436,1,0.0,0.08242514852264232,0.654231540003083,0.7909794054608145,119.30161622436093,371.68937304352306,22171.571468755857,models_disagree,../../dataset/images/V01_f0000047.png,directional/overlays/V01_f0000047.jpg,quality/directional/entropy/V01_f0000047.jpg,quality/disagreement/V01_f0000047.jpg,,,,"[[159.3808452785015, 145.59057354927063], [539.2777497768402, 142.37158745527267], [515.9609010219574, 259.4584822654724]]",directional/triangles/V01_f0000047.svg
V01_f0000059,directional,directional,train,V01,1.9666666666666668,16.156,0.92440996864169,0.40664845173041897,0.30488497018814087,0.012942615896463394,1,0.0,0.07532722513089005,0.7080799304952216,0.8290946083418108,112.80164429850424,360.56573035830405,20336.203631053904,models_disagree,../../dataset/images/V01_f0000059.png,directional/overlays/V01_f0000059.jpg,quality/directional/entropy/V01_f0000059.jpg,quality/disagreement/V01_f0000059.jpg,,,,"[[158.03188094496727, 157.2372503578663], [526.6192526817322, 156.2727838754654], [504.9877727031708, 267.31114089488983]]",directional/triangles/V01_f0000059.svg
V01_f0000092,unet_small,unet_small,test,V01,3.066666666666667,16.156,0.915955934612651,0.37438246654091445,0.33437731862068176,0.015070336870849133,1,0.0,0.07002488852017007,0.49163688348820583,0.6591911059996166,97.42837526928658,380.95896213181845,18558.10636238837,models_disagree,../../dataset/images/V01_f0000092.png,unet_small/overlays/V01_f0000092.jpg,quality/unet_small/entropy/V01_f0000092.jpg,quality/disagreement/V01_f0000092.jpg,,,,"[[177.3442056775093, 163.64247724413872], [569.325884103775, 161.526907235384], [552.7363250255585, 258.85435938835144]]",unet_small/triangles/V01_f0000092.svg
V02_f0000011,directional,directional,train,V02,0.3666666666666667,16.142,0.9234769687964339,0.3961107349732942,0.31165140867233276,0.013979229144752026,1,0.0,0.06958472117760825,0.6531121812020688,0.7901607508900637,117.31050816877051,324.710083513424,19045.952452241843,models_disagree,../../dataset/images/V02_f0000011.png,directional/overlays/V02_f0000011.jpg,quality/directional/entropy/V02_f0000011.jpg,quality/disagreement/V02_f0000011.jpg,,,,"[[214.36532020568848, 138.78239715099335], [548.7306332588196, 133.9784415960312], [514.903256893158, 243.82557785511017]]",directional/triangles/V02_f0000011.svg
V01_f0000048,directional,directional,train,V01,1.6,16.114,0.925288216798922,0.44040043052551275,0.30204829573631287,0.008709569461643696,1,0.0,0.08438336745944243,0.5121221830609848,0.6773555586947309,113.95875732280302,398.5532699658384,22709.31768612329,models_disagree,../../dataset/images/V01_f0000048.png,directional/overlays/V01_f0000048.jpg,quality/directional/entropy/V01_f0000048.jpg,quality/disagreement/V01_f0000048.jpg,,,,"[[161.43810704350471, 150.97073838114738], [571.2771797180176, 148.5942229628563], [545.3312315940857, 259.55405831336975]]",directional/triangles/V01_f0000048.svg
V01_f0000047,unet_small,unet_small,train,V01,1.5666666666666667,16.106,0.9281886387995713,0.3908509645728712,0.2898316979408264,0.015516690909862518,1,0.0,0.08247760685105769,0.7069486404833837,0.8283185840707965,123.13276187691609,360.5432349729099,22197.342149126158,models_disagree,../../dataset/images/V01_f0000047.png,unet_small/overlays/V01_f0000047.jpg,quality/unet_small/entropy/V01_f0000047.jpg,quality/disagreement/V01_f0000047.jpg,,,,"[[162.11385041475296, 156.76132589578629], [524.8360843658447, 151.44633874297142], [513.831887960434, 274.173840880394]]",unet_small/triangles/V01_f0000047.svg
V02_f0000040,unet_small,unet_small,train,V02,1.3333333333333335,16.099,0.9224079126875853,0.2506349690135122,0.31283923983573914,0.03170952945947647,1,0.0,0.07452710556905844,0.8150707469562356,0.8981145757795505,110.97798521029578,361.39443258268557,20053.412997122257,,../../dataset/images/V02_f0000040.png,unet_small/overlays/V02_f0000040.jpg,quality/unet_small/entropy/V02_f0000040.jpg,quality/disagreement/V02_f0000040.jpg,,,,"[[155.39075195789337, 170.99174880981445], [515.7475519180298, 165.32322615385056], [513.1034660339355, 275.87770307064056]]",unet_small/triangles/V02_f0000040.svg
V01_f0000019,baseline,baseline,train,V01,0.6333333333333334,16.097,0.909197285279663,0.42581543357199686,0.35865268111228943,0.006825605407357216,1,0.0,0.05448705079301345,0.7065374303980202,0.8280362537764351,98.28869241060238,304.5064093787181,14964.768404240896,models_disagree,../../dataset/images/V01_f0000019.png,baseline/overlays/V01_f0000019.jpg,quality/baseline/entropy/V01_f0000019.jpg,quality/disagreement/V01_f0000019.jpg,,,,"[[163.1513347029686, 154.19624000787735], [463.5526851415634, 166.65905714035034], [470.79254829883575, 262.77436316013336]]",baseline/triangles/V01_f0000019.svg
V02_f0000091,dino_pyramid,dino_pyramid,test,V02,3.0333333333333337,16.087,0.9265473001550825,0.433495751036863,0.2962401807308197,0.00972187239676714,1,0.0,0.08930232558139535,0.38100063331222295,0.5517747408970008,114.5288163280188,410.45498188396266,23504.461615554323,models_disagree,../../dataset/images/V02_f0000091.png,dino_pyramid/overlays/V02_f0000091.jpg,quality/dino_pyramid/entropy/V02_f0000091.jpg,quality/disagreement/V02_f0000091.jpg,,,,"[[135.64398407936096, 161.73812663555145], [554.0517997741699, 160.65828436613083], [545.2827072143555, 276.7208585739136]]",dino_pyramid/triangles/V02_f0000091.svg
V01_f0000029,unet_small,unet_small,train,V01,0.9666666666666667,16.085,0.9261119081779053,0.39196065854180034,0.29842284321784973,0.014804130420088768,1,0.0,0.071380911711327,0.7970704913030211,0.8870776023093904,125.75987876648244,311.43811870573944,19583.21002584758,models_disagree,../../dataset/images/V01_f0000029.png,unet_small/overlays/V01_f0000029.jpg,quality/unet_small/entropy/V01_f0000029.jpg,quality/disagreement/V01_f0000029.jpg,,,,"[[185.64123290777206, 132.12226331233978], [491.8795875310898, 126.34594738483429], [493.1101235151291, 250.01710653305054]]",unet_small/triangles/V01_f0000029.svg
V02_f0000095,dino_pyramid,dino_pyramid,test,V02,3.166666666666667,16.08,0.9230769230769231,0.3685528044216423,0.308694064617157,0.017024056985974312,1,0.0,0.07849226804123711,0.744518103008669,0.8535515931014324,107.74511771697222,383.41583440009344,20655.592105994598,models_disagree,../../dataset/images/V02_f0000095.png,dino_pyramid/overlays/V02_f0000095.jpg,quality/dino_pyramid/entropy/V02_f0000095.jpg,quality/disagreement/V02_f0000095.jpg,,,,"[[159.41966593265533, 161.97937214374542], [551.7243432998657, 157.7379475235939], [545.6835508346558, 267.58320009708405]]",dino_pyramid/triangles/V02_f0000095.svg
V02_f0000084,dino_pyramid,dino_pyramid,val,V02,2.8000000000000003,16.059,0.9183673469387755,0.4370172311348782,0.32420814037323,0.007300905883312225,1,0.0,0.0695064935064935,0.35258814703675917,0.5213533000554631,102.16567434022079,360.28626224248904,18404.44446876076,models_disagree,../../dataset/images/V02_f0000084.png,dino_pyramid/overlays/V02_f0000084.jpg,quality/dino_pyramid/entropy/V02_f0000084.jpg,quality/disagreement/V02_f0000084.jpg,,,,"[[161.47756934165955, 173.50749450922012], [527.2872018814087, 163.61716431379318], [523.5028696060181, 267.10815465450287]]",dino_pyramid/triangles/V02_f0000084.svg
V01_f0000027,full,TopoFiberDINO Coordinate (ours),train,V01,0.9,16.056,0.9366447034972124,0.38219386413273415,0.26313549280166626,0.018251510336995125,1,0.0,0.1024145651503573,0.828786668188563,0.906378729247285,147.5238655970654,381.343089333542,28128.60332860558,models_disagree,../../dataset/images/V01_f0000027.png,full/overlays/V01_f0000027.jpg,quality/full/entropy/V01_f0000027.jpg,quality/disagreement/V01_f0000027.jpg,,,,"[[173.22838348150253, 132.89344310760498], [573.9734600782394, 121.36168777942657], [525.394161105156, 257.45871663093567]]",full/triangles/V01_f0000027.svg
V01_f0000084,baseline,baseline,val,V01,2.8000000000000003,16.056,0.9291524922348765,0.3864888416264197,0.2929147183895111,0.016027243807911873,1,0.0,0.08463636363636363,0.5165209387942936,0.6811919645566548,118.49676453256248,380.1808245539206,22525.09882348069,models_disagree,../../dataset/images/V01_f0000084.png,baseline/overlays/V01_f0000084.jpg,quality/baseline/entropy/V01_f0000084.jpg,quality/disagreement/V01_f0000084.jpg,,,,"[[153.4652468264103, 161.24968975782394], [542.4202717542648, 155.19418939948082], [525.7840605974197, 273.8281488418579]]",baseline/triangles/V01_f0000084.svg
V02_f0000075,unet_small,unet_small,val,V02,2.5,16.046,0.9227586206896552,0.3050964511622797,0.3116004168987274,0.024713193997740746,1,0.0,0.07224675324675325,0.43500261734426804,0.6062743190661478,109.08063566963233,350.51953054975996,19117.446603494463,,../../dataset/images/V02_f0000075.png,unet_small/overlays/V02_f0000075.jpg,quality/unet_small/entropy/V02_f0000075.jpg,quality/disagreement/V02_f0000075.jpg,,,,"[[161.35149836540222, 154.94055181741714], [518.3740139007568, 153.4254332780838], [508.36724281311035, 263.57788264751434]]",unet_small/triangles/V02_f0000075.svg
V02_f0000062,dino_linear,dino_linear,train,V02,2.066666666666667,16.045,0.9193267556587348,0.39309823915403863,0.32268932461738586,0.01293826662003994,1,0.0,0.06521139162318802,0.7918180080290576,0.8838152139123013,106.70172641032315,327.00462238107144,17445.97887610806,models_disagree,../../dataset/images/V02_f0000062.png,dino_linear/overlays/V02_f0000062.jpg,quality/dino_linear/entropy/V02_f0000062.jpg,quality/disagreement/V02_f0000062.jpg,,,,"[[158.28776836395264, 165.86529290676117], [486.86498165130615, 167.56725299358368], [478.2973623275757, 274.13798010349274]]",dino_linear/triangles/V02_f0000062.svg
V02_f0000056,dino_linear,dino_linear,train,V02,1.8666666666666667,16.036,0.9125596184419714,0.41483507208210946,0.34228017926216125,0.008650068193674088,1,0.0,0.06271781568534969,0.6664067069604211,0.7998127998127998,95.09184510560519,354.2495520946093,16843.121768255303,models_disagree,../../dataset/images/V02_f0000056.png,dino_linear/overlays/V02_f0000056.jpg,quality/dino_linear/entropy/V02_f0000056.jpg,quality/disagreement/V02_f0000056.jpg,,,,"[[181.59039616584778, 139.0936957001686], [539.6980834007263, 142.13933664560318], [527.1766018867493, 236.71730637550354]]",dino_linear/triangles/V02_f0000056.svg
V01_f0000017,baseline,baseline,train,V01,0.5666666666666667,16.026,0.9007342942616263,0.40681451837029625,0.3881690800189972,0.00694294972345233,1,0.0,0.046962365591397846,0.6019772189984955,0.7515427958143279,89.0360717489142,290.09057865035555,12914.262787198546,models_disagree,../../dataset/images/V01_f0000017.png,baseline/overlays/V01_f0000017.jpg,quality/baseline/entropy/V01_f0000017.jpg,quality/disagreement/V01_f0000017.jpg,,,,"[[164.38562932610512, 144.504614174366], [451.9517517089844, 155.71542084217072], [463.4393515586853, 241.9888973236084]]",baseline/triangles/V01_f0000017.svg
V01_f0000020,full,TopoFiberDINO Coordinate (ours),train,V01,0.6666666666666667,16.023,0.9157598499061914,0.4105432920068541,0.3379763066768646,0.009843563660979271,1,0.0,0.06835981952793435,0.5658052370357693,0.7227019346376653,104.69640171767854,358.23983151374637,18753.210655718332,models_disagree,../../dataset/images/V01_f0000020.png,full/overlays/V01_f0000020.jpg,quality/full/entropy/V01_f0000020.jpg,quality/disagreement/V01_f0000020.jpg,,,,"[[178.57740142941475, 147.99576625227928], [560.3234814405441, 159.63665395975113], [517.1349450349808, 252.74844467639923]]",full/triangles/V01_f0000020.svg
V02_f0000067,dino_pyramid,dino_pyramid,train,V02,2.2333333333333334,16.017,0.9155271283634759,0.41150561655338497,0.3354339301586151,0.009639257565140724,1,0.0,0.05703889848699021,0.8921523634694815,0.9430026679602231,104.38528493060664,290.75829571839034,15175.443772250881,models_disagree,../../dataset/images/V02_f0000067.png,dino_pyramid/overlays/V02_f0000067.jpg,quality/dino_pyramid/entropy/V02_f0000067.jpg,quality/disagreement/V02_f0000067.jpg,,,,"[[186.90017223358154, 160.21286517381668], [479.2092490196228, 162.75712251663208], [479.7012162208557, 267.6925653219223]]",dino_pyramid/triangles/V02_f0000067.svg
V01_f0000020,dino_linear,dino_linear,train,V01,0.6666666666666667,16.016,0.9153449643140364,0.4105432920068541,0.33377858996391296,0.00971229001879692,1,0.0,0.06474502296065227,0.6161266836548962,0.7624732514922852,102.60787335538463,346.14090813679655,17758.391232609123,models_disagree,../../dataset/images/V01_f0000020.png,dino_linear/overlays/V01_f0000020.jpg,quality/dino_linear/entropy/V01_f0000020.jpg,quality/disagreement/V01_f0000020.jpg,,,,"[[178.54105126857758, 152.87235751748085], [521.9770212173462, 149.4060382246971], [507.46552753448486, 248.94672632217407]]",dino_linear/triangles/V01_f0000020.svg
V01_f0000017,dino_linear,dino_linear,train,V01,0.5666666666666667,16.012,0.9126778783958602,0.40681451837029625,0.34168681502342224,0.009562887251377106,1,0.0,0.059583333333333335,0.8305343511450382,0.9074228523769808,102.1673894593631,320.88135570475123,16391.80521926787,models_disagree,../../dataset/images/V01_f0000017.png,dino_linear/overlays/V01_f0000017.jpg,quality/dino_linear/entropy/V01_f0000017.jpg,quality/disagreement/V01_f0000017.jpg,,,,"[[190.31275928020477, 149.66391026973724], [517.9827241897583, 145.87349072098732], [490.1876754760742, 241.79884046316147]]",dino_linear/triangles/V01_f0000017.svg
V01_f0000084,dino_linear,dino_linear,val,V01,2.8000000000000003,16.01,0.9214669051878355,0.3864888416264197,0.3170475661754608,0.014069716446101665,1,0.0,0.06993506493506493,0.3190922375999312,0.4838057999348322,107.62568590439521,345.5256696669131,18593.7185977385,models_disagree,../../dataset/images/V01_f0000084.png,dino_linear/overlays/V01_f0000084.jpg,quality/dino_linear/entropy/V01_f0000084.jpg,quality/disagreement/V01_f0000084.jpg,,,,"[[159.34856593608856, 171.11829668283463], [509.6561772823334, 168.8351109623909], [502.1293089389801, 277.37903594970703]]",dino_linear/triangles/V01_f0000084.svg
V01_f0000085,baseline,baseline,val,V01,2.8333333333333335,16.008,0.9203411359099982,0.3675145499128482,0.3186683654785156,0.016178494319319725,1,0.0,0.06838961038961039,0.47415753566260077,0.6432928967113105,106.28201356316188,342.9466793551175,18224.531813330963,models_disagree,../../dataset/images/V01_f0000085.png,baseline/overlays/V01_f0000085.jpg,quality/baseline/entropy/V01_f0000085.jpg,quality/disagreement/V01_f0000085.jpg,,,,"[[175.67744278907776, 162.21977770328522], [523.0336858034134, 164.666298776865], [516.7076839208603, 271.9866782426834]]",baseline/triangles/V01_f0000085.svg
V02_f0000065,unet_small,unet_small,train,V02,2.166666666666667,16.003,0.9243992606284658,0.3900543900543901,0.3084633946418762,0.014247446320950985,1,0.0,0.06794502617801047,0.6266846361185984,0.7705053852526926,115.200793985972,315.9417239747465,18198.3687275938,models_disagree,../../dataset/images/V02_f0000065.png,unet_small/overlays/V02_f0000065.jpg,quality/unet_small/entropy/V02_f0000065.jpg,quality/disagreement/V02_f0000065.jpg,,,,"[[142.8170871734619, 176.12727761268616], [460.9801769256592, 174.5246067047119], [453.13754081726074, 289.9628561735153]]",unet_small/triangles/V02_f0000065.svg
V02_f0000012,baseline,baseline,train,V02,0.4,15.997,0.9138799816765919,0.3375383566314354,0.33715537190437317,0.018417345359921455,1,0.0,0.056726357250172575,0.6394683404098209,0.7800923319446008,106.45354466426139,293.27259391363964,15609.953587494714,,../../dataset/images/V02_f0000012.png,baseline/overlays/V02_f0000012.jpg,quality/baseline/entropy/V02_f0000012.jpg,quality/disagreement/V02_f0000012.jpg,,,,"[[217.91415810585022, 137.47184240818024], [503.2330298423767, 129.0462839603424], [503.8711953163147, 232.62765777111053]]",baseline/triangles/V02_f0000012.svg
V01_f0000066,full,TopoFiberDINO Coordinate (ours),train,V01,2.2,15.99,0.9209757773578423,0.44827433823854346,0.3124255836009979,0.006134826224297285,1,0.0,0.07312444374640072,0.5668896321070234,0.7235859124866596,112.77901374281316,347.6111087567676,19601.619005817007,models_disagree,../../dataset/images/V01_f0000066.png,full/overlays/V01_f0000066.jpg,quality/full/entropy/V01_f0000066.jpg,quality/disagreement/V01_f0000066.jpg,,,,"[[155.9240835905075, 164.50529918074608], [505.26658630371094, 154.77927401661873], [515.2033791542053, 267.52234250307083]]",full/triangles/V01_f0000066.svg
V02_f0000060,baseline,baseline,train,V02,2.0,15.983,0.9109409190371991,0.37813956724413833,0.3499298393726349,0.012611025013029575,1,0.0,0.05730971128608924,0.7700946927989429,0.8701169445135606,95.60594462287747,320.5789392038923,15324.626154394065,models_disagree,../../dataset/images/V02_f0000060.png,baseline/overlays/V02_f0000060.jpg,quality/baseline/entropy/V02_f0000060.jpg,quality/disagreement/V02_f0000060.jpg,,,,"[[176.7928397655487, 174.4933196902275], [498.38916063308716, 173.20783245563507], [500.44915437698364, 269.08116483688354]]",baseline/triangles/V02_f0000060.svg
V01_f0000088,dino_pyramid,dino_pyramid,val,V01,2.9333333333333336,15.975,0.9231915245820228,0.42717011556033324,0.309154748916626,0.009198976680636406,1,0.0,0.07541997427535761,0.47945372515546886,0.6481496744416055,110.16345355116806,364.61336620486105,20083.53381602212,models_disagree,../../dataset/images/V01_f0000088.png,dino_pyramid/overlays/V01_f0000088.jpg,quality/dino_pyramid/entropy/V01_f0000088.jpg,quality/disagreement/V01_f0000088.jpg,,,,"[[149.99275130033493, 175.41085928678513], [518.684153676033, 167.82063245773315], [516.8593281507492, 279.1487127542496]]",dino_pyramid/triangles/V01_f0000088.svg
V02_f0000065,dino_linear,dino_linear,train,V02,2.166666666666667,15.975,0.9169002803364037,0.3900543900543901,0.3324613571166992,0.012420550920069218,1,0.0,0.06257853403141361,0.8374055194234488,0.9115086578015881,101.6700144213314,329.50282001442224,16750.278231367836,models_disagree,../../dataset/images/V02_f0000065.png,dino_linear/overlays/V02_f0000065.jpg,quality/dino_linear/entropy/V02_f0000065.jpg,quality/disagreement/V02_f0000065.jpg,,,,"[[153.67173314094543, 174.38784444332123], [485.08211374282837, 170.5460844039917], [480.716392993927, 272.567142367363]]",dino_linear/triangles/V02_f0000065.svg
V02_f0000095,full,TopoFiberDINO Coordinate (ours),test,V02,3.166666666666667,15.971,0.9319579177483263,0.3685528044216423,0.2817114591598511,0.018478447571396828,1,0.0,0.09003865979381444,0.8730729701952723,0.9322359396433471,122.29972756470191,389.03177504765483,23789.24005117029,models_disagree,../../dataset/images/V02_f0000095.png,full/overlays/V02_f0000095.jpg,quality/full/entropy/V02_f0000095.jpg,quality/disagreement/V02_f0000095.jpg,,,,"[[155.4496943950653, 151.29246586561203], [561.7776274681091, 150.1791853904724], [535.8106112480164, 272.3213938474655]]",full/triangles/V02_f0000095.svg
V02_f0000078,unet_small,unet_small,val,V02,2.6,15.97,0.9185755189692197,0.3678676753429927,0.32639917731285095,0.01554835680872202,1,0.0,0.06966233766233766,0.4547504933746828,0.6251937984496124,101.56561145227828,363.3389845855678,18451.373066941553,models_disagree,../../dataset/images/V02_f0000078.png,unet_small/overlays/V02_f0000078.jpg,quality/unet_small/entropy/V02_f0000078.jpg,quality/disagreement/V02_f0000078.jpg,,,,"[[176.79347813129425, 148.4736362695694], [546.3412427902222, 140.55960434675217], [538.9047574996948, 243.16145050525665]]",unet_small/triangles/V02_f0000078.svg
V01_f0000095,dino_pyramid,dino_pyramid,test,V01,3.166666666666667,15.957,0.9223019386353228,0.3016537158796574,0.31193599104881287,0.024595119059085846,1,0.0,0.08116366084490996,0.5113410682554614,0.6766719690158379,106.09554587132189,406.57204821312286,21567.741695596334,,../../dataset/images/V01_f0000095.png,dino_pyramid/overlays/V01_f0000095.jpg,quality/dino_pyramid/entropy/V01_f0000095.jpg,quality/disagreement/V01_f0000095.jpg,,,,"[[154.70838236808777, 157.3888063430786], [567.705148935318, 154.92139756679535], [562.0463616847992, 262.3615264892578]]",dino_pyramid/triangles/V01_f0000095.svg
V01_f0000061,full,TopoFiberDINO Coordinate (ours),train,V01,2.033333333333333,15.949,0.9171118069626082,0.3619737750172533,0.3329528570175171,0.015850665047764778,1,0.0,0.06777341968439296,0.7945993031358886,0.8855450927094457,104.06633888811554,347.9469438556897,18104.782287185157,models_disagree,../../dataset/images/V01_f0000061.png,full/overlays/V01_f0000061.jpg,quality/full/entropy/V01_f0000061.jpg,quality/disagreement/V01_f0000061.jpg,,,,"[[180.43861457705498, 186.22228503227234], [561.8402733802795, 182.5365163385868], [521.4397730827332, 279.2762741446495]]",full/triangles/V01_f0000061.svg
V02_f0000062,full,TopoFiberDINO Coordinate (ours),train,V02,2.066666666666667,15.946,0.912382476495299,0.39309823915403863,0.3429151773452759,0.010880213230848312,1,0.0,0.06281951873414728,0.7818922062815045,0.8775976498748776,95.50764999541202,352.1120825963448,16814.698771883654,models_disagree,../../dataset/images/V02_f0000062.png,full/overlays/V02_f0000062.jpg,quality/full/entropy/V02_f0000062.jpg,quality/disagreement/V02_f0000062.jpg,,,,"[[165.17743706703186, 173.64283007383347], [522.0507001876831, 168.17834734916687], [509.03594970703125, 262.98738622665405]]",full/triangles/V02_f0000062.svg
V02_f0000078,full,TopoFiberDINO Coordinate (ours),val,V02,2.6,15.942,0.9197520234200103,0.3678676753429927,0.3221837878227234,0.01564333401620388,2,0.0005378271782000565,0.07244155844155845,0.5237957471430638,0.6874881336624264,105.59513316885196,363.54522301666213,19194.30311867221,models_disagree,../../dataset/images/V02_f0000078.png,full/overlays/V02_f0000078.jpg,quality/full/entropy/V02_f0000078.jpg,quality/disagreement/V02_f0000078.jpg,,,,"[[170.58825016021729, 133.3112044930458], [539.2161297798157, 143.2184767127037], [542.1483063697815, 250.13057446479797]]",full/triangles/V02_f0000078.svg
V01_f0000077,baseline,baseline,val,V01,2.566666666666667,15.94,0.9210150107219442,0.34897190848537507,0.32064664363861084,0.018307330086827278,1,0.0,0.06928756476683938,0.6550266207328531,0.7915602232945407,104.63396989424913,351.6330839666518,18396.38276079431,,../../dataset/images/V01_f0000077.png,baseline/overlays/V01_f0000077.jpg,quality/baseline/entropy/V01_f0000077.jpg,quality/disagreement/V01_f0000077.jpg,,,,"[[176.67132186889648, 142.67466589808464], [535.391291975975, 144.14506405591965], [523.2848278284073, 249.5475634932518]]",baseline/triangles/V01_f0000077.svg
V01_f0000015,unet_small,unet_small,train,V01,0.5,15.931,0.9147617202634638,0.24506767942350768,0.33995169401168823,0.02984277717769146,1,0.0,0.06591921651525895,0.9240681998413958,0.9605358062854199,98.82511775468902,366.1364035800755,18091.736599039654,,../../dataset/images/V01_f0000015.png,unet_small/overlays/V01_f0000015.jpg,quality/unet_small/entropy/V01_f0000015.jpg,quality/disagreement/V01_f0000015.jpg,,,,"[[178.5380418598652, 142.6605060696602], [539.5255951881409, 143.93394067883492], [529.7128748893738, 240.40617048740387]]",unet_small/triangles/V01_f0000015.svg
V01_f0000079,directional,directional,val,V01,2.6333333333333333,15.928,0.9242088607594937,0.40086584004585635,0.30560633540153503,0.012480877339839935,1,0.0,0.07913287545432204,0.7943758127438232,0.8854062868013407,111.17375621756268,376.7317214285835,20941.34027876204,models_disagree,../../dataset/images/V01_f0000079.png,directional/overlays/V01_f0000079.jpg,quality/directional/entropy/V01_f0000079.jpg,quality/disagreement/V01_f0000079.jpg,,,,"[[155.69946432113647, 151.15781128406525], [544.6904398202896, 149.8591974377632], [524.2633227109909, 260.81961393356323]]",directional/triangles/V01_f0000079.svg
V01_f0000091,baseline,baseline,val,V01,3.0333333333333337,15.926,0.9193214729002896,0.3999728555917481,0.32154953479766846,0.011479131877422333,1,0.0,0.059342701196144466,0.5829406220546655,0.7365287287883299,109.17736067925313,288.7042816909898,15759.985745910943,models_disagree,../../dataset/images/V01_f0000091.png,baseline/overlays/V01_f0000091.jpg,quality/baseline/entropy/V01_f0000091.jpg,quality/disagreement/V01_f0000091.jpg,,,,"[[163.08292996883392, 168.48179697990417], [456.53244638442993, 162.13374584913254], [456.8507194519043, 273.1115520000458]]",baseline/triangles/V01_f0000091.svg
V02_f0000091,full,TopoFiberDINO Coordinate (ours),test,V02,3.0333333333333337,15.926,0.9173155357804968,0.433495751036863,0.32994505763053894,0.006837728898972273,1,0.0,0.06582687338501292,0.377710386656558,0.548316090688972,101.69443640111928,344.7854849684692,17531.382786577527,models_disagree,../../dataset/images/V02_f0000091.png,full/overlays/V02_f0000091.jpg,quality/full/entropy/V02_f0000091.jpg,quality/disagreement/V02_f0000091.jpg,,,,"[[172.42792010307312, 162.65550380945206], [523.9162802696228, 161.83130776882172], [532.2931408882141, 264.8413118124008]]",full/triangles/V02_f0000091.svg
V02_f0000085,dino_pyramid,dino_pyramid,val,V02,2.8333333333333335,15.902,0.9269865067466266,0.44216582642627245,0.2956731915473938,0.007812852039933205,1,0.0,0.08337662337662338,0.35451860602480806,0.5234606663178092,115.80320599835326,381.1655971785367,22070.099084775713,models_disagree,../../dataset/images/V02_f0000085.png,dino_pyramid/overlays/V02_f0000085.jpg,quality/dino_pyramid/entropy/V02_f0000085.jpg,quality/disagreement/V02_f0000085.jpg,,,,"[[148.71183156967163, 167.4950041770935], [536.3387775421143, 159.7725397348404], [529.229736328125, 276.965224981308]]",dino_pyramid/triangles/V02_f0000085.svg
V02_f0000052,dino_linear,dino_linear,train,V02,1.7333333333333334,15.9,0.9195298372513563,0.4140979982807319,0.32080644369125366,0.009631065651774406,1,0.0,0.06984251968503936,0.6887878787878788,0.815718643459537,106.32016346999083,353.05264130725755,18768.30726864983,models_disagree,../../dataset/images/V02_f0000052.png,dino_linear/overlays/V02_f0000052.jpg,quality/dino_linear/entropy/V02_f0000052.jpg,quality/disagreement/V02_f0000052.jpg,,,,"[[158.03545117378235, 156.63859963417053], [511.8980813026428, 158.22232222557068], [504.2181658744812, 264.2647479772568]]",dino_linear/triangles/V02_f0000052.svg
V02_f0000047,dino_pyramid,dino_pyramid,train,V02,1.5666666666666667,15.899,0.9217504172074912,0.40381042728961614,0.3134460151195526,0.011410163715481758,1,0.0,0.06790317510216913,0.8987412069603851,0.9466705664424295,112.221032405085,324.8606889662525,18228.10095181003,models_disagree,../../dataset/images/V02_f0000047.png,dino_pyramid/overlays/V02_f0000047.jpg,quality/dino_pyramid/entropy/V02_f0000047.jpg,quality/disagreement/V02_f0000047.jpg,,,,"[[173.28808665275574, 161.0558534860611], [499.0182638168335, 151.6691918373108], [497.3573112487793, 264.1181548833847]]",dino_pyramid/triangles/V02_f0000047.svg
V01_f0000050,full,TopoFiberDINO Coordinate (ours),train,V01,1.6666666666666667,15.895,0.9342087984241628,0.3894638847817754,0.2744884788990021,0.01599074713885784,1,0.0,0.0970976253298153,0.7390926850444975,0.8499750374438343,135.10369348336627,387.8644091786239,26200.95712538788,models_disagree,../../dataset/images/V01_f0000050.png,full/overlays/V01_f0000050.jpg,quality/full/entropy/V01_f0000050.jpg,quality/disagreement/V01_f0000050.jpg,,,,"[[175.26698940992355, 135.4634128510952], [585.5391796827316, 125.33007189631462], [543.3592072725296, 253.1556934118271]]",full/triangles/V01_f0000050.svg
V01_f0000056,directional,directional,train,V01,1.8666666666666667,15.894,0.9228783478541465,0.43916219514233656,0.31033214926719666,0.007224387023597956,1,0.0,0.07838582677165354,0.6331826552821028,0.7753972321886212,110.08060744363073,382.35992439030093,21045.20636949252,models_disagree,../../dataset/images/V01_f0000056.png,directional/overlays/V01_f0000056.jpg,quality/directional/entropy/V01_f0000056.jpg,quality/disagreement/V01_f0000056.jpg,,,,"[[164.53146702051163, 145.64459770917892], [555.8926328420639, 144.34734731912613], [533.2068358659744, 252.16763466596603]]",directional/triangles/V01_f0000056.svg
V02_f0000086,baseline,baseline,val,V02,2.8666666666666667,15.893,0.9221220880802584,0.3060212812983486,0.31403154134750366,0.02369149588048458,1,0.0,0.07343782437201578,0.5082897033158813,0.6739947931732716,107.42277355407857,362.43893507241677,19467.097824732806,,../../dataset/images/V02_f0000086.png,baseline/overlays/V02_f0000086.jpg,quality/baseline/entropy/V02_f0000086.jpg,quality/disagreement/V02_f0000086.jpg,,,,"[[160.07519245147705, 178.62575805187225], [528.7269043922424, 170.13782620429993], [521.0059332847595, 278.6737835407257]]",baseline/triangles/V02_f0000086.svg
V01_f0000012,directional,directional,train,V01,0.4,15.881,0.9214512810922012,0.42300769104892816,0.31716227531433105,0.00885414145886898,1,0.0,0.06963414634146342,0.7890818858560794,0.8821081830790569,115.7646894064759,333.8639681511537,19324.829288515935,models_disagree,../../dataset/images/V01_f0000012.png,directional/overlays/V01_f0000012.jpg,quality/directional/entropy/V01_f0000012.jpg,quality/disagreement/V01_f0000012.jpg,,,,"[[207.14531874656677, 135.31222566962242], [550.4041706323624, 131.10114634037018], [514.2464121580124, 237.31771856546402]]",directional/triangles/V01_f0000012.svg
V02_f0000052,full,TopoFiberDINO Coordinate (ours),train,V02,1.7333333333333334,15.877,0.9263842614627955,0.4140979982807319,0.3009870648384094,0.011060483753681183,1,0.0,0.07973753280839894,0.8206854345165239,0.9015126050420168,120.35788713809933,356.40696698987017,21448.194754099542,models_disagree,../../dataset/images/V02_f0000052.png,full/overlays/V02_f0000052.jpg,quality/full/entropy/V02_f0000052.jpg,quality/disagreement/V02_f0000052.jpg,,,,"[[154.0570306777954, 140.4413222670555], [511.6615104675293, 146.71291410923004], [519.6207046508789, 266.8073445558548]]",full/triangles/V02_f0000052.svg
V02_f0000085,directional,directional,val,V02,2.8333333333333335,15.874,0.9232036914963744,0.44216582642627245,0.3115481734275818,0.0068193040788173676,1,0.0,0.07624675324675324,0.3433001107419712,0.5111294311624073,108.2673492083089,371.0686142767012,20087.307621069445,models_disagree,../../dataset/images/V02_f0000085.png,directional/overlays/V02_f0000085.jpg,quality/directional/entropy/V02_f0000085.jpg,quality/disagreement/V02_f0000085.jpg,,,,"[[145.4786092042923, 169.38178837299347], [526.8800497055054, 168.64423072338104], [509.0410566329956, 276.9527859687805]]",directional/triangles/V02_f0000085.svg
V02_f0000091,directional,directional,test,V02,3.0333333333333337,15.871,0.9249757986447241,0.433495751036863,0.30405548214912415,0.008286628872156143,1,0.0,0.07682170542635659,0.4589634414917046,0.6291637315085036,112.11964231104879,363.41737443836087,20373.113015824754,models_disagree,../../dataset/images/V02_f0000091.png,directional/overlays/V02_f0000091.jpg,quality/directional/entropy/V02_f0000091.jpg,quality/disagreement/V02_f0000091.jpg,,,,"[[148.3970671892166, 161.46143662929535], [523.2604908943176, 163.07237792015076], [503.27338457107544, 275.25069212913513]]",directional/triangles/V02_f0000091.svg
V01_f0000087,dino_pyramid,dino_pyramid,val,V01,2.9000000000000004,15.867,0.921547745828896,0.4172422389394806,0.3151087164878845,0.009527974762022495,1,0.0,0.07033766233766234,0.9197143852316266,0.9581783543499954,109.13916155220322,342.5460589412691,18692.59483293085,models_disagree,../../dataset/images/V01_f0000087.png,dino_pyramid/overlays/V01_f0000087.jpg,quality/dino_pyramid/entropy/V01_f0000087.jpg,quality/disagreement/V01_f0000087.jpg,,,,"[[172.68536627292633, 167.64698177576065], [519.390428185463, 162.8275215625763], [516.4718261957169, 273.1739804148674]]",dino_pyramid/triangles/V01_f0000087.svg
V01_f0000045,baseline,baseline,train,V01,1.5,15.853,0.9165396341463414,0.2747800586510264,0.3321663439273834,0.02613774873316288,1,0.0,0.06673319851879086,0.7531409168081494,0.8591903931822584,102.55727003316078,348.91534539606664,17891.902648248983,,../../dataset/images/V01_f0000045.png,baseline/overlays/V01_f0000045.jpg,quality/baseline/entropy/V01_f0000045.jpg,quality/disagreement/V01_f0000045.jpg,,,,"[[165.0692021548748, 153.66815775632858], [513.8816368579865, 154.90370616316795], [514.7235720157623, 257.4208304286003]]",baseline/triangles/V01_f0000045.svg
V02_f0000079,full,TopoFiberDINO Coordinate (ours),val,V02,2.6333333333333333,15.851,0.9143829482357155,0.3876672327999761,0.3401550054550171,0.011531916446983814,1,0.0,0.06923027041047922,0.8409377817853922,0.9135971786833855,101.4581800479413,362.3583068846971,18382.107170887382,models_disagree,../../dataset/images/V02_f0000079.png,full/overlays/V02_f0000079.jpg,quality/full/entropy/V02_f0000079.jpg,quality/disagreement/V02_f0000079.jpg,,,,"[[158.54544281959534, 149.60833948850632], [568.9267230033875, 156.9630171060562], [521.2840104103088, 248.01625442504883]]",full/triangles/V02_f0000079.svg
V02_f0000061,dino_linear,dino_linear,train,V02,2.033333333333333,15.827,0.9211501146586699,0.3988207366567118,0.314763605594635,0.01154296100139618,1,0.0,0.07100203425421615,0.6100694444444444,0.7578175544533103,108.46763845798756,352.36942529246403,19110.339713135923,models_disagree,../../dataset/images/V02_f0000061.png,dino_linear/overlays/V02_f0000061.jpg,quality/dino_linear/entropy/V02_f0000061.jpg,quality/disagreement/V02_f0000061.jpg,,,,"[[165.79920530319214, 165.39685708284378], [525.2624559402466, 168.2185400724411], [503.70091438293457, 274.67885422706604]]",dino_linear/triangles/V02_f0000061.svg
V01_f0000012,dino_linear,dino_linear,train,V01,0.4,15.826,0.9160136628491059,0.42300769104892816,0.33476337790489197,0.007357473019510508,1,0.0,0.06463414634146342,0.8142252669756196,0.8976010661928032,107.87351758540557,332.3596737980528,17926.403558066955,models_disagree,../../dataset/images/V01_f0000012.png,dino_linear/overlays/V01_f0000012.jpg,quality/dino_linear/entropy/V01_f0000012.jpg,quality/disagreement/V01_f0000012.jpg,,,,"[[211.69030010700226, 137.8086805343628], [560.2554513216019, 135.35699620842934], [520.9914835691452, 232.25829005241394]]",dino_linear/triangles/V01_f0000012.svg
V01_f0000098,dino_pyramid,dino_pyramid,test,V01,3.2666666666666666,15.808,0.9305119453924915,0.41113015424942023,0.2854422330856323,0.012011483311653137,1,0.0,0.0911939911939912,0.29681754786357295,0.4577630035197497,122.08573889452762,397.52929331607527,24266.328753356225,models_disagree,../../dataset/images/V01_f0000098.png,dino_pyramid/overlays/V01_f0000098.jpg,quality/dino_pyramid/entropy/V01_f0000098.jpg,quality/disagreement/V01_f0000098.jpg,,,,"[[166.37287551164627, 142.7668333053589], [569.403804063797, 138.91558349132538], [569.9432499408722, 262.69374042749405]]",dino_pyramid/triangles/V01_f0000098.svg
V01_f0000023,dino_linear,dino_linear,train,V01,0.7666666666666667,15.784,0.9132663118470333,0.4165052366328057,0.34386518597602844,0.007342844735831022,1,0.0,0.06515801794771751,0.5971473299704296,0.7477673709431496,98.21303788106539,366.34612001576886,17989.982681345016,models_disagree,../../dataset/images/V01_f0000023.png,dino_linear/overlays/V01_f0000023.jpg,quality/dino_linear/entropy/V01_f0000023.jpg,quality/disagreement/V01_f0000023.jpg,,,,"[[189.2961785197258, 135.29089093208313], [551.6719183921814, 138.264499604702], [534.9227232933044, 232.58026689291]]",dino_linear/triangles/V01_f0000023.svg
V02_f0000061,dino_pyramid,dino_pyramid,train,V02,2.033333333333333,15.776,0.9129930394431555,0.3988207366567118,0.3398461937904358,0.009450913406908512,1,0.0,0.054098037928997963,0.8345968297725707,0.9098422238918107,101.83376506445568,285.0725987047878,14515.008021408607,models_disagree,../../dataset/images/V02_f0000061.png,dino_pyramid/overlays/V02_f0000061.jpg,quality/dino_pyramid/entropy/V02_f0000061.jpg,quality/disagreement/V02_f0000061.jpg,,,,"[[211.91982865333557, 182.86047273874283], [497.5792121887207, 176.35538190603256], [495.5871105194092, 278.31443428993225]]",dino_pyramid/triangles/V02_f0000061.svg
V02_f0000084,directional,directional,val,V02,2.8000000000000003,15.775,0.9232839838492598,0.4370172311348782,0.3112887144088745,0.006984390784054995,1,0.0,0.07418181818181818,0.3220066171868014,0.4871482683982684,108.81906672053664,360.89655173762947,19636.212971374352,models_disagree,../../dataset/images/V02_f0000084.png,directional/overlays/V02_f0000084.jpg,quality/directional/entropy/V02_f0000084.jpg,quality/disagreement/V02_f0000084.jpg,,,,"[[152.5383710861206, 164.39829194545746], [522.3554134368896, 168.26194286346436], [505.00778675079346, 277.19363021850586]]",directional/triangles/V02_f0000084.svg
V01_f0000099,dino_pyramid,dino_pyramid,test,V01,3.3000000000000003,15.773,0.9236810653918388,0.45129145308738977,0.30997538566589355,0.005283195059746504,1,0.0,0.07379768898069847,0.2824142075043397,0.4404414827155352,114.00059074614023,339.88719990830674,19373.670788299216,models_disagree,../../dataset/images/V01_f0000099.png,dino_pyramid/overlays/V01_f0000099.jpg,quality/dino_pyramid/entropy/V01_f0000099.jpg,quality/disagreement/V01_f0000099.jpg,,,,"[[157.81733882427216, 152.22758799791336], [503.19636285305023, 152.37224847078323], [505.2979041337967, 268.1758180260658]]",dino_pyramid/triangles/V01_f0000099.svg
V01_f0000054,baseline,baseline,train,V01,1.8,15.771,0.8992537313432836,0.364826503690345,0.3835768699645996,0.010585101321339607,1,0.0,0.05278215223097113,0.8888088376560999,0.9411315956770502,80.45427099827371,355.18473563140856,14288.064487469775,models_disagree,../../dataset/images/V01_f0000054.png,baseline/overlays/V01_f0000054.jpg,quality/baseline/entropy/V01_f0000054.jpg,quality/disagreement/V01_f0000054.jpg,,,,"[[183.9550025165081, 162.7979502081871], [539.552617430687, 161.81617230176926], [535.8922773599625, 242.18713492155075]]",baseline/triangles/V01_f0000054.svg
V01_f0000079,dino_linear,dino_linear,val,V01,2.6333333333333333,15.764,0.9122182680901542,0.40086584004585635,0.3424898684024811,0.00896174181252718,1,0.0,0.062486257162443576,0.8543449324966723,0.9214520098441346,95.10273986902766,348.69781196188677,16581.05865195522,models_disagree,../../dataset/images/V01_f0000079.png,dino_linear/overlays/V01_f0000079.jpg,quality/dino_linear/entropy/V01_f0000079.jpg,quality/disagreement/V01_f0000079.jpg,,,,"[[162.25389406085014, 152.01815217733383], [516.5439521074295, 153.89452502131462], [511.3461912870407, 250.26974827051163]]",dino_linear/triangles/V01_f0000079.svg
V01_f0000088,baseline,baseline,val,V01,2.9333333333333336,15.749,0.9156832889227255,0.42717011556033324,0.3366576135158539,0.006377166602760553,1,0.0,0.06536397770530993,0.460025706940874,0.6301611057311383,97.80177090983287,355.7541870558322,17396.694751324165,models_disagree,../../dataset/images/V01_f0000088.png,baseline/overlays/V01_f0000088.jpg,quality/baseline/entropy/V01_f0000088.jpg,quality/disagreement/V01_f0000088.jpg,,,,"[[146.31090831756592, 173.0486936867237], [506.6997641324997, 169.2170687019825], [500.98053896427155, 267.9004669189453]]",baseline/triangles/V01_f0000088.svg
V02_f0000025,directional,directional,train,V02,0.8333333333333334,15.745,0.9273425755804242,0.45948982867816596,0.29817861318588257,0.004940583370625973,1,0.0,0.07760036619187377,0.6401706700379267,0.780614702765199,124.63136573209938,342.0308427306336,21313.88552600988,models_disagree,../../dataset/images/V02_f0000025.png,directional/overlays/V02_f0000025.jpg,quality/directional/entropy/V02_f0000025.jpg,quality/disagreement/V02_f0000025.jpg,,,,"[[196.2964153289795, 134.90149211883545], [549.0906715393066, 123.29363077878952], [513.8296508789062, 239.90588450431824]]",directional/triangles/V02_f0000025.svg
V02_f0000075,full,TopoFiberDINO Coordinate (ours),val,V02,2.5,15.731,0.9117530668777206,0.3050964511622797,0.34715208411216736,0.0206622164696455,1,0.0,0.06272727272727273,0.42712897694799007,0.5985849686290214,105.66199901216383,314.08274557673093,16593.305376433123,,../../dataset/images/V02_f0000075.png,full/overlays/V02_f0000075.jpg,quality/full/entropy/V02_f0000075.jpg,quality/disagreement/V02_f0000075.jpg,,,,"[[154.58241820335388, 152.98554253578186], [490.4015278816223, 151.43291747570038], [524.8607611656189, 252.8797299861908]]",full/triangles/V02_f0000075.svg
V01_f0000061,unet_small,unet_small,train,V01,2.033333333333333,15.727,0.9157446808510639,0.3619737750172533,0.3338817358016968,0.014432933181524277,1,0.0,0.07225603002306459,0.7647546419098143,0.8666979802724284,96.32700868034648,403.4275268563924,19430.48344069321,models_disagree,../../dataset/images/V01_f0000061.png,unet_small/overlays/V01_f0000061.jpg,quality/unet_small/entropy/V01_f0000061.jpg,quality/disagreement/V01_f0000061.jpg,,,,"[[148.66933572292328, 181.7905269563198], [560.7215725183487, 180.75985461473465], [544.9621607065201, 276.51192247867584]]",unet_small/triangles/V01_f0000061.svg
V01_f0000019,unet_small,unet_small,train,V01,0.6333333333333334,15.726,0.9181166837256909,0.42581543357199686,0.3262041211128235,0.006978664547204971,1,0.0,0.06263802449307368,0.7163833075734157,0.834759117514633,109.36735782431168,314.4185170366365,17193.56122966763,models_disagree,../../dataset/images/V01_f0000019.png,unet_small/overlays/V01_f0000019.jpg,quality/unet_small/entropy/V01_f0000019.jpg,quality/disagreement/V01_f0000019.jpg,,,,"[[169.12317538261414, 160.27801483869553], [477.5049033164978, 153.9708450436592], [476.84428191185, 261.220782995224]]",unet_small/triangles/V01_f0000019.svg
V01_f0000061,dino_linear,dino_linear,train,V01,2.033333333333333,15.726,0.9226916012689932,0.3619737750172533,0.3122608959674835,0.015987541526556015,1,0.0,0.07525312414485086,0.7877691928324839,0.8812873563218391,109.45521620925281,366.85055740350964,20076.85353854303,models_disagree,../../dataset/images/V01_f0000061.png,dino_linear/overlays/V01_f0000061.jpg,quality/dino_linear/entropy/V01_f0000061.jpg,quality/disagreement/V01_f0000061.jpg,,,,"[[159.8337800204754, 170.43961957097054], [538.363588809967, 173.06048423051834], [513.7542676925659, 280.5449366569519]]",dino_linear/triangles/V01_f0000061.svg
V02_f0000054,baseline,baseline,train,V02,1.8,15.723,0.9039059032401243,0.38785921557614905,0.37265413999557495,0.008509372361004353,1,0.0,0.056220472440944885,0.8790751445086705,0.9356466100652148,84.44305494629035,357.6410005984533,15100.149332290724,models_disagree,../../dataset/images/V02_f0000054.png,baseline/overlays/V02_f0000054.jpg,quality/baseline/entropy/V02_f0000054.jpg,quality/disagreement/V02_f0000054.jpg,,,,"[[185.72461545467377, 164.6306317448616], [548.8628125190735, 153.52329576015472], [537.0828366279602, 237.23762714862823]]",baseline/triangles/V02_f0000054.svg
V02_f0000060,dino_pyramid,dino_pyramid,train,V02,2.0,15.715,0.9072008113590264,0.37813956724413833,0.36245888471603394,0.010425977408885956,1,0.0,0.04951443569553806,0.9395518499218343,0.968833960236432,92.07374521864045,287.1657665611844,13220.213812935037,models_disagree,../../dataset/images/V02_f0000060.png,dino_pyramid/overlays/V02_f0000060.jpg,quality/dino_pyramid/entropy/V02_f0000060.jpg,quality/disagreement/V02_f0000060.jpg,,,,"[[215.9609091281891, 179.90103548765182], [504.03271436691284, 175.6225056052208], [503.3946490287781, 267.97286665439606]]",dino_pyramid/triangles/V02_f0000060.svg
V02_f0000046,unet_small,unet_small,train,V02,1.5333333333333334,15.705,0.9281142294436239,0.4144691584498968,0.2928290069103241,0.010543905198574066,1,0.0,0.07713929204702173,0.6621379133555498,0.796730413325108,123.15434163821998,335.8055764730165,20677.95734448864,models_disagree,../../dataset/images/V02_f0000046.png,unet_small/overlays/V02_f0000046.jpg,quality/unet_small/entropy/V02_f0000046.jpg,quality/disagreement/V02_f0000046.jpg,,,,"[[160.40088415145874, 155.5578099489212], [500.0413513183594, 145.8708063364029], [485.9795808792114, 268.41026067733765]]",unet_small/triangles/V02_f0000046.svg
V02_f0000049,unet_small,unet_small,train,V02,1.6333333333333333,15.695,0.9310897435897436,0.2961199499348379,0.2827492356300354,0.025955284014344215,1,0.0,0.09503947368421052,0.8259476775226908,0.9046783625730994,124.55558648505925,409.4784624507155,25501.41502177459,,../../dataset/images/V02_f0000049.png,unet_small/overlays/V02_f0000049.jpg,quality/unet_small/entropy/V02_f0000049.jpg,quality/disagreement/V02_f0000049.jpg,,,,"[[150.17358899116516, 153.3022580742836], [560.2913117408752, 145.1924343109131], [555.9264922142029, 269.70298171043396]]",unet_small/triangles/V02_f0000049.svg
V01_f0000067,baseline,baseline,train,V01,2.2333333333333334,15.685,0.9204365079365079,0.3886078591960944,0.31842145323753357,0.011948451399803162,1,0.0,0.06318114105010061,0.8322121852777243,0.908423371446554,111.62066556595116,303.5268451285556,16939.934235191377,models_disagree,../../dataset/images/V01_f0000067.png,baseline/overlays/V01_f0000067.jpg,quality/baseline/entropy/V01_f0000067.jpg,quality/disagreement/V01_f0000067.jpg,,,,"[[163.88503104448318, 161.06172278523445], [468.7928024530411, 164.83072936534882], [464.4225915670395, 276.84279531240463]]",baseline/triangles/V01_f0000067.svg
V02_f0000075,baseline,baseline,val,V02,2.5,15.655,0.9285490931832395,0.3050964511622797,0.29266980290412903,0.024060413241386414,1,0.0,0.07998701298701298,0.3794182045667814,0.5501133786848073,119.76746319922732,353.39863152641334,21162.828797998503,,../../dataset/images/V02_f0000075.png,baseline/overlays/V02_f0000075.jpg,quality/baseline/entropy/V02_f0000075.jpg,quality/disagreement/V02_f0000075.jpg,,,,"[[158.42870950698853, 147.84878766536713], [519.8662376403809, 145.14938819408417], [504.87690925598145, 265.66311144828796]]",baseline/triangles/V02_f0000075.svg
V01_f0000096,dino_linear,dino_linear,test,V01,3.2,15.649,0.9268535648214031,0.4289195775792039,0.29536712169647217,0.008173552341759205,1,0.0,0.08706957585119393,0.6796558082360172,0.8092798594847775,114.9448212701354,400.6279220899235,23025.052450225994,models_disagree,../../dataset/images/V01_f0000096.png,dino_linear/overlays/V01_f0000096.jpg,quality/dino_linear/entropy/V01_f0000096.jpg,quality/disagreement/V01_f0000096.jpg,,,,"[[152.93113297224045, 162.64481842517853], [570.4746540784836, 152.44048833847046], [548.4667607545853, 267.4677148461342]]",dino_linear/triangles/V01_f0000096.svg
V01_f0000054,unet_small,unet_small,train,V01,1.8,15.622,0.9132040627885504,0.364826503690345,0.34210124611854553,0.012975674122571945,1,0.0,0.06788713910761154,0.6960120391271633,0.8207630878438332,94.97706442049328,385.0687762740517,18286.35098525056,models_disagree,../../dataset/images/V01_f0000054.png,unet_small/overlays/V01_f0000054.jpg,quality/unet_small/entropy/V01_f0000054.jpg,quality/disagreement/V01_f0000054.jpg,,,,"[[176.6007443666458, 167.10178926587105], [564.1445564031601, 161.6562232375145], [554.6727858781815, 256.15981221199036]]",unet_small/triangles/V01_f0000054.svg
V01_f0000095,baseline,baseline,test,V01,3.166666666666667,15.612,0.9267841910719363,0.3016537158796574,0.2966797947883606,0.023880094289779663,1,0.0,0.08776654280868473,0.4339496120318038,0.6052508517603046,114.55692632949302,406.39687643434115,23277.78851711245,,../../dataset/images/V01_f0000095.png,baseline/overlays/V01_f0000095.jpg,quality/baseline/entropy/V01_f0000095.jpg,quality/disagreement/V01_f0000095.jpg,,,,"[[147.4163727760315, 164.0118509531021], [562.7829550504684, 153.06801348924637], [551.0071512460709, 268.6391696333885]]",baseline/triangles/V01_f0000095.svg
V01_f0000040,baseline,baseline,train,V01,1.3333333333333335,15.595,0.9206673476336398,0.2288309405215353,0.3189505338668823,0.031520456075668335,1,0.0,0.07400262467191601,0.8578390186523274,0.923480463096961,106.22822544618755,375.05680213650754,19920.80926624154,,../../dataset/images/V01_f0000040.png,baseline/overlays/V01_f0000040.jpg,quality/baseline/entropy/V01_f0000040.jpg,quality/disagreement/V01_f0000040.jpg,,,,"[[158.17339807748795, 176.80418863892555], [534.6029517650604, 171.18468135595322], [527.0114498138428, 277.14378386735916]]",baseline/triangles/V01_f0000040.svg
V01_f0000098,directional,directional,test,V01,3.2666666666666666,15.585,0.9281103286384976,0.41113015424942023,0.29599350690841675,0.01035627257078886,1,0.0,0.08518518518518518,0.3822197055492639,0.5530520278574355,116.09109857410103,389.1697096027025,22589.569559770804,models_disagree,../../dataset/images/V01_f0000098.png,directional/overlays/V01_f0000098.jpg,quality/directional/entropy/V01_f0000098.jpg,quality/disagreement/V01_f0000098.jpg,,,,"[[155.54112696647644, 142.56007969379425], [555.9213033914566, 146.76817506551743], [534.6844180822372, 262.53797113895416]]",directional/triangles/V01_f0000098.svg
V02_f0000072,dino_linear,dino_linear,val,V02,2.4,15.565,0.9237824161922834,0.32428127428127423,0.3067901134490967,0.020142989233136177,1,0.0,0.07936197916666667,0.8287375167685199,0.9063493357241829,111.58608650353513,377.3424905272749,21053.08589471794,,../../dataset/images/V02_f0000072.png,dino_linear/overlays/V02_f0000072.jpg,quality/dino_linear/entropy/V02_f0000072.jpg,quality/disagreement/V02_f0000072.jpg,,,,"[[172.57846176624298, 150.27494126558304], [563.3141112327576, 146.1590994000435], [539.7214150428772, 256.39600253105164]]",dino_linear/triangles/V02_f0000072.svg
V01_f0000013,directional,directional,train,V01,0.43333333333333335,15.541,0.9212511499540018,0.4231454346951676,0.3167317509651184,0.007094069384038448,1,0.0,0.0700842998281787,0.6836211804896565,0.8120843196933829,113.80354283512507,339.34233080402294,19309.179739713403,models_disagree,../../dataset/images/V01_f0000013.png,directional/overlays/V01_f0000013.jpg,quality/directional/entropy/V01_f0000013.jpg,quality/disagreement/V01_f0000013.jpg,,,,"[[200.3838142156601, 140.04838094115257], [549.3822703361511, 136.42139732837677], [515.8403248786926, 242.46957153081894]]",directional/triangles/V01_f0000013.svg
V01_f0000020,baseline,baseline,train,V01,0.6666666666666667,15.539,0.9115798922800719,0.4105432920068541,0.3485644459724426,0.0064845699816942215,1,0.0,0.05732799593000683,0.7907076790707679,0.8831231231231231,100.13566925473124,313.0496028692956,15673.715746622374,models_disagree,../../dataset/images/V01_f0000020.png,baseline/overlays/V01_f0000020.jpg,quality/baseline/entropy/V01_f0000020.jpg,quality/disagreement/V01_f0000020.jpg,,,,"[[176.80763185024261, 154.8004299402237], [483.7483899593353, 163.49753737449646], [484.15537190437317, 261.665940284729]]",baseline/triangles/V01_f0000020.svg
V02_f0000005,dino_linear,dino_linear,train,V02,0.16666666666666669,15.538,0.914983844911147,0.3816138335984687,0.33629781007766724,0.010860415175557137,1,0.0,0.06257894736842105,0.6042263122017724,0.7532931078439704,100.09634994323041,334.9314664889279,16762.70863833754,models_disagree,../../dataset/images/V02_f0000005.png,dino_linear/overlays/V02_f0000005.jpg,quality/dino_linear/entropy/V02_f0000005.jpg,quality/disagreement/V02_f0000005.jpg,,,,"[[194.73682522773743, 132.08472454547882], [534.5295739173889, 133.09035629034042], [517.3319506645203, 231.69243574142456]]",dino_linear/triangles/V02_f0000005.svg
V02_f0000046,dino_pyramid,dino_pyramid,train,V02,1.5333333333333334,15.533,0.9302460202604921,0.4144691584498968,0.2851799428462982,0.010162647813558578,1,0.0,0.08798844158402837,0.8729124236252546,0.9321444106133101,125.44358166250221,375.3266535266687,23541.15985589317,models_disagree,../../dataset/images/V02_f0000046.png,dino_pyramid/overlays/V02_f0000046.jpg,quality/dino_pyramid/entropy/V02_f0000046.jpg,quality/disagreement/V02_f0000046.jpg,,,,"[[130.4389125108719, 146.8902703523636], [506.42305612564087, 135.56170719861984], [505.6152606010437, 261.1954996585846]]",dino_pyramid/triangles/V02_f0000046.svg
V02_f0000091,dino_linear,dino_linear,test,V02,3.0333333333333337,15.531,0.9202099737532808,0.433495751036863,0.31695160269737244,0.00551725085824728,1,0.0,0.07104651162790698,0.42535295884650043,0.5968387776606955,106.0756689627763,354.19550409510543,18785.76252024804,models_disagree,../../dataset/images/V02_f0000091.png,dino_linear/overlays/V02_f0000091.jpg,quality/dino_linear/entropy/V02_f0000091.jpg,quality/disagreement/V02_f0000091.jpg,,,,"[[155.80113351345062, 167.4292869567871], [515.865261554718, 161.23129260540009], [514.5519804954529, 269.0259026288986]]",dino_linear/triangles/V02_f0000091.svg
V02_f0000098,unet_small,unet_small,test,V02,3.2666666666666666,15.525,0.9311034877072613,0.3976048050692992,0.2891094386577606,0.012421989813446999,1,0.0,0.08702842377260982,0.39973749453113605,0.5711606584705147,118.8385578430649,386.69773635967914,22977.300655080995,models_disagree,../../dataset/images/V02_f0000098.png,unet_small/overlays/V02_f0000098.jpg,quality/unet_small/entropy/V02_f0000098.jpg,quality/disagreement/V02_f0000098.jpg,,,,"[[160.3101360797882, 159.31889474391937], [557.7607798576355, 148.74513220787048], [544.1468167304993, 268.97879934310913]]",unet_small/triangles/V02_f0000098.svg
V01_f0000084,directional,directional,val,V01,2.8000000000000003,15.517,0.9229212346095463,0.3864888416264197,0.3103860318660736,0.011931112967431545,1,0.0,0.07385714285714286,0.385303231518371,0.5562727679427366,110.12614320975702,357.41408309566356,19680.31725008852,models_disagree,../../dataset/images/V01_f0000084.png,directional/overlays/V01_f0000084.jpg,quality/directional/entropy/V01_f0000084.jpg,quality/disagreement/V01_f0000084.jpg,,,,"[[153.1746328473091, 161.85656189918518], [518.3610855340958, 166.58758744597435], [500.7336925268173, 276.5156775712967]]",directional/triangles/V01_f0000084.svg
V02_f0000065,directional,directional,train,V02,2.166666666666667,15.497,0.9145129224652088,0.3900543900543901,0.3356097340583801,0.009492913261055946,1,0.0,0.06311518324607329,0.7498749374687343,0.8570611778158947,99.9021552065906,337.39122324538994,16853.055175001202,models_disagree,../../dataset/images/V02_f0000065.png,directional/overlays/V02_f0000065.jpg,quality/directional/entropy/V02_f0000065.jpg,quality/disagreement/V02_f0000065.jpg,,,,"[[155.7515287399292, 165.89059448242188], [503.5710382461548, 171.03055942058563], [479.46324348449707, 268.43023443222046]]",directional/triangles/V02_f0000065.svg
V01_f0000075,baseline,baseline,val,V01,2.5,15.491,0.9260876597121138,0.33076790714408627,0.2976665794849396,0.01948017068207264,1,0.0,0.07697402597402597,0.4095097071405067,0.5810668845570212,116.87055023440337,350.16331734294135,20461.88978488678,,../../dataset/images/V01_f0000075.png,baseline/overlays/V01_f0000075.jpg,quality/baseline/entropy/V01_f0000075.jpg,quality/disagreement/V01_f0000075.jpg,,,,"[[153.61508041620255, 147.6307511329651], [509.7147171497345, 145.1409012079239], [500.1256670951843, 263.1460279226303]]",baseline/triangles/V01_f0000075.svg
V01_f0000085,dino_linear,dino_linear,val,V01,2.8333333333333335,15.488,0.9235782955841616,0.3675145499128482,0.30869194865226746,0.014306805096566677,1,0.0,0.0767012987012987,0.43209995194617973,0.6034494329239648,109.92624831231096,370.72883430210044,20376.41494801314,models_disagree,../../dataset/images/V01_f0000085.png,dino_linear/overlays/V01_f0000085.jpg,quality/dino_linear/entropy/V01_f0000085.jpg,quality/disagreement/V01_f0000085.jpg,,,,"[[160.90536677837372, 169.79925334453583], [540.8635708093643, 167.96378418803215], [523.4825247526169, 277.78981626033783]]",dino_linear/triangles/V01_f0000085.svg
V01_f0000089,full,TopoFiberDINO Coordinate (ours),val,V01,2.966666666666667,15.488,0.913362985882808,0.3992786589614329,0.3413045406341553,0.008034968748688698,1,0.0,0.06412401894013102,0.8045310853530031,0.8916788321167883,98.80686801118915,344.81469704977366,17035.03012985758,models_disagree,../../dataset/images/V01_f0000089.png,full/overlays/V01_f0000089.jpg,quality/full/entropy/V01_f0000089.jpg,quality/disagreement/V01_f0000089.jpg,,,,"[[157.9385767877102, 181.45639076828957], [509.00424695014954, 163.4763479232788], [525.7338621616364, 262.11076229810715]]",full/triangles/V01_f0000089.svg
V02_f0000089,unet_small,unet_small,val,V02,2.966666666666667,15.471,0.9252566141390777,0.3747106851260206,0.30291521549224854,0.01369986031204462,1,0.0,0.08677965220555743,0.4988710769925491,0.6656624237403028,110.68129994400049,415.2525488575559,22980.34595630693,models_disagree,../../dataset/images/V02_f0000089.png,unet_small/overlays/V02_f0000089.jpg,quality/unet_small/entropy/V02_f0000089.jpg,quality/disagreement/V02_f0000089.jpg,,,,"[[145.2023720741272, 176.9238536953926], [571.8212985992432, 174.0249730348587], [553.3104944229126, 284.5049384832382]]",unet_small/triangles/V02_f0000089.svg
V02_f0000091,baseline,baseline,test,V02,3.0333333333333337,15.47,0.9194250047285796,0.433495751036863,0.3241260051727295,0.005033537745475769,1,0.0,0.06525839793281654,0.43024359379943056,0.601636806016368,103.82629798284412,333.64769289689883,17320.70239200094,models_disagree,../../dataset/images/V02_f0000091.png,baseline/overlays/V02_f0000091.jpg,quality/baseline/entropy/V02_f0000091.jpg,quality/disagreement/V02_f0000091.jpg,,,,"[[167.73730874061584, 168.94634491205215], [506.91312074661255, 169.44882082939148], [504.2384934425354, 274.9315356016159]]",baseline/triangles/V02_f0000091.svg
V02_f0000079,dino_pyramid,dino_pyramid,val,V02,2.6333333333333333,15.463,0.9094076655052264,0.3876672327999761,0.3519834876060486,0.00847169104963541,1,0.0,0.0674275338823682,0.6999831166638528,0.8235177276790148,89.49503390576506,399.9590415322315,17897.173991422176,models_disagree,../../dataset/images/V02_f0000079.png,dino_pyramid/overlays/V02_f0000079.jpg,quality/dino_pyramid/entropy/V02_f0000079.jpg,quality/disagreement/V02_f0000079.jpg,,,,"[[146.15606546401978, 156.90954941511154], [551.270227432251, 152.88061344623566], [553.1971406936646, 243.50735759735107]]",dino_pyramid/triangles/V02_f0000079.svg
V02_f0000054,unet_small,unet_small,train,V02,1.8,15.456,0.9167412712623098,0.38785921557614905,0.335434228181839,0.010066312737762928,1,0.0,0.07028871391076115,0.7165515954469117,0.8348733557995435,97.75826029145406,385.78204938313644,18856.69099968362,models_disagree,../../dataset/images/V02_f0000054.png,unet_small/overlays/V02_f0000054.jpg,quality/unet_small/entropy/V02_f0000054.jpg,quality/disagreement/V02_f0000054.jpg,,,,"[[170.7646518945694, 167.1879299879074], [559.0029144287109, 157.50321131944656], [551.1773014068604, 255.05927681922913]]",unet_small/triangles/V02_f0000054.svg
V01_f0000077,unet_small,unet_small,val,V01,2.566666666666667,15.452,0.9259430331023865,0.34897190848537507,0.3005591332912445,0.01697574369609356,1,0.0,0.08104922279792746,0.5538857297590035,0.7129040690075804,114.09482766962083,376.6699805985487,21488.048262355416,,../../dataset/images/V01_f0000077.png,unet_small/overlays/V01_f0000077.jpg,quality/unet_small/entropy/V01_f0000077.jpg,quality/disagreement/V01_f0000077.jpg,,,,"[[163.97763592004776, 139.06237855553627], [546.8982719182968, 131.2907114624977], [540.6066347360611, 246.8079999089241]]",unet_small/triangles/V01_f0000077.svg
V01_f0000084,full,TopoFiberDINO Coordinate (ours),val,V01,2.8000000000000003,15.445,0.9154825613581842,0.3864888416264197,0.3365441560745239,0.009895659983158112,1,0.0,0.06742857142857143,0.33580181609803406,0.5027719112988385,98.0706405385115,365.9093029363824,17942.479858985633,models_disagree,../../dataset/images/V01_f0000084.png,full/overlays/V01_f0000084.jpg,quality/full/entropy/V01_f0000084.jpg,quality/disagreement/V01_f0000084.jpg,,,,"[[159.18026381731033, 176.31328850984573], [542.4480931758881, 174.24365133047104], [517.0202128887177, 270.0722962617874]]",full/triangles/V01_f0000084.svg
V01_f0000067,full,TopoFiberDINO Coordinate (ours),train,V01,2.2333333333333334,15.427,0.9173913043478261,0.3886078591960944,0.32537564635276794,0.009969973936676979,1,0.0,0.06636959987455245,0.6254364089775561,0.7695612150966554,105.70749753964456,336.1096049436224,17764.652618814434,models_disagree,../../dataset/images/V01_f0000067.png,full/overlays/V01_f0000067.jpg,quality/full/entropy/V01_f0000067.jpg,quality/disagreement/V01_f0000067.jpg,,,,"[[176.20847231149673, 164.388008415699], [513.740931391716, 159.03407335281372], [516.8424454927444, 265.1476263999939]]",full/triangles/V01_f0000067.svg
V01_f0000039,dino_linear,dino_linear,train,V01,1.3,15.424,0.9279710144927537,0.2624290511426109,0.2953745126724243,0.028111819177865982,1,0.0,0.08748043200862965,0.7576696165191741,0.8621297306369052,118.61930130091308,396.68924159191215,23527.500335610865,,../../dataset/images/V01_f0000039.png,dino_linear/overlays/V01_f0000039.jpg,quality/dino_linear/entropy/V01_f0000039.jpg,quality/disagreement/V01_f0000039.jpg,,,,"[[160.10881000757217, 171.12330347299576], [570.2653690576553, 168.122336268425], [540.6578820943832, 282.89978206157684]]",dino_linear/triangles/V01_f0000039.svg
V02_f0000047,unet_small,unet_small,train,V02,1.5666666666666667,15.401,0.9303049159925326,0.40381042728961614,0.28720206022262573,0.01084902137517929,1,0.0,0.08122445771769883,0.7773924010720479,0.8747560759269115,125.69861011041917,347.00242575912443,21808.861311432927,models_disagree,../../dataset/images/V02_f0000047.png,unet_small/overlays/V02_f0000047.jpg,quality/unet_small/entropy/V02_f0000047.jpg,quality/disagreement/V02_f0000047.jpg,,,,"[[154.8984968662262, 159.22116601467133], [504.79519844055176, 150.83892118930817], [493.5301208496094, 276.30185556411743]]",unet_small/triangles/V02_f0000047.svg
V01_f0000039,full,TopoFiberDINO Coordinate (ours),train,V01,1.3,15.398,0.9171381031613977,0.2624290511426109,0.3281390070915222,0.025544660165905952,1,0.0,0.07556204533196521,0.8618532296246195,0.9258014712560168,101.47873114646414,401.02198097799055,20347.60089574398,,../../dataset/images/V01_f0000039.png,full/overlays/V01_f0000039.jpg,quality/full/entropy/V01_f0000039.jpg,quality/disagreement/V01_f0000039.jpg,,,,"[[160.40018570423126, 172.09312319755554], [576.6021099090576, 169.3202331662178], [549.8583812713623, 267.13646203279495]]",full/triangles/V01_f0000039.svg
V01_f0000017,directional,directional,train,V01,0.5666666666666667,15.385,0.920083523158694,0.40681451837029625,0.321626752614975,0.008093812502920628,1,0.0,0.06801075268817204,0.7151549724282182,0.8339246119733925,112.36178341620118,332.81455409612704,18697.818422554297,models_disagree,../../dataset/images/V01_f0000017.png,directional/overlays/V01_f0000017.jpg,quality/directional/entropy/V01_f0000017.jpg,quality/disagreement/V01_f0000017.jpg,,,,"[[195.01108312606812, 148.48431944847107], [539.838873386383, 140.4883861541748], [505.7646746635437, 244.9057102203369]]",directional/triangles/V01_f0000017.svg
V02_f0000087,dino_pyramid,dino_pyramid,val,V02,2.9000000000000004,15.38,0.9205169056470172,0.3556559524369774,0.3178713321685791,0.014559648931026459,1,0.0,0.07015178814471075,0.7731851851851852,0.8720862227420837,105.9161524589922,350.08285969052184,18539.714770130642,models_disagree,../../dataset/images/V02_f0000087.png,dino_pyramid/overlays/V02_f0000087.jpg,quality/dino_pyramid/entropy/V02_f0000087.jpg,quality/disagreement/V02_f0000087.jpg,,,,"[[171.847482919693, 171.67323058843613], [527.7560877799988, 163.35212194919586], [525.1134037971497, 270.90403747558594]]",dino_pyramid/triangles/V02_f0000087.svg
V01_f0000060,directional,directional,train,V01,2.0,15.378,0.9203254788947279,0.36706835021684514,0.3135669529438019,0.013079077936708927,1,0.0,0.07272251308900524,0.6434485241180705,0.7830467637717665,106.1302452452136,374.1375924027844,19853.657218580636,models_disagree,../../dataset/images/V01_f0000060.png,directional/overlays/V01_f0000060.jpg,quality/directional/entropy/V01_f0000060.jpg,quality/disagreement/V01_f0000060.jpg,,,,"[[161.31000113487244, 173.46543073654175], [545.6970058679581, 173.58894646167755], [522.2274140119553, 277.3246765136719]]",directional/triangles/V01_f0000060.svg
V01_f0000059,dino_linear,dino_linear,train,V01,1.9666666666666668,15.376,0.9185626579992777,0.40664845173041897,0.323293536901474,0.007727406919002533,1,0.0,0.06951570680628272,0.7672754660139334,0.8683145109737908,104.53007541364914,356.8920597625655,18652.976960756776,models_disagree,../../dataset/images/V01_f0000059.png,dino_linear/overlays/V01_f0000059.jpg,quality/dino_linear/entropy/V01_f0000059.jpg,quality/disagreement/V01_f0000059.jpg,,,,"[[170.25116670131683, 159.0254232287407], [531.1693787574768, 161.3464616239071], [516.9948389530182, 265.214167535305]]",dino_linear/triangles/V01_f0000059.svg
V01_f0000067,dino_pyramid,dino_pyramid,train,V01,2.2333333333333334,15.373,0.9185714285714286,0.3886078591960944,0.3272077441215515,0.009965757839381695,1,0.0,0.061469304550087554,0.8955645161290322,0.9449053392895129,107.79837029233698,305.4446477345353,16463.21762014993,models_disagree,../../dataset/images/V01_f0000067.png,dino_pyramid/overlays/V01_f0000067.jpg,quality/dino_pyramid/entropy/V01_f0000067.jpg,quality/disagreement/V01_f0000067.jpg,,,,"[[168.84774580597878, 161.73577308654785], [475.6792286634445, 163.78386318683624], [477.57018625736237, 272.02601730823517]]",dino_pyramid/triangles/V01_f0000067.svg
V01_f0000060,full,TopoFiberDINO Coordinate (ours),train,V01,2.0,15.368,0.9029624445999533,0.36706835021684514,0.3756101727485657,0.00912477821111679,1,0.0,0.05339005235602094,0.7684842883548983,0.8690880585314869,85.00126384575816,337.50209621151134,14344.052364285566,models_disagree,../../dataset/images/V01_f0000060.png,full/overlays/V01_f0000060.jpg,quality/full/entropy/V01_f0000060.jpg,quality/disagreement/V01_f0000060.jpg,,,,"[[198.70196682214737, 182.30382353067398], [548.6601620912552, 174.55685511231422], [528.5387309789658, 257.3295682668686]]",full/triangles/V01_f0000060.svg
V01_f0000050,dino_linear,dino_linear,train,V01,1.6666666666666667,15.343,0.9248956884561892,0.3894638847817754,0.30665746331214905,0.01113552413880825,1,0.0,0.0820844327176781,0.650881667960519,0.7885261319360473,112.47293290304167,393.87046650100444,22149.883275628596,models_disagree,../../dataset/images/V01_f0000050.png,dino_linear/overlays/V01_f0000050.jpg,quality/dino_linear/entropy/V01_f0000050.jpg,quality/disagreement/V01_f0000050.jpg,,,,"[[183.61793625354767, 139.11214470863342], [584.7711186408997, 143.7636986374855], [560.2083497047424, 253.09639424085617]]",dino_linear/triangles/V01_f0000050.svg
V02_f0000056,directional,directional,train,V02,1.8666666666666667,15.338,0.9222913674804532,0.41483507208210946,0.3124275207519531,0.0073251016438007355,2,0.0004989190088142692,0.07878049419594896,0.6253118243805089,0.7694668985981786,108.49621024548058,389.34361946713216,21121.15359772118,models_disagree,../../dataset/images/V02_f0000056.png,directional/overlays/V02_f0000056.jpg,quality/directional/entropy/V02_f0000056.jpg,quality/disagreement/V02_f0000056.jpg,,,,"[[161.39310479164124, 144.69284522533417], [560.1448631286621, 146.45572972297668], [537.7959537506104, 252.9882481098175]]",directional/triangles/V02_f0000056.svg
V01_f0000019,directional,directional,train,V01,0.6333333333333334,15.337,0.9213724088634739,0.42581543357199686,0.31824159622192383,0.005765218287706375,1,0.0,0.07195342300742823,0.5461588121368625,0.7064718162839249,111.72902395727203,353.4819518961276,19747.09673593286,models_disagree,../../dataset/images/V01_f0000019.png,directional/overlays/V01_f0000019.jpg,quality/directional/entropy/V01_f0000019.jpg,quality/disagreement/V01_f0000019.jpg,,,,"[[176.72783881425858, 161.1618921160698], [540.902330994606, 159.2649556696415], [507.8570753335953, 263.7309730052948]]",directional/triangles/V01_f0000019.svg
V01_f0000077,full,TopoFiberDINO Coordinate (ours),val,V01,2.566666666666667,15.334,0.922418053039038,0.34897190848537507,0.31282979249954224,0.015590169467031956,1,0.0,0.07558290155440414,0.5381939613190483,0.6997738579828132,107.70419011450798,372.14947724752096,20041.02902424088,,../../dataset/images/V01_f0000077.png,full/overlays/V01_f0000077.jpg,quality/full/entropy/V01_f0000077.jpg,quality/disagreement/V01_f0000077.jpg,,,,"[[175.0768097639084, 134.3618743121624], [558.5280257463455, 141.90727472305298], [536.8953469991684, 248.95186722278595]]",full/triangles/V01_f0000077.svg
V02_f0000099,directional,directional,test,V02,3.3000000000000003,15.321,0.9253803042433947,0.4018366744904896,0.30529096722602844,0.009580140933394432,2,0.00016647244880974021,0.07768710474244403,0.2993279569892473,0.4607427330092066,111.6414128572361,367.60508933594355,20519.97577348762,models_disagree,../../dataset/images/V02_f0000099.png,directional/overlays/V02_f0000099.jpg,quality/directional/entropy/V02_f0000099.jpg,quality/disagreement/V02_f0000099.jpg,,,,"[[153.67300987243652, 148.43348813056946], [530.8087277412415, 155.49351942539215], [513.5770583152771, 267.7126282453537]]",directional/triangles/V02_f0000099.svg
V01_f0000020,unet_small,unet_small,train,V01,0.6666666666666667,15.316,0.916595380667237,0.4105432920068541,0.33657583594322205,0.006494602654129267,1,0.0,0.05985835352710428,0.8003806301543667,0.8891237961005403,103.72132745805797,317.4193269905459,16461.576978151395,models_disagree,../../dataset/images/V01_f0000020.png,unet_small/overlays/V01_f0000020.jpg,quality/unet_small/entropy/V01_f0000020.jpg,quality/disagreement/V01_f0000020.jpg,,,,"[[183.2755879163742, 153.0914381146431], [494.55963456630707, 154.6235829591751], [491.4585200548172, 256.26077502965927]]",unet_small/triangles/V01_f0000020.svg
V01_f0000075,unet_small,unet_small,val,V01,2.5,15.306,0.922361852298158,0.33076790714408627,0.311940461397171,0.017715776339173317,1,0.0,0.07146753246753247,0.4430267588162325,0.6140243153628884,108.24655848689225,352.3275132258521,19069.120383471753,,../../dataset/images/V01_f0000075.png,unet_small/overlays/V01_f0000075.jpg,quality/unet_small/entropy/V01_f0000075.jpg,quality/disagreement/V01_f0000075.jpg,,,,"[[163.03163266181946, 155.41664510965347], [521.00556910038, 154.4196903705597], [512.8980971574783, 263.7772411108017]]",unet_small/triangles/V01_f0000075.svg
V02_f0000060,directional,directional,train,V02,2.0,15.306,0.9203062467374282,0.37813956724413833,0.3182860314846039,0.011332472786307335,1,0.0,0.07224409448818897,0.6668483197093551,0.8001307759372276,105.96450244140368,365.3063649335253,19354.753599429423,models_disagree,../../dataset/images/V02_f0000060.png,directional/overlays/V02_f0000060.jpg,quality/directional/entropy/V02_f0000060.jpg,quality/disagreement/V02_f0000060.jpg,,,,"[[161.87127828598022, 171.1963460445404], [535.4604864120483, 172.57801270484924], [514.3388414382935, 276.7435519695282]]",directional/triangles/V02_f0000060.svg
V01_f0000054,dino_pyramid,dino_pyramid,train,V01,1.8,15.305,0.903169014084507,0.364826503690345,0.37220561504364014,0.00913271401077509,1,0.0,0.05667979002624672,0.8836833602584814,0.9382504288164666,84.45018598267748,361.30388651785165,15256.090206348386,models_disagree,../../dataset/images/V01_f0000054.png,dino_pyramid/overlays/V01_f0000054.jpg,quality/dino_pyramid/entropy/V01_f0000054.jpg,quality/disagreement/V01_f0000054.jpg,,,,"[[180.74066680669785, 164.02316093444824], [542.1069436073303, 159.92306917905807], [541.226448059082, 244.36866492033005]]",dino_pyramid/triangles/V01_f0000054.svg
V01_f0000087,baseline,baseline,val,V01,2.9000000000000004,15.302,0.9199484725800515,0.4172422389394806,0.32290929555892944,0.006343236193060875,1,0.0,0.06772727272727273,0.7680117627838589,0.8687858066900758,104.76021778818033,343.77059142343103,18006.741013345094,models_disagree,../../dataset/images/V01_f0000087.png,baseline/overlays/V01_f0000087.jpg,quality/baseline/entropy/V01_f0000087.jpg,quality/disagreement/V01_f0000087.jpg,,,,"[[157.3301642537117, 167.216956615448], [506.0022805929184, 170.91485112905502], [496.87635481357574, 276.47723257541656]]",baseline/triangles/V01_f0000087.svg
V02_f0000075,dino_pyramid,dino_pyramid,val,V02,2.5,15.302,0.9263510282161646,0.3050964511622797,0.2980445325374603,0.02180386334657669,1,0.0,0.07838961038961038,0.36852871754523997,0.538576520639301,117.63919647856451,352.7017470994088,20745.77506268016,,../../dataset/images/V02_f0000075.png,dino_pyramid/overlays/V02_f0000075.jpg,quality/dino_pyramid/entropy/V02_f0000075.jpg,quality/disagreement/V02_f0000075.jpg,,,,"[[152.9714584350586, 146.59741854667664], [510.598669052124, 143.67311370372772], [510.9339237213135, 262.9569351673126]]",dino_pyramid/triangles/V02_f0000075.svg
V01_f0000089,dino_linear,dino_linear,val,V01,2.966666666666667,15.272,0.9176109083925484,0.3992786589614329,0.3280429244041443,0.00791103858500719,1,0.0,0.06459103586949472,0.732067864942046,0.8453108330908738,102.75266250074203,334.3277541703815,17176.53344445013,models_disagree,../../dataset/images/V01_f0000089.png,dino_linear/overlays/V01_f0000089.jpg,quality/dino_linear/entropy/V01_f0000089.jpg,quality/disagreement/V01_f0000089.jpg,,,,"[[159.61314415931702, 172.7832779288292], [498.2138808965683, 161.99040412902832], [497.4379779100418, 266.0258039832115]]",dino_linear/triangles/V01_f0000089.svg
V02_f0000020,unet_small,unet_small,train,V02,0.6666666666666667,15.262,0.9097172725112853,0.380561644092246,0.3579350411891937,0.008427935652434826,1,0.0,0.0546218487394958,0.7423500611995104,0.8521250439058659,95.49306515227569,307.1447105388968,14665.094927333865,models_disagree,../../dataset/images/V02_f0000020.png,unet_small/overlays/V02_f0000020.jpg,quality/unet_small/entropy/V02_f0000020.jpg,quality/disagreement/V02_f0000020.jpg,,,,"[[189.66664910316467, 163.28150045871735], [492.8159523010254, 163.143110871315], [489.59548473358154, 257.28233790397644]]",unet_small/triangles/V02_f0000020.svg
V02_f0000079,dino_linear,dino_linear,val,V02,2.6333333333333333,15.258,0.9126827340971948,0.3876672327999761,0.34137219190597534,0.008186353370547295,1,0.0,0.06391284611892874,0.9421209117938553,0.9701979995917535,96.17797441909852,350.2941169861525,16845.28931132744,models_disagree,../../dataset/images/V02_f0000079.png,dino_linear/overlays/V02_f0000079.jpg,quality/dino_linear/entropy/V02_f0000079.jpg,quality/disagreement/V02_f0000079.jpg,,,,"[[166.716148853302, 151.28063988685608], [522.0766854286194, 152.01454162597656], [516.4219164848328, 249.26648664474487]]",dino_linear/triangles/V02_f0000079.svg
V02_f0000051,baseline,baseline,train,V02,1.7000000000000002,15.255,0.9300868574683184,0.31897495599628567,0.28692418336868286,0.020673051476478577,1,0.0,0.08919736842105264,0.9341750602922401,0.9659674343552882,123.04360270326853,389.0886408570663,23937.4340709858,,../../dataset/images/V02_f0000051.png,baseline/overlays/V02_f0000051.jpg,quality/baseline/entropy/V02_f0000051.jpg,quality/disagreement/V02_f0000051.jpg,,,,"[[163.59367668628693, 146.53029692173004], [556.076545715332, 143.0690525174141], [540.844087600708, 265.14883184432983]]",baseline/triangles/V02_f0000051.svg
V02_f0000027,directional,directional,train,V02,0.9,15.253,0.9244323957980346,0.36476432559165245,0.308403342962265,0.013669086620211601,1,0.0,0.07596474829750301,0.6403796181222461,0.7807700254838488,116.34649192350646,354.6192485068477,20629.352766160944,models_disagree,../../dataset/images/V02_f0000027.png,directional/overlays/V02_f0000027.jpg,quality/directional/entropy/V02_f0000027.jpg,quality/disagreement/V02_f0000027.jpg,,,,"[[185.40096402168274, 135.19345223903656], [551.9376826286316, 133.01172077655792], [518.1701874732971, 242.64743840694427]]",directional/triangles/V02_f0000027.svg
V01_f0000071,dino_linear,dino_linear,train,V01,2.3666666666666667,15.241,0.9263237518910741,0.4028339215057213,0.3004431426525116,0.009274903684854507,1,0.0,0.08243583422001921,0.5415647921760391,0.7026169706582077,113.80628286201947,386.4479132458255,21990.10026314579,models_disagree,../../dataset/images/V01_f0000071.png,dino_linear/overlays/V01_f0000071.jpg,quality/dino_linear/entropy/V01_f0000071.jpg,quality/disagreement/V01_f0000071.jpg,,,,"[[171.1613067984581, 153.8052186369896], [567.8092420101166, 146.89873158931732], [549.6749696731567, 260.4890763759613]]",dino_linear/triangles/V01_f0000071.svg
V02_f0000069,dino_linear,dino_linear,train,V02,2.3000000000000003,15.236,0.9210920592641918,0.3829666561148043,0.31739920377731323,0.010552595369517803,1,0.0,0.0751958224543081,0.7178244480344642,0.8357366771159874,104.75068640971287,383.61686871420727,20092.06515807896,models_disagree,../../dataset/images/V02_f0000069.png,dino_linear/overlays/V02_f0000069.jpg,quality/dino_linear/entropy/V02_f0000069.jpg,quality/disagreement/V02_f0000069.jpg,,,,"[[163.95032286643982, 158.29540699720383], [552.5468587875366, 157.50782579183578], [541.0327434539795, 262.3298796415329]]",dino_linear/triangles/V02_f0000069.svg
V01_f0000033,directional,directional,train,V01,1.1,15.235,0.923559703894432,0.3877796876606873,0.3072480261325836,0.010501670651137829,1,0.0,0.07946808510638298,0.6021505376344086,0.7516778523489933,115.97199469070036,373.98268257335417,21685.758838905454,models_disagree,../../dataset/images/V01_f0000033.png,directional/overlays/V01_f0000033.jpg,quality/directional/entropy/V01_f0000033.jpg,quality/disagreement/V01_f0000033.jpg,,,,"[[182.070213586092, 145.8440199494362], [571.9937936067581, 140.70376753807068], [536.3720844984055, 249.42565709352493]]",directional/triangles/V01_f0000033.svg
V01_f0000049,dino_linear,dino_linear,train,V01,1.6333333333333333,15.21,0.9266094420600859,0.33615607809156195,0.2979731857776642,0.017518917098641396,1,0.0,0.08809711286089239,0.7789649845520082,0.8757507779144655,115.4279070305029,410.87540008206537,23713.24374089666,,../../dataset/images/V01_f0000049.png,dino_linear/overlays/V01_f0000049.jpg,quality/dino_linear/entropy/V01_f0000049.jpg,quality/disagreement/V01_f0000049.jpg,,,,"[[163.8272404074669, 151.4294072985649], [585.9322259426117, 149.17107671499252], [560.3551988601685, 261.80141419172287]]",dino_linear/triangles/V01_f0000049.svg
V02_f0000068,directional,directional,train,V02,2.2666666666666666,15.193,0.9238962377598351,0.4238991929774883,0.3082505464553833,0.005856089293956757,1,0.0,0.07223810898024503,0.7644216248867411,0.8664840807942485,111.87850235660723,346.4313678539834,19379.11130242727,models_disagree,../../dataset/images/V02_f0000068.png,directional/overlays/V02_f0000068.jpg,quality/directional/entropy/V02_f0000068.jpg,quality/disagreement/V02_f0000068.jpg,,,,"[[157.84923613071442, 162.5735913515091], [510.39544343948364, 162.0439859032631], [492.31772661209106, 272.92194402217865]]",directional/triangles/V02_f0000068.svg
V01_f0000075,dino_linear,dino_linear,val,V01,2.5,15.173,0.9185357975955499,0.33076790714408627,0.3238080143928528,0.016191905364394188,1,0.0,0.06975324675324675,0.437724335965542,0.6089127449756585,103.81094621498718,355.3084433507859,18442.45285120963,,../../dataset/images/V01_f0000075.png,dino_linear/overlays/V01_f0000075.jpg,quality/dino_linear/entropy/V01_f0000075.jpg,quality/disagreement/V01_f0000075.jpg,,,,"[[160.92112559080124, 153.5312533378601], [521.2406775951385, 156.34234249591827], [515.5282454490662, 261.3513171672821]]",dino_linear/triangles/V01_f0000075.svg
V01_f0000024,dino_linear,dino_linear,train,V01,0.8,15.157,0.9111111111111111,0.3155098294933102,0.34833601117134094,0.016344955191016197,1,0.0,0.06089475811885191,0.7624133408281806,0.8651924303635977,97.75720539474271,344.1626178531206,16822.187861329927,,../../dataset/images/V01_f0000024.png,dino_linear/overlays/V01_f0000024.jpg,quality/dino_linear/entropy/V01_f0000024.jpg,quality/disagreement/V01_f0000024.jpg,,,,"[[176.13764506578445, 137.24051043391228], [511.5971335172653, 136.08618825674057], [507.72600996494293, 231.2004268169403]]",dino_linear/triangles/V01_f0000024.svg
V02_f0000061,baseline,baseline,train,V02,2.033333333333333,15.142,0.9133535004321521,0.3988207366567118,0.3436148762702942,0.006362181156873703,1,0.0,0.05782531662182558,0.7204077387143749,0.837484885126965,97.32162401100967,319.5665553169142,15550.368071523126,models_disagree,../../dataset/images/V02_f0000061.png,baseline/overlays/V02_f0000061.jpg,quality/baseline/entropy/V02_f0000061.jpg,quality/disagreement/V02_f0000061.jpg,,,,"[[179.0867257118225, 177.69748002290726], [499.31156158447266, 172.93415188789368], [496.9922161102295, 270.36650717258453]]",baseline/triangles/V02_f0000061.svg
V01_f0000089,unet_small,unet_small,val,V01,2.966666666666667,15.128,0.9260258412608263,0.3992786589614329,0.30034205317497253,0.009085104800760746,1,0.0,0.08768242848803269,0.7113941967445152,0.8313621702092465,111.7515951604173,417.3543052479656,23320.004679263937,models_disagree,../../dataset/images/V01_f0000089.png,unet_small/overlays/V01_f0000089.jpg,quality/unet_small/entropy/V01_f0000089.jpg,quality/disagreement/V01_f0000089.jpg,,,,"[[140.268689930439, 176.31758004426956], [567.0704009532928, 173.65073785185814], [551.8728120326996, 285.775288939476]]",unet_small/triangles/V01_f0000089.svg
V01_f0000040,unet_small,unet_small,train,V01,1.3333333333333335,15.126,0.922991425849476,0.2288309405215353,0.30874866247177124,0.029697999358177185,1,0.0,0.07905511811023622,0.846215910924641,0.9167030853946333,111.07321166530474,384.007991079165,21326.500437152274,,../../dataset/images/V01_f0000040.png,unet_small/overlays/V01_f0000040.jpg,quality/unet_small/entropy/V01_f0000040.jpg,quality/disagreement/V01_f0000040.jpg,,,,"[[146.2911161482334, 176.73569172620773], [530.370299577713, 169.41457986831665], [529.5753161907196, 280.4875373840332]]",unet_small/triangles/V01_f0000040.svg
V01_f0000061,dino_pyramid,dino_pyramid,train,V01,2.033333333333333,15.123,0.9176731078904992,0.3619737750172533,0.32653990387916565,0.011845914646983147,1,0.0,0.06211803338502235,0.8873374139250191,0.9403060707408534,105.14531149478452,315.32134733621086,16577.280643310518,models_disagree,../../dataset/images/V01_f0000061.png,dino_pyramid/overlays/V01_f0000061.jpg,quality/dino_pyramid/entropy/V01_f0000061.jpg,quality/disagreement/V01_f0000061.jpg,,,,"[[208.22870588302612, 182.95356631278992], [526.5511726140976, 179.43480983376503], [520.7714096307755, 285.20089387893677]]",dino_pyramid/triangles/V01_f0000061.svg
V01_f0000073,dino_linear,dino_linear,val,V01,2.4333333333333336,15.123,0.9224266534062655,0.39265630903958565,0.31357285380363464,0.009079997427761555,1,0.0,0.07390255292652553,0.3861596958174905,0.5571648014044327,107.67083616437529,366.947379617829,19754.765595889043,models_disagree,../../dataset/images/V01_f0000073.png,dino_linear/overlays/V01_f0000073.jpg,quality/dino_linear/entropy/V01_f0000073.jpg,quality/disagreement/V01_f0000073.jpg,,,,"[[168.19069573283195, 144.04834806919098], [541.3358356952667, 144.10972595214844], [528.7801330089569, 252.14197486639023]]",dino_linear/triangles/V01_f0000073.svg
V02_f0000073,full,TopoFiberDINO Coordinate (ours),val,V02,2.4333333333333336,15.123,0.9301281204596487,0.3943380284702837,0.28497400879859924,0.010602285154163837,1,0.0,0.09514507475126321,0.6862391930835735,0.8139286477248451,128.42655897647998,393.4527537981442,25264.891645057913,models_disagree,../../dataset/images/V02_f0000073.png,full/overlays/V02_f0000073.jpg,quality/full/entropy/V02_f0000073.jpg,quality/disagreement/V02_f0000073.jpg,,,,"[[156.66145026683807, 141.1185908317566], [597.8373312950134, 129.5291650891304], [544.5918202400208, 247.87510061264038]]",full/triangles/V02_f0000073.svg
V02_f0000054,dino_linear,dino_linear,train,V02,1.8,15.113,0.9201223657375934,0.38785921557614905,0.31850874423980713,0.00910915993154049,1,0.0,0.07409448818897638,0.6592061549221891,0.7946042786384234,105.60209652740951,376.87322417170236,19899.30129878808,models_disagree,../../dataset/images/V02_f0000054.png,dino_linear/overlays/V02_f0000054.jpg,quality/dino_linear/entropy/V02_f0000054.jpg,quality/disagreement/V02_f0000054.jpg,,,,"[[161.49211406707764, 154.37516748905182], [542.1218705177307, 158.25146919488907], [527.064950466156, 262.8959661722183]]",dino_linear/triangles/V02_f0000054.svg
V01_f0000065,dino_pyramid,dino_pyramid,train,V01,2.166666666666667,15.082,0.9240551042034617,0.3649234371045305,0.3089306056499481,0.012707161717116833,1,0.0,0.07151451739471619,0.9368863955119214,0.9674149167270094,115.0269459649143,331.9799189325432,19093.31809824514,models_disagree,../../dataset/images/V01_f0000065.png,dino_pyramid/overlays/V01_f0000065.jpg,quality/dino_pyramid/entropy/V01_f0000065.jpg,quality/disagreement/V01_f0000065.jpg,,,,"[[156.0553112924099, 174.6135614812374], [489.43564796447754, 167.66957938671112], [489.713262796402, 283.1868678331375]]",dino_pyramid/triangles/V01_f0000065.svg
V01_f0000085,directional,directional,val,V01,2.8333333333333335,15.074,0.9221056083961955,0.3675145499128482,0.3119555413722992,0.011903377249836922,1,0.0,0.07589610389610389,0.41458531935176357,0.5861580969067997,107.54298171447883,375.96909557533934,20216.41878533393,models_disagree,../../dataset/images/V01_f0000085.png,directional/overlays/V01_f0000085.jpg,quality/directional/entropy/V01_f0000085.jpg,quality/disagreement/V01_f0000085.jpg,,,,"[[149.08723145723343, 169.9846163392067], [534.5877673625946, 167.68556088209152], [517.4107117652893, 275.10300278663635]]",directional/triangles/V01_f0000085.svg
V02_f0000020,full,TopoFiberDINO Coordinate (ours),train,V02,0.6666666666666667,15.073,0.9086403792286145,0.380561644092246,0.35873711109161377,0.007237778510898352,1,0.0,0.05783646792050153,0.5820572869753198,0.7358232748804373,92.0662594634861,343.7713597861182,15824.871603092095,models_disagree,../../dataset/images/V02_f0000020.png,full/overlays/V02_f0000020.jpg,quality/full/entropy/V02_f0000020.jpg,quality/disagreement/V02_f0000020.jpg,,,,"[[183.69590163230896, 156.46249175071716], [523.1960535049438, 156.90011984109879], [527.5114059448242, 247.61162984371185]]",full/triangles/V02_f0000020.svg
V01_f0000020,directional,directional,train,V01,0.6666666666666667,15.071,0.920897718910964,0.4105432920068541,0.31922057271003723,0.00624155392870307,1,0.0,0.06995300764462534,0.6458888296927722,0.7848511005610703,111.86246869668997,343.1142201897848,19190.8018576845,models_disagree,../../dataset/images/V01_f0000020.png,directional/overlays/V01_f0000020.jpg,quality/directional/entropy/V01_f0000020.jpg,quality/disagreement/V01_f0000020.jpg,,,,"[[182.00304508209229, 152.87748724222183], [536.0117546319962, 150.3545120358467], [502.56820809841156, 254.79640066623688]]",directional/triangles/V01_f0000020.svg
V02_f0000060,full,TopoFiberDINO Coordinate (ours),train,V02,2.0,15.066,0.9033276657760505,0.37813956724413833,0.377177894115448,0.006310917437076569,1,0.0,0.051443569553805774,0.7856974829451894,0.8799894612040574,84.66273037719665,324.80032987170557,13749.24137717637,models_disagree,../../dataset/images/V02_f0000060.png,full/overlays/V02_f0000060.jpg,quality/full/entropy/V02_f0000060.jpg,quality/disagreement/V02_f0000060.jpg,,,,"[[200.94244122505188, 182.04503750801086], [537.2801542282104, 176.0491659641266], [517.5926542282104, 258.65459728240967]]",full/triangles/V02_f0000060.svg
V02_f0000045,dino_pyramid,dino_pyramid,train,V02,1.5,15.055,0.9204667863554757,0.2604383803929,0.31876885890960693,0.024824662134051323,1,0.0,0.07023684210526315,0.8545586107091172,0.9215762777994537,107.20757691170257,353.15236845608325,18930.304851402736,,../../dataset/images/V02_f0000045.png,dino_pyramid/overlays/V02_f0000045.jpg,quality/dino_pyramid/entropy/V02_f0000045.jpg,quality/disagreement/V02_f0000045.jpg,,,,"[[178.24319422245026, 160.5094063282013], [532.3956298828125, 152.52028334140778], [524.3529224395752, 259.24257469177246]]",dino_pyramid/triangles/V02_f0000045.svg
V02_f0000073,dino_pyramid,dino_pyramid,val,V02,2.4333333333333336,15.051,0.9291973848935874,0.3943380284702837,0.29118528962135315,0.010032339952886105,1,0.0,0.09041777361045997,0.4100185528756957,0.5815789473684211,118.2727141838818,405.84004456613934,23999.901797672424,models_disagree,../../dataset/images/V02_f0000073.png,dino_pyramid/overlays/V02_f0000073.jpg,quality/dino_pyramid/entropy/V02_f0000073.jpg,quality/disagreement/V02_f0000073.jpg,,,,"[[142.6777482032776, 148.01889896392822], [553.6230683326721, 143.99057602882385], [547.0092988014221, 263.31947219371796]]",dino_pyramid/triangles/V02_f0000073.svg
V02_f0000047,baseline,baseline,train,V02,1.5666666666666667,15.036,0.9181010024588614,0.40381042728961614,0.328614205121994,0.006276304367929697,1,0.0,0.06671120192811485,0.9264733750236877,0.9618335628565807,103.54533411302106,344.87469704513086,17855.082866332494,models_disagree,../../dataset/images/V02_f0000047.png,baseline/overlays/V02_f0000047.jpg,quality/baseline/entropy/V02_f0000047.jpg,quality/disagreement/V02_f0000047.jpg,,,,"[[163.76517176628113, 162.74821680784225], [509.33260202407837, 154.66253542900085], [510.0102210044861, 258.42728435993195]]",baseline/triangles/V02_f0000047.svg
V02_f0000046,baseline,baseline,train,V02,1.5333333333333334,15.035,0.9220869565217391,0.4144691584498968,0.3118361532688141,0.005833838135004044,1,0.0,0.07277861693045248,0.7511086474501109,0.857866413421969,111.52650917563777,349.5217480179019,19490.470218701746,models_disagree,../../dataset/images/V02_f0000046.png,baseline/overlays/V02_f0000046.jpg,quality/baseline/entropy/V02_f0000046.jpg,quality/disagreement/V02_f0000046.jpg,,,,"[[156.39119625091553, 152.98984491825104], [506.4864420890808, 148.1517823934555], [505.80101251602173, 259.84760558605194]]",baseline/triangles/V02_f0000046.svg
V02_f0000069,full,TopoFiberDINO Coordinate (ours),train,V02,2.3000000000000003,15.032,0.9150960330281817,0.3829666561148043,0.3326483368873596,0.008187335915863514,1,0.0,0.06907310704960835,0.7478668941979523,0.8557481083719795,102.55373705695335,360.5918042385011,18490.018538383818,models_disagree,../../dataset/images/V02_f0000069.png,full/overlays/V02_f0000069.jpg,quality/full/entropy/V02_f0000069.jpg,quality/disagreement/V02_f0000069.jpg,,,,"[[182.97462344169617, 162.12915301322937], [576.3064312934875, 162.76135802268982], [536.4024138450623, 257.9787219762802]]",full/triangles/V02_f0000069.svg
V02_f0000073,dino_linear,dino_linear,val,V02,2.4333333333333336,15.025,0.9258276077451593,0.3943380284702837,0.30305173993110657,0.009145233780145645,1,0.0,0.0799604104808043,0.42602436323366555,0.5974994175662033,112.15807935152824,379.31406609907646,21271.568562345525,models_disagree,../../dataset/images/V02_f0000073.png,dino_linear/overlays/V02_f0000073.jpg,quality/dino_linear/entropy/V02_f0000073.jpg,quality/disagreement/V02_f0000073.jpg,,,,"[[168.88820707798004, 147.6809947490692], [556.2122797966003, 146.10445022583008], [540.3454613685608, 258.3215973377228]]",dino_linear/triangles/V02_f0000073.svg
V01_f0000061,baseline,baseline,train,V01,2.033333333333333,15.016,0.906025824964132,0.3619737750172533,0.3652094006538391,0.008689017966389656,1,0.0,0.051667296490793706,0.7342643964032906,0.846773303916161,88.61135929382696,312.6029009555332,13850.083986431679,models_disagree,../../dataset/images/V01_f0000061.png,baseline/overlays/V01_f0000061.jpg,quality/baseline/entropy/V01_f0000061.jpg,quality/disagreement/V01_f0000061.jpg,,,,"[[194.47333550453186, 186.0908344388008], [509.36532604694366, 180.01896142959595], [509.79668295383453, 269.2854255437851]]",baseline/triangles/V01_f0000061.svg
V02_f0000061,directional,directional,train,V02,2.033333333333333,15.014,0.9213637142367654,0.3988207366567118,0.31645432114601135,0.007523697335273027,1,0.0,0.0735481330795984,0.5907258064516129,0.7427122940430925,107.41088344963815,367.44976025792846,19734.051686330917,models_disagree,../../dataset/images/V02_f0000061.png,directional/overlays/V02_f0000061.jpg,quality/directional/entropy/V02_f0000061.jpg,quality/disagreement/V02_f0000061.jpg,,,,"[[160.159769654274, 171.71851706504822], [536.0114336013794, 169.6986711025238], [514.6606779098511, 275.12193274497986]]",directional/triangles/V02_f0000061.svg
V01_f0000045,dino_linear,dino_linear,train,V01,1.5,15.0,0.9207521826729349,0.2747800586510264,0.31791895627975464,0.022821223363280296,1,0.0,0.07476954592010925,0.7863792258696717,0.8804168952276468,105.89133891577399,381.2139762980518,20183.62918180342,,../../dataset/images/V01_f0000045.png,dino_linear/overlays/V01_f0000045.jpg,quality/dino_linear/entropy/V01_f0000045.jpg,quality/disagreement/V01_f0000045.jpg,,,,"[[161.34677585959435, 161.56279295682907], [543.6448138952255, 159.98753160238266], [535.6170600652695, 265.5361443758011]]",dino_linear/triangles/V01_f0000045.svg
V01_f0000085,full,TopoFiberDINO Coordinate (ours),val,V01,2.8333333333333335,14.995,0.915414878397711,0.3675145499128482,0.3328687250614166,0.010002968832850456,1,0.0,0.06951948051948052,0.3995317986734296,0.570950655143574,100.76578899908583,366.9687661305184,18488.948628581347,models_disagree,../../dataset/images/V01_f0000085.png,full/overlays/V01_f0000085.jpg,quality/full/entropy/V01_f0000085.jpg,quality/disagreement/V01_f0000085.jpg,,,,"[[156.56649869680405, 178.89871448278427], [528.5694494247437, 167.87989810109138], [538.9262108802795, 269.27923411130905]]",full/triangles/V01_f0000085.svg
V01_f0000078,full,TopoFiberDINO Coordinate (ours),val,V01,2.6,14.991,0.920984872867718,0.3652336448598131,0.31531834602355957,0.011524838395416737,1,0.0,0.07764935064935065,0.5122729163777562,0.6774873911049977,106.13930870204493,388.0097422871728,20591.542908009564,models_disagree,../../dataset/images/V01_f0000078.png,full/overlays/V01_f0000078.jpg,quality/full/entropy/V01_f0000078.jpg,quality/disagreement/V01_f0000078.jpg,,,,"[[164.8136521577835, 132.90565833449364], [561.4541200399399, 141.6373774409294], [543.8715809583664, 247.61684238910675]]",full/triangles/V01_f0000078.svg
V01_f0000077,dino_linear,dino_linear,val,V01,2.566666666666667,14.981,0.9201666088163832,0.34897190848537507,0.32035237550735474,0.013320716097950935,1,0.0,0.07161917098445596,0.615662107320006,0.7621174062703507,104.4670252974451,363.90809520377644,19008.198093798987,,../../dataset/images/V01_f0000077.png,dino_linear/overlays/V01_f0000077.jpg,quality/dino_linear/entropy/V01_f0000077.jpg,quality/disagreement/V01_f0000077.jpg,,,,"[[175.3382911682129, 140.99925756454468], [545.449709892273, 146.95672318339348], [535.342392206192, 252.39962339401245]]",dino_linear/triangles/V01_f0000077.svg
V01_f0000092,baseline,baseline,test,V01,3.066666666666667,14.977,0.9210435976656368,0.37438246654091445,0.31558921933174133,0.010322777554392815,1,0.0,0.07253966607902106,0.5972347460174331,0.7478359051561911,107.2295845474769,359.0757110606923,19251.769659063946,models_disagree,../../dataset/images/V01_f0000092.png,baseline/overlays/V01_f0000092.jpg,quality/baseline/entropy/V01_f0000092.jpg,quality/disagreement/V01_f0000092.jpg,,,,"[[157.67538464069366, 171.33699730038643], [522.2361050844193, 160.85033118724823], [518.0108453035355, 269.43160593509674]]",baseline/triangles/V01_f0000092.svg
V02_f0000055,dino_linear,dino_linear,train,V02,1.8333333333333335,14.95,0.9175735950044603,0.385650154558305,0.3266390264034271,0.008000088855624199,1,0.0,0.07036649214659686,0.6251714155111991,0.7693605850365648,102.12230614503396,369.9654616448599,18890.8630685926,models_disagree,../../dataset/images/V02_f0000055.png,dino_linear/overlays/V02_f0000055.jpg,quality/dino_linear/entropy/V02_f0000055.jpg,quality/disagreement/V02_f0000055.jpg,,,,"[[171.1959743499756, 147.4483540058136], [544.669976234436, 151.61707282066345], [531.5053224563599, 253.15013360977173]]",dino_linear/triangles/V02_f0000055.svg
V02_f0000049,dino_linear,dino_linear,train,V02,1.6333333333333333,14.927,0.9256616116562593,0.2961199499348379,0.3027787208557129,0.020891638472676277,1,0.0,0.08496052631578947,0.8414373306716099,0.9138919002632802,113.43857607261667,402.4106572056398,22824.445974926817,,../../dataset/images/V02_f0000049.png,dino_linear/overlays/V02_f0000049.jpg,quality/dino_linear/entropy/V02_f0000049.jpg,quality/disagreement/V02_f0000049.jpg,,,,"[[165.4786205291748, 147.68986701965332], [581.144392490387, 142.9539247751236], [554.0517497062683, 253.1392104625702]]",dino_linear/triangles/V02_f0000049.svg
V01_f0000049,full,TopoFiberDINO Coordinate (ours),train,V01,1.6333333333333333,14.898,0.9252069224981189,0.33615607809156195,0.30539470911026,0.01564435288310051,1,0.0,0.08391076115485564,0.7140680548501778,0.8331851851851851,111.72653575223647,403.8776183042862,22561.923580500974,,../../dataset/images/V01_f0000049.png,full/overlays/V01_f0000049.jpg,quality/full/entropy/V01_f0000049.jpg,quality/disagreement/V01_f0000049.jpg,,,,"[[168.87565463781357, 150.03814548254013], [580.7689297199249, 142.42299646139145], [561.092141866684, 252.47206538915634]]",full/triangles/V01_f0000049.svg
V02_f0000072,full,TopoFiberDINO Coordinate (ours),val,V02,2.4,14.891,0.9341136244082062,0.32428127428127423,0.27102288603782654,0.01909741386771202,1,0.0,0.09572916666666667,0.8184995966657703,0.9001922223865149,135.3881707269969,375.8202150658154,25440.805719993652,,../../dataset/images/V02_f0000072.png,full/overlays/V02_f0000072.jpg,quality/full/entropy/V02_f0000072.jpg,quality/disagreement/V02_f0000072.jpg,,,,"[[171.99152827262878, 146.9366602897644], [575.4594326019287, 132.97983187437057], [533.453164100647, 263.14994049072266]]",full/triangles/V02_f0000072.svg
V02_f0000020,baseline,baseline,train,V02,0.6666666666666667,14.879,0.9144125958821154,0.380561644092246,0.33908313512802124,0.007568035274744034,1,0.0,0.06315859677204215,0.8009023146331895,0.889445594161856,100.89109869239961,340.73067026676193,17188.345840705675,models_disagree,../../dataset/images/V02_f0000020.png,baseline/overlays/V02_f0000020.jpg,quality/baseline/entropy/V02_f0000020.jpg,quality/disagreement/V02_f0000020.jpg,,,,"[[172.84305810928345, 155.06273502111435], [508.90061616897583, 161.55523079633713], [508.1615138053894, 261.07139933109283]]",baseline/triangles/V02_f0000020.svg
V01_f0000078,dino_linear,dino_linear,val,V01,2.6,14.857,0.9143736771214162,0.3652336448598131,0.3397901654243469,0.0093657486140728,1,0.0,0.0645974025974026,0.46298211910743314,0.6329292929292929,96.42491733117392,355.62353231213945,17145.48485210905,models_disagree,../../dataset/images/V01_f0000078.png,dino_linear/overlays/V01_f0000078.jpg,quality/dino_linear/entropy/V01_f0000078.jpg,quality/disagreement/V01_f0000078.jpg,,,,"[[173.24725160002708, 142.65334233641624], [533.6003816127777, 149.47133883833885], [526.7432253360748, 246.82588130235672]]",dino_linear/triangles/V01_f0000078.svg
V02_f0000086,unet_small,unet_small,val,V02,2.8666666666666667,14.85,0.925368082585886,0.3060212812983486,0.30818721652030945,0.01920711062848568,1,0.0,0.07373624662653104,0.6368503937007874,0.7781412353280739,111.11509424585529,352.16443132719263,19565.39198847952,,../../dataset/images/V02_f0000086.png,unet_small/overlays/V02_f0000086.jpg,quality/unet_small/entropy/V02_f0000086.jpg,quality/disagreement/V02_f0000086.jpg,,,,"[[148.51934552192688, 172.2244371175766], [506.8431258201599, 165.02392077445984], [498.20080518722534, 277.2418704032898]]",unet_small/triangles/V02_f0000086.svg
V02_f0000019,unet_small,unet_small,train,V02,0.6333333333333334,14.844,0.9115929941618015,0.3677476630633453,0.34551262855529785,0.008360510692000389,1,0.0,0.06016724999332069,0.7735300228547684,0.8723055295220243,96.15543724292708,342.8899325686038,16485.36569616594,models_disagree,../../dataset/images/V02_f0000019.png,unet_small/overlays/V02_f0000019.jpg,quality/unet_small/entropy/V02_f0000019.jpg,quality/disagreement/V02_f0000019.jpg,,,,"[[172.28925704956055, 169.44610118865967], [510.90648651123047, 170.15334153175354], [504.6071434020996, 264.70412600040436]]",unet_small/triangles/V02_f0000019.svg
V02_f0000065,dino_pyramid,dino_pyramid,train,V02,2.166666666666667,14.841,0.9242268041237114,0.3900543900543901,0.30656689405441284,0.008398129604756832,1,0.0,0.07336387434554974,0.9725380444288962,0.9860778575862374,114.54147983735466,342.3938135242637,19609.14704411221,models_disagree,../../dataset/images/V02_f0000065.png,dino_pyramid/overlays/V02_f0000065.jpg,quality/dino_pyramid/entropy/V02_f0000065.jpg,quality/disagreement/V02_f0000065.jpg,,,,"[[150.07376611232758, 175.09524083137512], [493.91764640808105, 167.49801361560822], [494.7636938095093, 282.5370554924011]]",dino_pyramid/triangles/V02_f0000065.svg
V01_f0000065,baseline,baseline,train,V01,2.166666666666667,14.804,0.9220632530120482,0.3649234371045305,0.31466734409332275,0.010870621539652348,1,0.0,0.06678001569448078,0.7995958235095992,0.8886393411940857,111.40382236808672,320.8891840867154,17874.14083191836,models_disagree,../../dataset/images/V01_f0000065.png,baseline/overlays/V01_f0000065.jpg,quality/baseline/entropy/V01_f0000065.jpg,quality/disagreement/V01_f0000065.jpg,,,,"[[148.73504322767258, 169.7898544371128], [471.3953790664673, 169.3989783525467], [465.94387888908386, 281.1451256275177]]",baseline/triangles/V01_f0000065.svg
V01_f0000072,baseline,baseline,train,V01,2.4,14.803,0.9272727272727272,0.25822905982905986,0.2972608506679535,0.025372911244630814,1,0.0,0.08306430617026817,0.8737321769807438,0.932611594885071,116.37452281876203,381.57815995038027,22202.988141143378,,../../dataset/images/V01_f0000072.png,baseline/overlays/V01_f0000072.jpg,quality/baseline/entropy/V01_f0000072.jpg,quality/disagreement/V01_f0000072.jpg,,,,"[[165.80405980348587, 152.42808312177658], [550.8477150201797, 142.48571544885635], [550.6971696615219, 259.9130719900131]]",baseline/triangles/V01_f0000072.svg
V02_f0000073,directional,directional,val,V02,2.4333333333333336,14.789,0.9276893319446511,0.3943380284702837,0.2947293817996979,0.008381595835089684,1,0.0,0.08445329999479086,0.38305439330543933,0.5539252760550597,117.08109426894711,383.012200526949,22421.743778026295,models_disagree,../../dataset/images/V02_f0000073.png,directional/overlays/V02_f0000073.jpg,quality/directional/entropy/V02_f0000073.jpg,quality/disagreement/V02_f0000073.jpg,,,,"[[153.67546319961548, 148.9412361383438], [549.0896201133728, 145.3407438993454], [525.88214635849, 261.35014021396637]]",directional/triangles/V02_f0000073.svg
V01_f0000084,dino_pyramid,dino_pyramid,val,V01,2.8000000000000003,14.773,0.9171062547098718,0.3864888416264197,0.33055227994918823,0.00690241577103734,1,0.0,0.0659090909090909,0.38686468038003874,0.5578982374459595,100.6631813022624,348.8520007498825,17558.2760995712,models_disagree,../../dataset/images/V01_f0000084.png,dino_pyramid/overlays/V01_f0000084.jpg,quality/dino_pyramid/entropy/V01_f0000084.jpg,quality/disagreement/V01_f0000084.jpg,,,,"[[170.8126649260521, 174.38630014657974], [523.6467061042786, 164.01905938982964], [522.3494386672974, 265.7766044139862]]",dino_pyramid/triangles/V01_f0000084.svg
V01_f0000089,baseline,baseline,val,V01,2.966666666666667,14.716,0.9200837550165765,0.3992786589614329,0.319827139377594,0.00568698113784194,1,0.0,0.07099954595576312,0.8989455184534271,0.9467838963442851,104.57245364863083,361.5029177884818,18901.623557140407,models_disagree,../../dataset/images/V01_f0000089.png,baseline/overlays/V01_f0000089.jpg,quality/baseline/entropy/V01_f0000089.jpg,quality/disagreement/V01_f0000089.jpg,,,,"[[153.05917644500732, 172.13204875588417], [519.4682981967926, 171.08995467424393], [514.9191710948944, 276.87303721904755]]",baseline/triangles/V01_f0000089.svg
V02_f0000054,full,TopoFiberDINO Coordinate (ours),train,V02,1.8,14.715,0.914959202175884,0.38785921557614905,0.338064968585968,0.0059601301327347755,1,0.0,0.06925196850393701,0.7282546901648664,0.8427631578947369,97.87081653417368,380.0045406600263,18595.67734054519,models_disagree,../../dataset/images/V02_f0000054.png,full/overlays/V02_f0000054.jpg,quality/full/entropy/V02_f0000054.jpg,quality/disagreement/V02_f0000054.jpg,,,,"[[173.03101301193237, 166.63304525613785], [552.9882574081421, 145.18137741088867], [561.0229539871216, 242.8335108757019]]",full/triangles/V02_f0000054.svg
V01_f0000078,baseline,baseline,val,V01,2.6,14.709,0.9150890346766636,0.3652336448598131,0.3362677991390228,0.008787366561591625,1,0.0,0.06628571428571428,0.46615991814062274,0.6358923230309073,98.96459511910487,355.77284712586965,17604.45788509144,models_disagree,../../dataset/images/V01_f0000078.png,baseline/overlays/V01_f0000078.jpg,quality/baseline/entropy/V01_f0000078.jpg,quality/disagreement/V01_f0000078.jpg,,,,"[[171.1503180861473, 143.04577186703682], [531.4120794534683, 147.24329486489296], [533.5277062654495, 247.38720059394836]]",baseline/triangles/V01_f0000078.svg
V02_f0000015,dino_linear,dino_linear,train,V02,0.5,14.702,0.912277105964337,0.32068162837393605,0.3422684371471405,0.01368925254791975,1,0.0,0.06189427015044403,0.7123238808632067,0.8319966670138528,101.20147782717629,337.5169993563103,17078.609563326354,,../../dataset/images/V02_f0000015.png,dino_linear/overlays/V02_f0000015.jpg,quality/dino_linear/entropy/V02_f0000015.jpg,quality/disagreement/V02_f0000015.jpg,,,,"[[199.73618030548096, 143.78506481647491], [544.1892743110657, 143.51225364208221], [514.9709486961365, 237.70460283756256]]",dino_linear/triangles/V02_f0000015.svg
V02_f0000087,baseline,baseline,val,V02,2.9000000000000004,14.672,0.9208999824222183,0.3556559524369774,0.3176039159297943,0.011105767451226711,1,0.0,0.07100729775623162,0.8354430379746836,0.9103448275862069,106.10587556918347,352.9396204756226,18724.483726810624,models_disagree,../../dataset/images/V02_f0000087.png,baseline/overlays/V02_f0000087.jpg,quality/baseline/entropy/V02_f0000087.jpg,quality/disagreement/V02_f0000087.jpg,,,,"[[160.1222813129425, 172.87670505046844], [520.2543139457703, 168.11151552200317], [511.3233017921448, 275.51793026924133]]",baseline/triangles/V02_f0000087.svg
V01_f0000073,dino_pyramid,dino_pyramid,val,V01,2.4333333333333336,14.665,0.9278921220723918,0.39265630903958565,0.29587164521217346,0.008017386309802532,1,0.0,0.08832762557077625,0.36711229946524065,0.5370623899863094,116.20386126420019,404.9082560090094,23525.95140300009,models_disagree,../../dataset/images/V01_f0000073.png,dino_pyramid/overlays/V01_f0000073.jpg,quality/dino_pyramid/entropy/V01_f0000073.jpg,quality/disagreement/V01_f0000073.jpg,,,,"[[145.6445927619934, 145.0076401233673], [555.373566031456, 142.7648328244686], [548.9966164827347, 259.97020304203033]]",dino_pyramid/triangles/V01_f0000073.svg
V02_f0000087,full,TopoFiberDINO Coordinate (ours),val,V02,2.9000000000000004,14.659,0.9128693994280267,0.3556559524369774,0.34646371006965637,0.00923422072082758,1,0.0,0.06504465500926802,0.6337332392378264,0.7758099352051836,105.12924154411007,326.6114893685184,17168.209078452255,models_disagree,../../dataset/images/V02_f0000087.png,full/overlays/V02_f0000087.jpg,quality/full/entropy/V02_f0000087.jpg,quality/disagreement/V02_f0000087.jpg,,,,"[[174.5780110359192, 170.63893115520477], [571.2718534469604, 176.78105026483536], [511.3331651687622, 265.1575480699539]]",full/triangles/V02_f0000087.svg
V02_f0000079,unet_small,unet_small,val,V02,2.6333333333333333,14.657,0.9173943415997206,0.3876672327999761,0.32575011253356934,0.006241366267204285,1,0.0,0.0710459762661306,0.789382673352931,0.8822960958639351,100.98798835304008,373.83723152996174,18876.53499184026,models_disagree,../../dataset/images/V02_f0000079.png,unet_small/overlays/V02_f0000079.jpg,quality/unet_small/entropy/V02_f0000079.jpg,quality/disagreement/V02_f0000079.jpg,,,,"[[162.25141882896423, 156.794109582901], [547.3837065696716, 150.6204248070717], [530.2405571937561, 251.46177172660828]]",unet_small/triangles/V02_f0000079.svg
V01_f0000075,directional,directional,val,V01,2.5,14.652,0.9250081512879035,0.33076790714408627,0.3027532398700714,0.015041444450616837,1,0.0,0.07641558441558441,0.42470332609059,0.5961989676208352,113.59022026058962,357.3120405068372,20293.57669146618,,../../dataset/images/V01_f0000075.png,directional/overlays/V01_f0000075.jpg,quality/directional/entropy/V01_f0000075.jpg,quality/disagreement/V01_f0000075.jpg,,,,"[[159.86466079950333, 151.01174265146255], [525.2127974033356, 152.15623006224632], [509.23960518836975, 266.11319929361343]]",directional/triangles/V01_f0000075.svg
V02_f0000099,dino_pyramid,dino_pyramid,test,V02,3.3000000000000003,14.642,0.9232934553131598,0.4018366744904896,0.30950772762298584,0.005721870344132185,1,0.0,0.07070341295604154,0.291861288039632,0.4518461707023118,113.2239203950677,329.72774402376143,18666.533920695812,models_disagree,../../dataset/images/V02_f0000099.png,dino_pyramid/overlays/V02_f0000099.jpg,quality/dino_pyramid/entropy/V02_f0000099.jpg,quality/disagreement/V02_f0000099.jpg,,,,"[[167.00448989868164, 157.4116017818451], [502.325599193573, 151.07740247249603], [506.7196583747864, 266.1372652053833]]",dino_pyramid/triangles/V02_f0000099.svg
V01_f0000024,directional,directional,train,V01,0.8,14.636,0.9266459728802483,0.3155098294933102,0.3015267550945282,0.017236284911632538,1,0.0,0.07946368413960382,0.8222372423115918,0.9024480712166172,121.98834502337195,360.0752999172333,21962.494960348795,,../../dataset/images/V01_f0000024.png,directional/overlays/V01_f0000024.jpg,quality/directional/entropy/V01_f0000024.jpg,quality/disagreement/V01_f0000024.jpg,,,,"[[183.4285308122635, 135.70237532258034], [551.9801018238068, 126.94177776575089], [517.9854214191437, 240.7621443271637]]",directional/triangles/V01_f0000024.svg
V02_f0000019,baseline,baseline,train,V02,0.6333333333333334,14.635,0.9133537206931702,0.3677476630633453,0.34000465273857117,0.007713433355093002,1,0.0,0.062545085361618,0.7515577889447236,0.8581592839109479,99.44906098904565,342.7205781065474,17041.61983715951,models_disagree,../../dataset/images/V02_f0000019.png,baseline/overlays/V02_f0000019.jpg,quality/baseline/entropy/V02_f0000019.jpg,quality/disagreement/V02_f0000019.jpg,,,,"[[154.27471339702606, 161.6559578180313], [492.181191444397, 168.27424812316895], [486.70456409454346, 266.12734520435333]]",baseline/triangles/V02_f0000019.svg
V02_f0000048,directional,directional,train,V02,1.6,14.618,0.928,0.4000680518511201,0.3056205213069916,0.0068790121003985405,1,0.0,0.08704724409448819,0.6018507672484479,0.7514442413162705,113.87243065131081,404.10675295983856,23008.309101072802,models_disagree,../../dataset/images/V02_f0000048.png,directional/overlays/V02_f0000048.jpg,quality/directional/entropy/V02_f0000048.jpg,quality/disagreement/V02_f0000048.jpg,,,,"[[161.65867745876312, 148.26779067516327], [576.1249351501465, 148.27647346258163], [551.4526748657227, 259.60063099861145]]",directional/triangles/V02_f0000048.svg
V02_f0000020,dino_pyramid,dino_pyramid,train,V02,0.6666666666666667,14.594,0.9125589369909987,0.380561644092246,0.3466758728027344,0.005727170500904322,1,0.0,0.05943710817660398,0.8997012377294067,0.9472028757582566,100.27468949327397,322.7257916599712,16180.614275087319,models_disagree,../../dataset/images/V02_f0000020.png,dino_pyramid/overlays/V02_f0000020.jpg,quality/dino_pyramid/entropy/V02_f0000020.jpg,quality/disagreement/V02_f0000020.jpg,,,,"[[191.84910893440247, 157.55170786380768], [510.92856645584106, 170.19319987297058], [514.8143362998962, 269.0277305841446]]",dino_pyramid/triangles/V02_f0000020.svg
V02_f0000060,dino_linear,dino_linear,train,V02,2.0,14.586,0.9189086052280099,0.37813956724413833,0.32590457797050476,0.007416325155645609,1,0.0,0.06612860892388452,0.6856976969227792,0.8135476463834673,104.69720424397165,337.25188807427617,17654.66490368878,models_disagree,../../dataset/images/V02_f0000060.png,dino_linear/overlays/V02_f0000060.jpg,quality/dino_linear/entropy/V02_f0000060.jpg,quality/disagreement/V02_f0000060.jpg,,,,"[[167.70639181137085, 163.10929369926453], [507.8639602661133, 165.4595983028412], [496.08067989349365, 269.81067502498627]]",dino_linear/triangles/V02_f0000060.svg
V02_f0000098,directional,directional,test,V02,3.2666666666666666,14.576,0.9280711992996791,0.3976048050692992,0.29530632495880127,0.006988823413848877,2,0.00015151515151512474,0.08527131782945736,0.3517142857142857,0.5203973789896428,115.79072602445139,388.5809316644789,22497.034098343873,models_disagree,../../dataset/images/V02_f0000098.png,directional/overlays/V02_f0000098.jpg,quality/directional/entropy/V02_f0000098.jpg,quality/disagreement/V02_f0000098.jpg,,,,"[[158.6619633436203, 140.92299962043762], [560.2709341049194, 146.34168314933777], [538.4190988540649, 262.1975758075714]]",directional/triangles/V02_f0000098.svg
V02_f0000055,directional,directional,train,V02,1.8333333333333335,14.574,0.9221938775510204,0.385650154558305,0.3135446608066559,0.007156201172620058,1,0.0,0.07908376963350786,0.6447024673439767,0.7839745852453229,107.67095835810626,393.7881461268408,21199.773541769468,models_disagree,../../dataset/images/V02_f0000055.png,directional/overlays/V02_f0000055.jpg,quality/directional/entropy/V02_f0000055.jpg,quality/disagreement/V02_f0000055.jpg,,,,"[[158.21486949920654, 148.23411840200424], [557.8478980064392, 145.3963404893875], [541.839587688446, 252.14850330352783]]",directional/triangles/V02_f0000055.svg
V02_f0000020,directional,directional,train,V02,0.6666666666666667,14.571,0.918558829048602,0.380561644092246,0.3224034905433655,0.006962883286178112,1,0.0,0.06829398426037081,0.6982069944967157,0.8222872674053942,109.84843366217805,338.0665749516543,18568.04186598827,models_disagree,../../dataset/images/V02_f0000020.png,directional/overlays/V02_f0000020.jpg,quality/directional/entropy/V02_f0000020.jpg,quality/disagreement/V02_f0000020.jpg,,,,"[[182.5225853919983, 152.87463915348053], [534.6881890296936, 155.54743295907974], [499.0655779838562, 257.87880861759186]]",directional/triangles/V02_f0000020.svg
V02_f0000024,dino_linear,dino_linear,train,V02,0.8,14.569,0.9154346540508574,0.2962962962962963,0.33509713411331177,0.01677941344678402,1,0.0,0.06555266438987369,0.8131708204475169,0.8969599678940504,102.80253233073829,352.804107252555,18134.57782112402,,../../dataset/images/V02_f0000024.png,dino_linear/overlays/V02_f0000024.jpg,quality/dino_linear/entropy/V02_f0000024.jpg,quality/disagreement/V02_f0000024.jpg,,,,"[[180.72345793247223, 138.41720736026764], [524.9904370307922, 137.7196083664894], [515.6526732444763, 237.1384048461914]]",dino_linear/triangles/V02_f0000024.svg
V02_f0000051,dino_pyramid,dino_pyramid,train,V02,1.7000000000000002,14.559,0.9318395277069637,0.31897495599628567,0.27842065691947937,0.017586395144462585,1,0.0,0.09519736842105263,0.8804217269451488,0.9364088005677785,129.76209949049834,392.4797281260042,25464.49676454515,,../../dataset/images/V02_f0000051.png,dino_pyramid/overlays/V02_f0000051.jpg,quality/dino_pyramid/entropy/V02_f0000051.jpg,quality/disagreement/V02_f0000051.jpg,,,,"[[153.28648567199707, 142.0048816204071], [545.9566712379456, 141.78188222646713], [541.4447522163391, 271.44738602638245]]",dino_pyramid/triangles/V02_f0000051.svg
V02_f0000069,directional,directional,train,V02,2.3000000000000003,14.55,0.9243790539471602,0.3829666561148043,0.30433541536331177,0.007865266874432564,1,0.0,0.07941253263707572,0.6120009857072449,0.7593059695788428,112.19311723404918,377.73253688203596,21189.495396760532,models_disagree,../../dataset/images/V02_f0000069.png,directional/overlays/V02_f0000069.jpg,quality/directional/entropy/V02_f0000069.jpg,quality/disagreement/V02_f0000069.jpg,,,,"[[145.8852732181549, 156.13726061582565], [530.8673572540283, 152.46045124530792], [514.272050857544, 264.17943596839905]]",directional/triangles/V02_f0000069.svg
V01_f0000065,directional,directional,train,V01,2.166666666666667,14.51,0.9156143515734616,0.3649234371045305,0.3377808928489685,0.007947778329253197,1,0.0,0.06229400993983782,0.7747083047357584,0.8730542395823262,99.17052114273896,336.9428184046159,16707.39744824451,models_disagree,../../dataset/images/V01_f0000065.png,directional/overlays/V01_f0000065.jpg,quality/directional/entropy/V01_f0000065.jpg,quality/disagreement/V01_f0000065.jpg,,,,"[[154.46987736225128, 165.68999737501144], [499.8781213760376, 170.58803513646126], [478.4606215953827, 267.85142719745636]]",directional/triangles/V01_f0000065.svg
V02_f0000052,directional,directional,train,V02,1.7333333333333334,14.505,0.9255072014867586,0.4140979982807319,0.2993517518043518,0.004001686815172434,1,0.0,0.08165354330708662,0.7122956645344705,0.8319774198904201,115.87049021385447,379.1209981494676,21964.46795297231,models_disagree,../../dataset/images/V02_f0000052.png,directional/overlays/V02_f0000052.jpg,quality/directional/entropy/V02_f0000052.jpg,quality/disagreement/V02_f0000052.jpg,,,,"[[155.86739838123322, 148.9625028371811], [538.1161379814148, 147.19986355304718], [523.8442826271057, 262.18805706501007]]",directional/triangles/V02_f0000052.svg
V02_f0000019,full,TopoFiberDINO Coordinate (ours),train,V02,0.6333333333333334,14.503,0.9148314168778016,0.3677476630633453,0.33494827151298523,0.007382100913673639,1,0.0,0.06555077613615111,0.7300174182310819,0.8439422754223067,101.20632152399679,352.76334201332537,17850.940106840128,models_disagree,../../dataset/images/V02_f0000019.png,full/overlays/V02_f0000019.jpg,quality/full/entropy/V02_f0000019.jpg,quality/disagreement/V02_f0000019.jpg,,,,"[[166.67609453201294, 164.01266026496887], [522.5047659873962, 154.3222125172615], [503.73260736465454, 252.27768623828888]]",full/triangles/V02_f0000019.svg
V02_f0000089,dino_linear,dino_linear,val,V02,2.966666666666667,14.484,0.9198670605612999,0.3747106851260206,0.32076194882392883,0.00755053386092186,1,0.0,0.06758337448987549,0.3462635482030804,0.514406779661017,105.38991289973004,340.1121435385642,17922.194591834883,models_disagree,../../dataset/images/V02_f0000089.png,dino_linear/overlays/V02_f0000089.jpg,quality/dino_linear/entropy/V02_f0000089.jpg,quality/disagreement/V02_f0000089.jpg,,,,"[[157.14390456676483, 173.15936934947968], [502.2607111930847, 164.7939327955246], [496.75814867019653, 271.31648659706116]]",dino_linear/triangles/V02_f0000089.svg
V02_f0000045,dino_linear,dino_linear,train,V02,1.5,14.462,0.9220019499512512,0.2604383803929,0.3126494288444519,0.022207209840416908,1,0.0,0.07643421052631579,0.7636513157894737,0.8659889956168982,106.6746165930274,389.9640663551806,20799.63363174839,,../../dataset/images/V02_f0000045.png,dino_linear/overlays/V02_f0000045.jpg,quality/dino_linear/entropy/V02_f0000045.jpg,quality/disagreement/V02_f0000045.jpg,,,,"[[166.18600487709045, 158.5362846851349], [557.9565954208374, 157.96736705303192], [546.1676073074341, 263.8056859970093]]",dino_linear/triangles/V02_f0000045.svg
V01_f0000055,directional,directional,train,V01,1.8333333333333335,14.451,0.9228285437520181,0.38353818871155143,0.3114362359046936,0.006947197485715151,1,0.0,0.07771653543307086,0.5927774515560775,0.7443317972350231,109.2460498566023,384.1080873192621,20981.14562880213,models_disagree,../../dataset/images/V01_f0000055.png,directional/overlays/V01_f0000055.jpg,quality/directional/entropy/V01_f0000055.jpg,quality/disagreement/V01_f0000055.jpg,,,,"[[163.32068574428558, 144.32799071073532], [554.1193044185638, 142.85755902528763], [534.1996660232544, 250.23356080055237]]",directional/triangles/V01_f0000055.svg
V01_f0000046,dino_linear,dino_linear,train,V01,1.5333333333333334,14.445,0.9208503679476696,0.28081527897230074,0.31671279668807983,0.019314059987664223,1,0.0,0.0769078947368421,0.7260869565217392,0.8413098236775819,106.0312434304498,390.7136121602261,20713.925061275644,,../../dataset/images/V01_f0000046.png,dino_linear/overlays/V01_f0000046.jpg,quality/dino_linear/entropy/V01_f0000046.jpg,quality/disagreement/V01_f0000046.jpg,,,,"[[164.34410947561264, 153.44242751598358], [557.4056786298752, 150.62188357114792], [546.0890032052994, 255.99271059036255]]",dino_linear/triangles/V01_f0000046.svg
V01_f0000060,dino_linear,dino_linear,train,V01,2.0,14.437,0.9216751357981426,0.36706835021684514,0.31768280267715454,0.008678427897393703,1,0.0,0.07175392670157069,0.6503279883381924,0.7881196864303853,107.46055138469708,358.8127753816605,19279.10934319335,models_disagree,../../dataset/images/V01_f0000060.png,dino_linear/overlays/V01_f0000060.jpg,quality/dino_linear/entropy/V01_f0000060.jpg,quality/disagreement/V01_f0000060.jpg,,,,"[[169.98966032266617, 159.42366421222687], [532.9910575151443, 162.84795105457306], [517.202975153923, 269.3750336766243]]",dino_linear/triangles/V01_f0000060.svg
V02_f0000027,full,TopoFiberDINO Coordinate (ours),train,V02,0.9,14.432,0.9362019649297351,0.36476432559165245,0.2633545696735382,0.012208188883960247,1,0.0,0.10392575777807452,0.8320467578297309,0.9083248058749173,141.22578388616998,400.3879883762736,28272.553758522976,models_disagree,../../dataset/images/V02_f0000027.png,full/overlays/V02_f0000027.jpg,quality/full/entropy/V02_f0000027.jpg,quality/disagreement/V02_f0000027.jpg,,,,"[[169.0254682302475, 133.68349432945251], [574.0986371040344, 124.32305938005447], [545.8984923362732, 260.6868153810501]]",full/triangles/V02_f0000027.svg
V02_f0000039,directional,directional,train,V02,1.3,14.431,0.92544,0.3046247701072085,0.3052241802215576,0.017301199957728386,1,0.0,0.07914473684210527,0.7518621973929237,0.8583576933297901,114.68728055572547,371.20959990480804,21286.50976463066,,../../dataset/images/V02_f0000039.png,directional/overlays/V02_f0000039.jpg,quality/directional/entropy/V02_f0000039.jpg,quality/disagreement/V02_f0000039.jpg,,,,"[[169.97997522354126, 170.56180036067963], [555.5437231063843, 158.2791560292244], [527.4474191665649, 269.332865357399]]",directional/triangles/V02_f0000039.svg
V01_f0000065,dino_linear,dino_linear,train,V01,2.166666666666667,14.425,0.9155363748458692,0.3649234371045305,0.3351008892059326,0.007507421541959047,1,0.0,0.06105153021187549,0.8365591397849462,0.9110070257611241,101.2335518613451,322.79018747648854,16338.598592117207,models_disagree,../../dataset/images/V01_f0000065.png,dino_linear/overlays/V01_f0000065.jpg,quality/dino_linear/entropy/V01_f0000065.jpg,quality/disagreement/V01_f0000065.jpg,,,,"[[155.0964087843895, 174.9897636473179], [479.71448361873627, 170.60675472021103], [475.556055188179, 272.1870616078377]]",dino_linear/triangles/V01_f0000065.svg
V01_f0000089,directional,directional,val,V01,2.966666666666667,14.418,0.9185117967332124,0.3992786589614329,0.32698097825050354,0.003843302372843027,1,0.0,0.06861257053901537,0.7805532271584241,0.8767536013558045,102.24076127243234,356.3407657002791,18216.27557879899,models_disagree,../../dataset/images/V01_f0000089.png,directional/overlays/V01_f0000089.jpg,quality/directional/entropy/V01_f0000089.jpg,quality/disagreement/V01_f0000089.jpg,,,,"[[149.05543911457062, 168.87296363711357], [516.9852488040924, 176.86981335282326], [494.38346552848816, 277.8923213481903]]",directional/triangles/V01_f0000089.svg
V02_f0000074,full,TopoFiberDINO Coordinate (ours),val,V02,2.466666666666667,14.416,0.9270429412609508,0.3584153498281248,0.29694506525993347,0.010861216112971306,1,0.0,0.08676623376623377,0.5096637809542983,0.6752017070080683,113.5272159930698,405.59456112864086,23023.010673432782,models_disagree,../../dataset/images/V02_f0000074.png,full/overlays/V02_f0000074.jpg,quality/full/entropy/V02_f0000074.jpg,quality/disagreement/V02_f0000074.jpg,,,,"[[147.62892544269562, 143.9549309015274], [562.3083972930908, 141.02877581119537], [547.9725551605225, 255.19590532779694]]",full/triangles/V02_f0000074.svg
V02_f0000072,baseline,baseline,val,V02,2.4,14.411,0.9253227699530516,0.32428127428127423,0.30264198780059814,0.014718888327479362,1,0.0,0.08536458333333333,0.6898977830877473,0.816496465043205,111.48687089766713,406.84925306937515,22679.175075878866,,../../dataset/images/V02_f0000072.png,baseline/overlays/V02_f0000072.jpg,quality/baseline/entropy/V02_f0000072.jpg,quality/disagreement/V02_f0000072.jpg,,,,"[[162.80008792877197, 157.92307257652283], [574.5057892799377, 146.65700542926788], [570.4453825950623, 259.21682727336884]]",baseline/triangles/V02_f0000072.svg
V02_f0000054,directional,directional,train,V02,1.8,14.382,0.9249047981721249,0.38785921557614905,0.3021349608898163,0.006533220876008272,1,0.0,0.08266404199475065,0.5951557093425606,0.7462039045553145,112.96195333370106,393.7172442049747,22237.53448327787,models_disagree,../../dataset/images/V02_f0000054.png,directional/overlays/V02_f0000054.jpg,quality/directional/entropy/V02_f0000054.jpg,quality/disagreement/V02_f0000054.jpg,,,,"[[159.6162325143814, 150.500994682312], [561.9283318519592, 152.69710457324982], [538.6718916893005, 263.37040972709656]]",directional/triangles/V02_f0000054.svg
V02_f0000087,dino_linear,dino_linear,val,V02,2.9000000000000004,14.378,0.9184656900539707,0.3556559524369774,0.32596248388290405,0.0090892743319273,1,0.0,0.06438357940036554,0.7318905921250376,0.8451926414439431,103.22771842321127,329.55146169390775,17009.422746848202,models_disagree,../../dataset/images/V02_f0000087.png,dino_linear/overlays/V02_f0000087.jpg,quality/dino_linear/entropy/V02_f0000087.jpg,quality/disagreement/V02_f0000087.jpg,,,,"[[160.48940420150757, 168.44906306266785], [495.7171368598938, 163.91479778289795], [491.3163685798645, 268.67600524425507]]",dino_linear/triangles/V02_f0000087.svg
V02_f0000087,directional,directional,val,V02,2.9000000000000004,14.371,0.9207920792079208,0.3556559524369774,0.3176535665988922,0.009573979303240776,1,0.0,0.07160356203092796,0.8315645845967253,0.9080374141213475,105.1640832562775,359.70124511761816,18913.825844467938,models_disagree,../../dataset/images/V02_f0000087.png,directional/overlays/V02_f0000087.jpg,quality/directional/entropy/V02_f0000087.jpg,quality/disagreement/V02_f0000087.jpg,,,,"[[151.16492092609406, 167.51080930233002], [521.360764503479, 172.4671093225479], [502.6956510543823, 277.6442211866379]]",directional/triangles/V02_f0000087.svg
V02_f0000045,baseline,baseline,train,V02,1.5,14.347,0.9160437032777459,0.2604383803929,0.33087974786758423,0.020288443192839622,1,0.0,0.06568421052631579,0.8014184397163121,0.889763779527559,102.95782422514422,343.47556848039056,17681.74860261777,,../../dataset/images/V02_f0000045.png,baseline/overlays/V02_f0000045.jpg,quality/baseline/entropy/V02_f0000045.jpg,quality/disagreement/V02_f0000045.jpg,,,,"[[171.20164453983307, 157.45654273033142], [514.0964126586914, 155.42490422725677], [513.9035511016846, 258.2071272134781]]",baseline/triangles/V02_f0000045.svg
V02_f0000074,dino_linear,dino_linear,val,V02,2.466666666666667,14.346,0.9198145604395604,0.3584153498281248,0.3192085027694702,0.008888443000614643,1,0.0,0.07242857142857143,0.3256679389312977,0.4913265673360685,103.89830499990663,369.5984458558456,19200.326027511062,models_disagree,../../dataset/images/V02_f0000074.png,dino_linear/overlays/V02_f0000074.jpg,quality/dino_linear/entropy/V02_f0000074.jpg,quality/disagreement/V02_f0000074.jpg,,,,"[[158.29933404922485, 150.4566221833229], [533.6634492874146, 154.73189741373062], [525.6478786468506, 259.7308393716812]]",dino_linear/triangles/V02_f0000074.svg
V02_f0000024,directional,directional,train,V02,0.8,14.34,0.9262672811059908,0.2962962962962963,0.29995739459991455,0.01807367615401745,1,0.0,0.07928118393234672,0.7400950871632329,0.8506375227686703,122.81296281003789,356.6992646111129,21903.646759526237,,../../dataset/images/V02_f0000024.png,directional/overlays/V02_f0000024.jpg,quality/directional/entropy/V02_f0000024.jpg,quality/disagreement/V02_f0000024.jpg,,,,"[[183.12130987644196, 135.559823513031], [548.1247115135193, 127.62055689096451], [512.9916644096375, 241.62302553653717]]",directional/triangles/V02_f0000024.svg
V01_f0000092,dino_linear,dino_linear,test,V01,3.066666666666667,14.325,0.9212832809657682,0.37438246654091445,0.3179791271686554,0.007116685621440411,1,0.0,0.07662293891942341,0.57294810981745,0.7285022388741661,105.48219979944982,383.0468279218514,20202.3110176991,models_disagree,../../dataset/images/V01_f0000092.png,dino_linear/overlays/V01_f0000092.jpg,quality/dino_linear/entropy/V01_f0000092.jpg,quality/disagreement/V01_f0000092.jpg,,,,"[[154.54787224531174, 163.094412535429], [543.7276787757874, 163.5998860001564], [535.8885312080383, 270.2047526836395]]",dino_linear/triangles/V01_f0000092.svg
V01_f0000046,full,TopoFiberDINO Coordinate (ours),train,V01,1.5333333333333334,14.322,0.9325429272281276,0.28081527897230074,0.2797671854496002,0.021328585222363472,1,0.0,0.09322368421052632,0.8669051437029728,0.9287082920383217,127.67331376308013,392.56537577167535,25060.06119670928,,../../dataset/images/V01_f0000046.png,full/overlays/V01_f0000046.jpg,quality/full/entropy/V01_f0000046.jpg,quality/disagreement/V01_f0000046.jpg,,,,"[[162.96530079841614, 149.87758174538612], [556.8393104076385, 135.71184128522873], [549.3502032756805, 263.09962570667267]]",full/triangles/V01_f0000046.svg
V02_f0000074,dino_pyramid,dino_pyramid,val,V02,2.466666666666667,14.322,0.9275766016713092,0.3584153498281248,0.2918631136417389,0.010510778985917568,1,0.0,0.0894935064935065,0.4511880904666476,0.621818899191162,117.32736915983018,404.55991360764006,23732.975165556294,models_disagree,../../dataset/images/V02_f0000074.png,dino_pyramid/overlays/V02_f0000074.jpg,quality/dino_pyramid/entropy/V02_f0000074.jpg,quality/disagreement/V02_f0000074.jpg,,,,"[[145.6041169166565, 147.19148170948029], [555.6381011009216, 143.60961455106735], [555.6782555580139, 262.5248689651489]]",dino_pyramid/triangles/V02_f0000074.svg
V02_f0000063,baseline,baseline,train,V02,2.1,14.291,0.9176131547719952,0.24607038309787452,0.32523679733276367,0.02216057851910591,1,0.0,0.07414682695581572,0.8075742067553736,0.8935447338618346,102.01163980830138,387.76231260367376,19778.134682279964,,../../dataset/images/V02_f0000063.png,baseline/overlays/V02_f0000063.jpg,quality/baseline/entropy/V02_f0000063.jpg,quality/disagreement/V02_f0000063.jpg,,,,"[[154.98879432678223, 176.64462238550186], [544.9839019775391, 171.50960630178452], [543.2451438903809, 274.0562571287155]]",baseline/triangles/V02_f0000063.svg
V01_f0000046,baseline,baseline,train,V01,1.5333333333333334,14.287,0.9278595864941247,0.28081527897230074,0.29464757442474365,0.02010194957256317,1,0.0,0.08521052631578947,0.7461233321312658,0.8546055349029327,118.90179188150707,385.3768904549173,22911.001412406462,,../../dataset/images/V01_f0000046.png,baseline/overlays/V01_f0000046.jpg,quality/baseline/entropy/V01_f0000046.jpg,quality/disagreement/V01_f0000046.jpg,,,,"[[155.9956725537777, 152.3110494017601], [542.5963408946991, 143.38478073477745], [534.7885611057281, 261.9687393307686]]",baseline/triangles/V01_f0000046.svg
V01_f0000073,directional,directional,val,V01,2.4333333333333336,14.287,0.9275736410567871,0.39265630903958565,0.2964526414871216,0.006056529935449362,1,0.0,0.0820101701951017,0.4137030047902453,0.5852756956566383,116.95705828256578,374.8705027716664,21921.87562054026,models_disagree,../../dataset/images/V01_f0000073.png,directional/overlays/V01_f0000073.jpg,quality/directional/entropy/V01_f0000073.jpg,quality/disagreement/V01_f0000073.jpg,,,,"[[156.3720983862877, 144.20673251152039], [544.2564356327057, 141.51548221707344], [519.4343330860138, 257.01791793107986]]",directional/triangles/V01_f0000073.svg
V02_f0000019,dino_pyramid,dino_pyramid,train,V02,0.6333333333333334,14.276,0.9131460011790136,0.3677476630633453,0.3413749635219574,0.005867572035640478,1,0.0,0.06541718987950519,0.7900962309542903,0.8827416284018367,99.75209162751236,355.34656428286416,17723.28151993299,models_disagree,../../dataset/images/V02_f0000019.png,dino_pyramid/overlays/V02_f0000019.jpg,quality/dino_pyramid/entropy/V02_f0000019.jpg,quality/disagreement/V02_f0000019.jpg,,,,"[[158.88728141784668, 163.94672012329102], [509.2974543571472, 165.3899130821228], [512.3916506767273, 263.64607429504395]]",dino_pyramid/triangles/V02_f0000019.svg
V01_f0000092,full,TopoFiberDINO Coordinate (ours),test,V01,3.066666666666667,14.275,0.9144888888888889,0.37438246654091445,0.3327694237232208,0.0053391167894005775,1,0.0,0.07063413875349994,0.5585130111524164,0.7167255032916706,100.45876041097526,371.22217492952626,18646.259765243212,models_disagree,../../dataset/images/V01_f0000092.png,full/overlays/V01_f0000092.jpg,quality/full/entropy/V01_f0000092.jpg,quality/disagreement/V01_f0000092.jpg,,,,"[[165.46467092633247, 160.9819382429123], [542.3683251142502, 161.79493814706802], [548.4315968751907, 263.4163051843643]]",full/triangles/V01_f0000092.svg
V02_f0000012,dino_linear,dino_linear,train,V02,0.4,14.258,0.9170673076923077,0.3375383566314354,0.3325974643230438,0.010436982847750187,1,0.0,0.06476631339586633,0.7870614862316108,0.880844327176781,108.36722585672426,329.301891167811,17842.766207614302,,../../dataset/images/V02_f0000012.png,dino_linear/overlays/V02_f0000012.jpg,quality/dino_linear/entropy/V02_f0000012.jpg,quality/disagreement/V02_f0000012.jpg,,,,"[[211.14510297775269, 138.71555417776108], [555.3076028823853, 134.85637283325195], [517.9115867614746, 233.44783008098602]]",dino_linear/triangles/V02_f0000012.svg
V01_f0000061,directional,directional,train,V01,2.033333333333333,14.24,0.924187725631769,0.3619737750172533,0.30898427963256836,0.008897563442587852,1,0.0,0.07629559166547217,0.7795646523716699,0.8761296211775444,110.94025570032683,367.6262707105776,20392.276237394526,models_disagree,../../dataset/images/V01_f0000061.png,directional/overlays/V01_f0000061.jpg,quality/directional/entropy/V01_f0000061.jpg,quality/disagreement/V01_f0000061.jpg,,,,"[[161.08524450659752, 178.36584895849228], [541.4818856716156, 167.90534555912018], [518.7887961864471, 277.3389369249344]]",directional/triangles/V01_f0000061.svg
V01_f0000054,dino_linear,dino_linear,train,V01,1.8,14.239,0.9218160957220127,0.364826503690345,0.31709781289100647,0.008001744747161865,1,0.0,0.07686351706036745,0.6310744913401715,0.7738144329896908,106.49579659251707,388.63818649410234,20694.166628480318,models_disagree,../../dataset/images/V01_f0000054.png,dino_linear/overlays/V01_f0000054.jpg,quality/dino_linear/entropy/V01_f0000054.jpg,quality/disagreement/V01_f0000054.jpg,,,,"[[165.062246799469, 150.20210668444633], [559.4591692686081, 155.67098557949066], [539.8154474496841, 260.3394091129303]]",dino_linear/triangles/V01_f0000054.svg
V01_f0000077,directional,directional,val,V01,2.566666666666667,14.238,0.9242712294043093,0.34897190848537507,0.3051925301551819,0.01052740029990673,1,0.0,0.07825129533678757,0.6441816323550883,0.7835893792735992,111.1080778594674,374.48325463200115,20804.05730635957,,../../dataset/images/V01_f0000077.png,directional/overlays/V01_f0000077.jpg,quality/directional/entropy/V01_f0000077.jpg,quality/disagreement/V01_f0000077.jpg,,,,"[[155.7200182080269, 149.81858432292938], [538.1725350618362, 146.91100269556046], [525.5386127233505, 258.86039435863495]]",directional/triangles/V01_f0000077.svg
V02_f0000045,unet_small,unet_small,train,V02,1.5,14.238,0.9217021276595745,0.2604383803929,0.3131566345691681,0.021019916981458664,1,0.0,0.07393421052631578,0.7949897750511248,0.8857875249216748,109.52450426486372,364.3608291719569,19953.219594296635,,../../dataset/images/V02_f0000045.png,unet_small/overlays/V02_f0000045.jpg,quality/unet_small/entropy/V02_f0000045.jpg,quality/disagreement/V02_f0000045.jpg,,,,"[[160.19006073474884, 158.1475209593773], [523.9664483070374, 154.24999713897705], [523.1983065605164, 263.58519446849823]]",unet_small/triangles/V02_f0000045.svg
V02_f0000095,dino_linear,dino_linear,test,V02,3.166666666666667,14.223,0.9229399384814635,0.3685528044216423,0.30987289547920227,0.007705633994191885,1,0.0,0.07650773195876288,0.6101392359871475,0.7578713968957871,107.55277938889937,373.9940857889927,20112.05170080832,models_disagree,../../dataset/images/V02_f0000095.png,dino_linear/overlays/V02_f0000095.jpg,quality/dino_linear/entropy/V02_f0000095.jpg,quality/disagreement/V02_f0000095.jpg,,,,"[[156.4723563194275, 167.64712572097778], [539.8978042602539, 160.02039486169815], [531.9253921508789, 269.54546546936035]]",dino_linear/triangles/V02_f0000095.svg
V02_f0000019,directional,directional,train,V02,0.6333333333333334,14.205,0.9193843898864053,0.3677476630633453,0.3254848122596741,0.006919029168784618,1,0.0,0.07056026076037297,0.6641057709487226,0.798153317586429,108.34348695619671,352.22648805992503,19080.72295737373,models_disagree,../../dataset/images/V02_f0000019.png,directional/overlays/V02_f0000019.jpg,quality/directional/entropy/V02_f0000019.jpg,quality/disagreement/V02_f0000019.jpg,,,,"[[177.92751610279083, 161.27881944179535], [544.2571663856506, 161.7534636259079], [510.0014090538025, 262.88071835041046]]",directional/triangles/V02_f0000019.svg
V01_f0000092,directional,directional,test,V01,3.066666666666667,14.194,0.9243487755420371,0.37438246654091445,0.3050698935985565,0.007152292877435684,1,0.0,0.07988955719174531,0.5951838130521516,0.7462259937472085,111.10511731653536,381.8222896219272,21211.20514125618,models_disagree,../../dataset/images/V01_f0000092.png,directional/overlays/V01_f0000092.jpg,quality/directional/entropy/V01_f0000092.jpg,quality/disagreement/V01_f0000092.jpg,,,,"[[149.95926070213318, 164.22662883996964], [545.5835723876953, 160.28360277414322], [523.179386138916, 270.6228196620941]]",directional/triangles/V01_f0000092.svg
V02_f0000020,dino_linear,dino_linear,train,V02,0.6666666666666667,14.176,0.914439610524135,0.380561644092246,0.33867159485816956,0.004059774801135063,1,0.0,0.06269174336401227,0.7015813953488372,0.824622785917341,101.75853476399966,332.3340615689421,16908.9135787122,models_disagree,../../dataset/images/V02_f0000020.png,dino_linear/overlays/V02_f0000020.jpg,quality/dino_linear/entropy/V02_f0000020.jpg,quality/disagreement/V02_f0000020.jpg,,,,"[[172.15969383716583, 155.98185098171234], [501.52311086654663, 155.01583236455917], [492.08741426467896, 254.9458990097046]]",dino_linear/triangles/V02_f0000020.svg
V02_f0000089,directional,directional,val,V02,2.966666666666667,14.161,0.9189582953924604,0.3747106851260206,0.32437020540237427,0.005729282274842262,1,0.0,0.06846715707935848,0.34986351228389445,0.5183687226154364,102.9952250237531,352.62690728703404,18159.443832729095,models_disagree,../../dataset/images/V02_f0000089.png,directional/overlays/V02_f0000089.jpg,quality/directional/entropy/V02_f0000089.jpg,quality/disagreement/V02_f0000089.jpg,,,,"[[147.4427604675293, 165.6590906381607], [510.2484440803528, 172.8304042816162], [489.37233209609985, 274.9595345258713]]",directional/triangles/V02_f0000089.svg
V01_f0000078,directional,directional,val,V01,2.6,14.145,0.9270095472744071,0.3652336448598131,0.2995121479034424,0.008647961542010307,1,0.0,0.08162337662337663,0.37896678966789665,0.5496387476585496,115.1396263323228,375.6389544475881,21625.464425479862,models_disagree,../../dataset/images/V01_f0000078.png,directional/overlays/V01_f0000078.jpg,quality/directional/entropy/V01_f0000078.jpg,quality/disagreement/V01_f0000078.jpg,,,,"[[159.06785428524017, 146.3346965610981], [545.2918220758438, 147.3194807767868], [524.495084643364, 261.98650896549225]]",directional/triangles/V01_f0000078.svg
V02_f0000092,unet_small,unet_small,test,V02,3.066666666666667,14.138,0.918189884649512,0.3277618592804839,0.32346099615097046,0.011313850991427898,1,0.0,0.07003785129109198,0.5652938590063022,0.7222846441947566,102.20427192683408,362.3734155590775,18518.055551427802,,../../dataset/images/V02_f0000092.png,unet_small/overlays/V02_f0000092.jpg,quality/unet_small/entropy/V02_f0000092.jpg,quality/disagreement/V02_f0000092.jpg,,,,"[[168.12258124351501, 165.7136172056198], [539.1164445877075, 157.27639997005463], [527.5949192047119, 260.3582515716553]]",unet_small/triangles/V02_f0000092.svg
V02_f0000086,full,TopoFiberDINO Coordinate (ours),val,V02,2.8666666666666667,14.124,0.9230097765363129,0.3060212812983486,0.31112417578697205,0.015046433545649052,1,0.0,0.07145266763545775,0.6086272040302267,0.7567038559404972,115.82107367281591,327.2252350041366,18949.789025509304,,../../dataset/images/V02_f0000086.png,full/overlays/V02_f0000086.jpg,quality/full/entropy/V02_f0000086.jpg,quality/disagreement/V02_f0000086.jpg,,,,"[[164.99471426010132, 171.49122643470764], [498.788001537323, 162.82185888290405], [516.0045504570007, 278.8687059879303]]",full/triangles/V02_f0000086.svg
V02_f0000039,dino_linear,dino_linear,train,V02,1.3,14.122,0.9235668789808917,0.3046247701072085,0.307244211435318,0.015332536771893501,1,0.0,0.07702631578947368,0.6893881888568393,0.8161394680086269,112.29964999072797,369.65273274755026,20755.936252833002,,../../dataset/images/V02_f0000039.png,dino_linear/overlays/V02_f0000039.jpg,quality/dino_linear/entropy/V02_f0000039.jpg,quality/disagreement/V02_f0000039.jpg,,,,"[[155.94149887561798, 168.37534296512604], [531.4553046226501, 167.8676729798317], [511.15206956863403, 278.18275463581085]]",dino_linear/triangles/V02_f0000039.svg
V02_f0000005,full,TopoFiberDINO Coordinate (ours),train,V02,0.16666666666666669,14.1,0.9352565806966232,0.3816138335984687,0.2685103714466095,0.008232029154896736,1,0.0,0.09594736842105263,0.8016122937397657,0.8898832412780535,138.80629590716305,370.6599343942653,25724.966267230015,models_disagree,../../dataset/images/V02_f0000005.png,full/overlays/V02_f0000005.jpg,quality/full/entropy/V02_f0000005.jpg,quality/disagreement/V02_f0000005.jpg,,,,"[[156.04690432548523, 115.24990320205688], [526.8122577667236, 118.26160436868668], [521.8859767913818, 256.9724771976471]]",full/triangles/V02_f0000005.svg
V02_f0000051,unet_small,unet_small,train,V02,1.7000000000000002,14.071,0.9275615799446145,0.31897495599628567,0.29418453574180603,0.01418220717459917,1,0.0,0.08711842105263158,0.8956252637501758,0.9449391510834075,118.70816590786796,393.7717560500229,23371.961473509313,,../../dataset/images/V02_f0000051.png,unet_small/overlays/V02_f0000051.jpg,quality/unet_small/entropy/V02_f0000051.jpg,quality/disagreement/V02_f0000051.jpg,,,,"[[156.03547632694244, 152.03795951604843], [550.8119559288025, 145.44892764091492], [543.8758492469788, 263.9376777410507]]",unet_small/triangles/V02_f0000051.svg
V02_f0000089,full,TopoFiberDINO Coordinate (ours),val,V02,2.966666666666667,14.061,0.9200070947144378,0.3747106851260206,0.3219597339630127,0.005465409718453884,1,0.0,0.07031270307504354,0.41777830244363123,0.5893422148209825,103.66073342656695,359.8774728811528,18652.58139127988,models_disagree,../../dataset/images/V02_f0000089.png,full/overlays/V02_f0000089.jpg,quality/full/entropy/V02_f0000089.jpg,quality/disagreement/V02_f0000089.jpg,,,,"[[162.0470541715622, 181.81065797805786], [529.54341173172, 161.9031776189804], [520.1343512535095, 266.3948954343796]]",full/triangles/V02_f0000089.svg
V02_f0000089,baseline,baseline,val,V02,2.966666666666667,14.034,0.9177613820406694,0.3747106851260206,0.32556042075157166,0.004825877491384745,1,0.0,0.06838917626263939,0.3804259280809962,0.5511718091384252,100.97916270207163,361.90659967972965,18272.512706006462,models_disagree,../../dataset/images/V02_f0000089.png,baseline/overlays/V02_f0000089.jpg,quality/baseline/entropy/V02_f0000089.jpg,quality/disagreement/V02_f0000089.jpg,,,,"[[146.39070868492126, 171.64608991146088], [512.8485703468323, 170.87391257286072], [509.90668058395386, 273.0320448875427]]",baseline/triangles/V02_f0000089.svg
V01_f0000054,full,TopoFiberDINO Coordinate (ours),train,V01,1.8,14.02,0.9106040770525529,0.364826503690345,0.34902632236480713,0.004381176084280014,1,0.0,0.06698162729658792,0.7529388714733543,0.859058902425394,91.71842929492502,393.3160216754404,18037.16386230004,models_disagree,../../dataset/images/V01_f0000054.png,full/overlays/V01_f0000054.jpg,quality/full/entropy/V01_f0000054.jpg,quality/disagreement/V01_f0000054.jpg,,,,"[[168.80914795398712, 166.2304289638996], [565.9621893167496, 156.5937101840973], [555.2606819868088, 247.68568575382233]]",full/triangles/V01_f0000054.svg
V02_f0000074,directional,directional,val,V02,2.466666666666667,14.006,0.9263191253367137,0.3584153498281248,0.2986086308956146,0.008647616021335125,1,0.0,0.07892207792207792,0.3255664026524222,0.4912110053498228,115.49774643649336,361.7534187170134,20890.852313756113,models_disagree,../../dataset/images/V02_f0000074.png,directional/overlays/V02_f0000074.jpg,quality/directional/entropy/V02_f0000074.jpg,quality/disagreement/V02_f0000074.jpg,,,,"[[159.87624764442444, 150.96939706802368], [530.1663565635681, 149.69890129566193], [514.1842818260193, 265.66364645957947]]",directional/triangles/V02_f0000074.svg
V01_f0000092,dino_pyramid,dino_pyramid,test,V01,3.066666666666667,13.995,0.9220351390922401,0.37438246654091445,0.3154533803462982,0.005634655244648457,1,0.0,0.0681452867364928,0.6689375506893755,0.8016328117406939,109.00483545686193,331.5582836534207,18070.728077000338,models_disagree,../../dataset/images/V01_f0000092.png,dino_pyramid/overlays/V01_f0000092.jpg,quality/dino_pyramid/entropy/V01_f0000092.jpg,quality/disagreement/V01_f0000092.jpg,,,,"[[176.85328495502472, 167.18780994415283], [514.0873755216599, 162.870604544878], [505.9201649427414, 273.03070574998856]]",dino_pyramid/triangles/V01_f0000092.svg
V01_f0000073,full,TopoFiberDINO Coordinate (ours),val,V01,2.4333333333333336,13.981,0.9274604267033724,0.39265630903958565,0.2944466173648834,0.004499904811382294,1,0.0,0.09068856371938563,0.3333333333333333,0.5,119.21605688433628,406.29648419837696,24218.532386049774,models_disagree,../../dataset/images/V01_f0000073.png,full/overlays/V01_f0000073.jpg,quality/full/entropy/V01_f0000073.jpg,quality/disagreement/V01_f0000073.jpg,,,,"[[157.89720678329468, 142.0988291501999], [596.3681560754776, 135.20430028438568], [555.716613650322, 248.55666607618332]]",full/triangles/V01_f0000073.svg
V02_f0000024,full,TopoFiberDINO Coordinate (ours),train,V02,0.8,13.979,0.9274467428218586,0.2962962962962963,0.295637309551239,0.01653239317238331,1,0.0,0.08451238683796823,0.8095844610730776,0.8947738870314974,124.42649461175543,375.32823136755275,23350.38807894725,,../../dataset/images/V02_f0000024.png,full/overlays/V02_f0000024.jpg,quality/full/entropy/V02_f0000024.jpg,quality/disagreement/V02_f0000024.jpg,,,,"[[175.7515025138855, 140.62781828641891], [540.364236831665, 134.9306948184967], [544.8673439025879, 255.70737612247467]]",full/triangles/V02_f0000024.svg
V01_f0000074,baseline,baseline,val,V01,2.466666666666667,13.953,0.9288774635818338,0.2851162912382597,0.29124438762664795,0.018122561275959015,1,0.0,0.08710180730724223,0.8666762964032934,0.9285769558152132,118.14176909843896,394.684893383959,23314.38577040484,,../../dataset/images/V01_f0000074.png,baseline/overlays/V01_f0000074.jpg,quality/baseline/entropy/V01_f0000074.jpg,quality/disagreement/V01_f0000074.jpg,,,,"[[155.29120868444443, 141.11721888184547], [555.1116350889206, 141.94286987185478], [545.3332794904709, 260.83798706531525]]",baseline/triangles/V01_f0000074.svg
V01_f0000054,directional,directional,train,V01,1.8,13.935,0.9235540393859513,0.364826503690345,0.3077069818973541,0.006869248580187559,1,0.0,0.08108923884514435,0.6032634778435451,0.7525444023149072,110.42070228932351,396.1825297320665,21873.376583887788,models_disagree,../../dataset/images/V01_f0000054.png,directional/overlays/V01_f0000054.jpg,quality/directional/entropy/V01_f0000054.jpg,quality/disagreement/V01_f0000054.jpg,,,,"[[162.92192035913467, 150.88016912341118], [567.9411565065384, 153.85372191667557], [544.1952484846115, 261.6909295320511]]",directional/triangles/V01_f0000054.svg
V01_f0000085,dino_pyramid,dino_pyramid,val,V01,2.8333333333333335,13.921,0.9248856956237753,0.3675145499128482,0.30436262488365173,0.006766949314624071,1,0.0,0.07663636363636364,0.447900466562986,0.6186895810955961,113.43173419646892,358.9546709704693,20358.425413051616,models_disagree,../../dataset/images/V01_f0000085.png,dino_pyramid/overlays/V01_f0000085.jpg,quality/dino_pyramid/entropy/V01_f0000085.jpg,quality/disagreement/V01_f0000085.jpg,,,,"[[165.80169972777367, 172.00206220149994], [529.5501420497894, 160.96745431423187], [525.3033044338226, 275.62759816646576]]",dino_pyramid/triangles/V01_f0000085.svg
V01_f0000095,full,TopoFiberDINO Coordinate (ours),test,V01,3.166666666666667,13.9,0.9308001664124255,0.3016537158796574,0.28172340989112854,0.016224617138504982,1,0.0,0.08871166120742112,0.5585949642524091,0.7167929796569605,122.93704222575677,386.3978979012189,23751.307345112902,,../../dataset/images/V01_f0000095.png,full/overlays/V01_f0000095.jpg,quality/full/entropy/V01_f0000095.jpg,quality/disagreement/V01_f0000095.jpg,,,,"[[159.44696485996246, 147.4846489727497], [561.8343794345856, 147.28086814284325], [533.5354483127594, 268.6941549181938]]",full/triangles/V01_f0000095.svg
V02_f0000019,dino_linear,dino_linear,train,V02,0.6333333333333334,13.878,0.9147499472462545,0.3677476630633453,0.33913546800613403,0.004241646267473698,1,0.0,0.06091533303053782,0.7361083047080218,0.847998137802607,101.46167200602632,325.8439502403641,16530.336002217893,models_disagree,../../dataset/images/V02_f0000019.png,dino_linear/overlays/V02_f0000019.jpg,quality/dino_linear/entropy/V02_f0000019.jpg,quality/disagreement/V02_f0000019.jpg,,,,"[[169.04918789863586, 165.30346417427063], [497.0789837837219, 162.39528769254684], [477.50914335250854, 260.45114290714264]]",dino_linear/triangles/V02_f0000019.svg
V01_f0000065,full,TopoFiberDINO Coordinate (ours),train,V01,2.166666666666667,13.857,0.921957671957672,0.3649234371045305,0.3182133734226227,0.00611248891800642,1,0.0,0.06633533873921005,0.7644525426536359,0.8665039429215171,108.55289449988646,327.908975185243,17797.734194424786,models_disagree,../../dataset/images/V01_f0000065.png,full/overlays/V01_f0000065.jpg,quality/full/entropy/V01_f0000065.jpg,quality/disagreement/V01_f0000065.jpg,,,,"[[178.42686855793, 177.7544505894184], [508.551362156868, 162.41519898176193], [504.42669904232025, 271.3530957698822]]",full/triangles/V01_f0000065.svg
V02_f0000063,directional,directional,train,V02,2.1,13.856,0.9202686412949888,0.24607038309787452,0.3214081823825836,0.02057991549372673,1,0.0,0.07296823027160106,0.7933654829753032,0.8847783572359843,104.68485841959715,372.0311459534641,19473.013920909434,,../../dataset/images/V02_f0000063.png,directional/overlays/V02_f0000063.jpg,quality/directional/entropy/V02_f0000063.jpg,quality/disagreement/V02_f0000063.jpg,,,,"[[159.0054041147232, 172.61734718084335], [543.3380198478699, 175.09517395496368], [518.4701943397522, 277.36416506767273]]",directional/triangles/V02_f0000063.svg
V02_f0000072,unet_small,unet_small,val,V02,2.4,13.75,0.9299537839399191,0.32428127428127423,0.28691035509109497,0.012452228926122189,1,0.0,0.08692708333333334,0.8588167221177492,0.9240466926070039,122.55863809374912,377.06060118962796,23106.016880305542,,../../dataset/images/V02_f0000072.png,unet_small/overlays/V02_f0000072.jpg,quality/unet_small/entropy/V02_f0000072.jpg,quality/disagreement/V02_f0000072.jpg,,,,"[[163.47810745239258, 146.66926610469818], [545.1258945465088, 137.15540552139282], [540.0505113601685, 260.8699675798416]]",unet_small/triangles/V02_f0000072.svg
V02_f0000063,unet_small,unet_small,train,V02,2.1,13.706,0.926181391253302,0.24607038309787452,0.2995169162750244,0.021163979545235634,1,0.0,0.08624708624708624,0.8928622310870494,0.9433990666867379,115.40466018036192,397.770890951236,22952.307249933594,,../../dataset/images/V02_f0000063.png,unet_small/overlays/V02_f0000063.jpg,quality/unet_small/entropy/V02_f0000063.jpg,quality/disagreement/V02_f0000063.jpg,,,,"[[146.98188543319702, 174.75092762708664], [546.8289542198181, 165.891530752182], [547.9619908332825, 281.91258585453033]]",unet_small/triangles/V02_f0000063.svg
V02_f0000078,directional,directional,val,V02,2.6,13.668,0.9266555538717988,0.3678676753429927,0.2973858714103699,0.005854659713804722,1,0.0,0.08197402597402598,0.3847855474990783,0.555733049343273,114.81785246018208,379.67906726300214,21796.967563611463,models_disagree,../../dataset/images/V02_f0000078.png,directional/overlays/V02_f0000078.jpg,quality/directional/entropy/V02_f0000078.jpg,quality/disagreement/V02_f0000078.jpg,,,,"[[157.6144802570343, 147.77356284856796], [545.9986782073975, 146.90513920783997], [529.9724435806274, 262.08912456035614]]",directional/triangles/V02_f0000078.svg
V01_f0000063,unet_small,unet_small,train,V01,2.1,13.665,0.9269359778328715,0.2630984643179765,0.2984329164028168,0.019000565633177757,1,0.0,0.08580939947780679,0.8436657681940701,0.9152046783625731,115.05542584558792,400.3598045933479,23031.783904472006,,../../dataset/images/V01_f0000063.png,unet_small/overlays/V01_f0000063.jpg,quality/unet_small/entropy/V01_f0000063.jpg,quality/disagreement/V01_f0000063.jpg,,,,"[[146.5902214050293, 176.3388141989708], [549.0090037584305, 166.88422858715057], [548.3885411024094, 282.51345455646515]]",unet_small/triangles/V01_f0000063.svg
V01_f0000049,directional,directional,train,V01,1.6333333333333333,13.64,0.922447743108149,0.33615607809156195,0.30809417366981506,0.008732468821108341,1,0.0,0.08313648293963255,0.7902237613212574,0.882821218659326,110.96485754682485,403.28683358223856,22375.33301948158,,../../dataset/images/V01_f0000049.png,directional/overlays/V01_f0000049.jpg,quality/directional/entropy/V01_f0000049.jpg,quality/disagreement/V01_f0000049.jpg,,,,"[[150.87252259254456, 142.96508207917213], [565.5486141443253, 147.4662646651268], [538.7822088003159, 255.22390007972717]]",directional/triangles/V01_f0000049.svg
V01_f0000063,baseline,baseline,train,V01,2.1,13.546,0.9216036357734134,0.2630984643179765,0.3144764304161072,0.017203189432621002,1,0.0,0.07734986945169713,0.7604928763958414,0.8639545056867891,107.4559352485918,385.42921105508225,20708.32817302537,,../../dataset/images/V01_f0000063.png,baseline/overlays/V01_f0000063.jpg,quality/baseline/entropy/V01_f0000063.jpg,quality/disagreement/V01_f0000063.jpg,,,,"[[156.4881167113781, 177.01023817062378], [545.1852815151215, 168.4548743069172], [538.287367105484, 276.227742433548]]",baseline/triangles/V01_f0000063.svg
V02_f0000075,dino_linear,dino_linear,val,V02,2.5,13.538,0.9190245718540581,0.3050964511622797,0.32540178298950195,0.011332341469824314,1,0.0,0.06696103896103896,0.4356290174471993,0.606882435717027,103.08543067091763,343.69343150603794,17714.892702782727,,../../dataset/images/V02_f0000075.png,dino_linear/overlays/V02_f0000075.jpg,quality/dino_linear/entropy/V02_f0000075.jpg,quality/disagreement/V02_f0000075.jpg,,,,"[[157.3400330543518, 156.96610456705093], [505.9366965293884, 158.6422837972641], [502.9187035560608, 263.12570893764496]]",dino_linear/triangles/V02_f0000075.svg
V02_f0000049,full,TopoFiberDINO Coordinate (ours),train,V02,1.6333333333333333,13.53,0.9279655124461132,0.2961199499348379,0.2912819981575012,0.014428902417421341,1,0.0,0.09123684210526316,0.8248841646225129,0.9040400268837279,118.8922995110939,411.6795470455006,24472.764004962566,,../../dataset/images/V02_f0000049.png,full/overlays/V02_f0000049.jpg,quality/full/entropy/V02_f0000049.jpg,quality/disagreement/V02_f0000049.jpg,,,,"[[163.5401165485382, 148.8080740571022], [584.4509768486023, 139.87000823020935], [562.171061038971, 256.686625123024]]",full/triangles/V02_f0000049.svg
V02_f0000051,full,TopoFiberDINO Coordinate (ours),train,V02,1.7000000000000002,13.53,0.9248592115848753,0.31897495599628567,0.3054082989692688,0.0108614107593894,2,0.00016736401673644874,0.07861842105263157,0.8640127851227662,0.9270459859703819,114.33755085183861,369.41847604884987,21119.201895422048,,../../dataset/images/V02_f0000051.png,full/overlays/V02_f0000051.jpg,quality/full/entropy/V02_f0000051.jpg,quality/disagreement/V02_f0000051.jpg,,,,"[[170.08038640022278, 142.79708844423294], [539.4913530349731, 148.12270230054855], [535.4287433624268, 262.37207865715027]]",full/triangles/V02_f0000051.svg
V02_f0000092,dino_pyramid,dino_pyramid,test,V02,3.066666666666667,13.522,0.9208349003384732,0.3277618592804839,0.31915369629859924,0.008826703764498234,1,0.0,0.0662527221818936,0.693787705853579,0.8192144782441279,106.97032581800555,327.4942020671389,17516.080749314795,,../../dataset/images/V02_f0000092.png,dino_pyramid/overlays/V02_f0000092.jpg,quality/dino_pyramid/entropy/V02_f0000092.jpg,quality/disagreement/V02_f0000092.jpg,,,,"[[178.83591055870056, 163.28099888563156], [512.6340794563293, 158.4851799607277], [504.0126872062683, 266.7029504776001]]",dino_pyramid/triangles/V02_f0000092.svg
V02_f0000012,directional,directional,train,V02,0.4,13.519,0.9245556764599202,0.3375383566314354,0.3128775656223297,0.008428355678915977,1,0.0,0.07221071723447164,0.7803232107973717,0.8766084788029925,117.16661341559423,338.6075719518543,19836.751241237962,,../../dataset/images/V02_f0000012.png,directional/overlays/V02_f0000012.jpg,quality/directional/entropy/V02_f0000012.jpg,quality/disagreement/V02_f0000012.jpg,,,,"[[206.62670016288757, 134.07228034734726], [556.5325140953064, 130.69894498586655], [519.1711449623108, 238.41084003448486]]",directional/triangles/V02_f0000012.svg
V02_f0000051,dino_linear,dino_linear,train,V02,1.7000000000000002,13.46,0.9206431535269709,0.31897495599628567,0.3169340491294861,0.00957406498491764,1,0.0,0.07330263157894737,0.6936077415837536,0.8190890069209722,107.61741944967407,365.31552347665405,19657.15696073217,,../../dataset/images/V02_f0000051.png,dino_linear/overlays/V02_f0000051.jpg,quality/dino_linear/entropy/V02_f0000051.jpg,quality/disagreement/V02_f0000051.jpg,,,,"[[161.73579454421997, 153.12801158428192], [530.5492758750916, 155.57450675964355], [514.9344992637634, 262.03789722919464]]",dino_linear/triangles/V02_f0000051.svg
V01_f0000072,full,TopoFiberDINO Coordinate (ours),train,V01,2.4,13.456,0.9315824915824916,0.25822905982905986,0.2825378477573395,0.019609633833169937,1,0.0,0.09336110387919813,0.8575740944017564,0.923326931599941,126.62611508260647,392.8086688829316,24869.91785570778,,../../dataset/images/V01_f0000072.png,full/overlays/V01_f0000072.jpg,quality/full/entropy/V01_f0000072.jpg,quality/disagreement/V01_f0000072.jpg,,,,"[[169.47678714990616, 145.88814228773117], [587.4256418943405, 134.54094529151917], [550.0631209611893, 256.72799348831177]]",full/triangles/V01_f0000072.svg
V02_f0000086,directional,directional,val,V02,2.8666666666666667,13.413,0.9224962254655259,0.3060212812983486,0.30951452255249023,0.011373727582395077,1,0.0,0.07461853850944572,0.5960335621662852,0.7468935194035558,109.96436244385863,359.2388560817483,19751.73588704527,,../../dataset/images/V02_f0000086.png,directional/overlays/V02_f0000086.jpg,quality/directional/entropy/V02_f0000086.jpg,quality/disagreement/V02_f0000086.jpg,,,,"[[148.80393147468567, 164.0969022512436], [516.9837284088135, 165.6441103219986], [499.5393705368042, 275.65426898002625]]",directional/triangles/V02_f0000086.svg
V02_f0000063,dino_pyramid,dino_pyramid,train,V02,2.1,13.398,0.9265759836185461,0.24607038309787452,0.29922622442245483,0.019712230190634727,1,0.0,0.0860768445038108,0.8434722222222222,0.9150907858057711,114.129385452813,402.83430679982894,22987.6159371872,,../../dataset/images/V02_f0000063.png,dino_pyramid/overlays/V02_f0000063.jpg,quality/dino_pyramid/entropy/V02_f0000063.jpg,quality/disagreement/V02_f0000063.jpg,,,,"[[139.39582228660583, 177.68344712257385], [544.8048090934753, 166.08957409858704], [542.0041108131409, 280.79982924461365]]",dino_pyramid/triangles/V02_f0000063.svg
V01_f0000072,unet_small,unet_small,train,V01,2.4,13.352,0.9302325581395349,0.25822905982905986,0.285514235496521,0.018782293424010277,1,0.0,0.08700859151262692,0.8122482988473823,0.8963984674329502,124.19321772390718,373.4184242195567,23188.01783060887,,../../dataset/images/V01_f0000072.png,unet_small/overlays/V01_f0000072.jpg,quality/unet_small/entropy/V01_f0000072.jpg,quality/disagreement/V01_f0000072.jpg,,,,"[[161.6273251771927, 148.60859513282776], [539.7071586847305, 138.3563093841076], [532.2395294904709, 263.4505033493042]]",unet_small/triangles/V01_f0000072.svg
V01_f0000046,directional,directional,train,V01,1.5333333333333334,13.287,0.9271734182976786,0.28081527897230074,0.2983553111553192,0.014949578791856766,1,0.0,0.08368421052631579,0.7468784095041823,0.8551006245662734,117.32199015893208,383.0006748396952,22467.200702203532,,../../dataset/images/V01_f0000046.png,directional/overlays/V01_f0000046.jpg,quality/directional/entropy/V01_f0000046.jpg,quality/disagreement/V01_f0000046.jpg,,,,"[[149.68125876784325, 148.53040874004364], [541.2189058065414, 142.44923740625381], [518.3087393045425, 257.4511393904686]]",directional/triangles/V01_f0000046.svg
V02_f0000092,full,TopoFiberDINO Coordinate (ours),test,V02,3.066666666666667,13.268,0.9162387108199044,0.3277618592804839,0.33406561613082886,0.006521031726151705,1,0.0,0.07020636731307685,0.5582920431361119,0.7165435331525297,101.98094680550065,363.8141745021752,18551.05698849673,,../../dataset/images/V02_f0000092.png,full/overlays/V02_f0000092.jpg,quality/full/entropy/V02_f0000092.jpg,quality/disagreement/V02_f0000092.jpg,,,,"[[156.92908823490143, 158.14552581310272], [531.2349057197571, 161.64991664886475], [547.3034977912903, 263.8920234441757]]",full/triangles/V02_f0000092.svg
V01_f0000046,unet_small,unet_small,train,V01,1.5333333333333334,13.191,0.928679588128407,0.28081527897230074,0.2909855544567108,0.014803856611251831,1,0.0,0.08378947368421052,0.6964348746911402,0.821057012068248,122.07990912058783,368.83817080846234,22513.865186250467,,../../dataset/images/V01_f0000046.png,unet_small/overlays/V01_f0000046.jpg,quality/unet_small/entropy/V01_f0000046.jpg,quality/disagreement/V01_f0000046.jpg,,,,"[[166.7107034921646, 150.83903074264526], [538.0847252607346, 144.81810852885246], [525.1647967100143, 266.1493644118309]]",unet_small/triangles/V01_f0000046.svg
V01_f0000063,dino_pyramid,dino_pyramid,train,V01,2.1,13.152,0.9276988636363637,0.2630984643179765,0.2953798770904541,0.016604136675596237,1,0.0,0.08856396866840731,0.8690689920492434,0.9299485420240137,116.66945691627427,406.7705921897548,23728.852040144982,,../../dataset/images/V01_f0000063.png,dino_pyramid/overlays/V01_f0000063.jpg,quality/dino_pyramid/entropy/V01_f0000063.jpg,quality/disagreement/V01_f0000063.jpg,,,,"[[131.33057123422623, 176.3816960155964], [540.3907564878464, 164.69543427228928], [538.4144865274429, 281.9317728281021]]",dino_pyramid/triangles/V01_f0000063.svg
V02_f0000015,full,TopoFiberDINO Coordinate (ours),train,V02,0.5,13.13,0.9104353259737554,0.32068162837393605,0.35217246413230896,0.005411666352301836,1,0.0,0.061664481420905366,0.7553113553113553,0.8606010016694491,98.26699649327144,346.3128253383913,17015.56059655131,,../../dataset/images/V02_f0000015.png,full/overlays/V02_f0000015.jpg,quality/full/entropy/V02_f0000015.jpg,quality/disagreement/V02_f0000015.jpg,,,,"[[197.93416142463684, 144.7695747613907], [563.5892343521118, 147.1950261592865], [526.1376428604126, 235.32806038856506]]",full/triangles/V02_f0000015.svg
V02_f0000075,directional,directional,val,V02,2.5,13.116,0.9238453979692106,0.3050964511622797,0.3064180016517639,0.010307838208973408,1,0.0,0.07574025974025975,0.41243971395310164,0.5840103614741552,110.70975844309476,363.247256374423,20107.50800416464,,../../dataset/images/V02_f0000075.png,directional/overlays/V02_f0000075.jpg,quality/directional/entropy/V02_f0000075.jpg,quality/disagreement/V02_f0000075.jpg,,,,"[[159.9287188053131, 152.05812275409698], [531.7360854148865, 153.44081485271454], [515.9932351112366, 264.58941066265106]]",directional/triangles/V02_f0000075.svg
V01_f0000063,directional,directional,train,V01,2.1,13.107,0.9218296637651476,0.2630984643179765,0.3137134313583374,0.015059750527143478,1,0.0,0.07338120104438642,0.703760162601626,0.8261258574410976,108.81177959167863,361.55281681940164,19670.602707251644,,../../dataset/images/V01_f0000063.png,directional/overlays/V01_f0000063.jpg,quality/directional/entropy/V01_f0000063.jpg,quality/disagreement/V01_f0000063.jpg,,,,"[[162.1718033850193, 170.17874121665955], [534.1254422664642, 168.158657848835], [511.3292586803436, 275.11225640773773]]",directional/triangles/V01_f0000063.svg
V01_f0000045,full,TopoFiberDINO Coordinate (ours),train,V01,1.5,13.07,0.9243669845445577,0.2747800586510264,0.3068488538265228,0.0139843774959445,1,0.0,0.07677863277043885,0.8362582781456953,0.9108285997655757,112.95793542239821,366.04172192507156,20673.658593557837,,../../dataset/images/V01_f0000045.png,full/overlays/V01_f0000045.jpg,quality/full/entropy/V01_f0000045.jpg,quality/disagreement/V01_f0000045.jpg,,,,"[[173.9118314385414, 159.17139127850533], [544.4484384059906, 150.24695545434952], [529.1495535373688, 262.12327927351]]",full/triangles/V01_f0000045.svg
V02_f0000072,directional,directional,val,V02,2.4,13.056,0.9280905314424868,0.32428127428127423,0.2920762002468109,0.008565796539187431,1,0.0,0.08727864583333333,0.8779349569782704,0.9350003882891978,117.94260795788949,393.9409871731726,23231.213704354734,,../../dataset/images/V02_f0000072.png,directional/overlays/V02_f0000072.jpg,quality/directional/entropy/V02_f0000072.jpg,quality/disagreement/V02_f0000072.jpg,,,,"[[162.33047604560852, 145.5999791622162], [569.5699954032898, 142.6231986284256], [545.1575875282288, 259.2507336139679]]",directional/triangles/V02_f0000072.svg
V01_f0000039,directional,directional,train,V01,1.3,13.02,0.922418053039038,0.2624290511426109,0.31360262632369995,0.01483793556690216,1,0.0,0.07674599102832261,0.741060225846926,0.8512746599405459,110.54785081347825,373.35587457151644,20636.84476123385,,../../dataset/images/V01_f0000039.png,directional/overlays/V01_f0000039.jpg,quality/directional/entropy/V01_f0000039.jpg,quality/disagreement/V01_f0000039.jpg,,,,"[[170.08908319473267, 169.22195255756378], [560.3324222564697, 162.40809112787247], [529.7360510826111, 268.5554176568985]]",directional/triangles/V01_f0000039.svg
V02_f0000015,directional,directional,train,V02,0.5,12.984,0.9215976331360947,0.32068162837393605,0.31505197286605835,0.007193044759333134,1,0.0,0.07015314742974547,0.7661708751297129,0.8676067371719546,114.74709295758409,336.57376193483447,19310.430373910112,,../../dataset/images/V02_f0000015.png,directional/overlays/V02_f0000015.jpg,quality/directional/entropy/V02_f0000015.jpg,quality/disagreement/V02_f0000015.jpg,,,,"[[207.42097735404968, 141.22113466262817], [550.7576823234558, 136.87916135787964], [519.0239453315735, 244.10186660289764]]",directional/triangles/V02_f0000015.svg
V02_f0000092,directional,directional,test,V02,3.066666666666667,12.965,0.9267995738852534,0.3277618592804839,0.29878953099250793,0.007383926305919886,1,0.0,0.08233952089598673,0.637426077161363,0.7785708143434518,114.92181194145529,378.3548918732569,21740.61486549404,,../../dataset/images/V02_f0000092.png,directional/overlays/V02_f0000092.jpg,quality/directional/entropy/V02_f0000092.jpg,quality/disagreement/V02_f0000092.jpg,,,,"[[150.18588066101074, 159.56381845474243], [541.1449456214905, 157.0944181084633], [519.9179577827454, 271.776819229126]]",directional/triangles/V02_f0000092.svg
V01_f0000063,dino_linear,dino_linear,train,V01,2.1,12.964,0.9249244472721488,0.2630984643179765,0.3033141791820526,0.01503911055624485,1,0.0,0.0787467362924282,0.7263644311227676,0.8414960572958113,113.1940427275518,373.48323781384556,21138.03878956241,,../../dataset/images/V01_f0000063.png,dino_linear/overlays/V01_f0000063.jpg,quality/dino_linear/entropy/V01_f0000063.jpg,quality/disagreement/V01_f0000063.jpg,,,,"[[169.0938929617405, 168.23116689920425], [549.65653860569, 165.9683659672737], [531.5502375364304, 278.2784029841423]]",dino_linear/triangles/V01_f0000063.svg
V02_f0000092,dino_linear,dino_linear,test,V02,3.066666666666667,12.867,0.9178752719361857,0.3277618592804839,0.3248003125190735,0.004885858856141567,1,0.0,0.06866379757336928,0.6192955589586524,0.7648950255343295,102.3303336487061,354.6464891845848,18145.546782800404,,../../dataset/images/V02_f0000092.png,dino_linear/overlays/V02_f0000092.jpg,quality/dino_linear/entropy/V02_f0000092.jpg,quality/disagreement/V02_f0000092.jpg,,,,"[[155.993732213974, 165.66954565048218], [516.1293196678162, 162.14611732959747], [513.4032225608826, 265.9620044231415]]",dino_linear/triangles/V02_f0000092.svg
V02_f0000040,full,TopoFiberDINO Coordinate (ours),train,V02,1.3333333333333335,12.834,0.9161440602042644,0.2506349690135122,0.33249562978744507,0.013971460983157158,1,0.0,0.07061714044172039,0.9045591626751819,0.9498882265275708,99.41969531107434,381.91008314363046,18984.692051183403,,../../dataset/images/V02_f0000040.png,full/overlays/V02_f0000040.jpg,quality/full/entropy/V02_f0000040.jpg,quality/disagreement/V02_f0000040.jpg,,,,"[[152.27107107639313, 175.25777280330658], [534.0283942222595, 170.4885038137436], [527.3307108879089, 269.3304578065872]]",full/triangles/V02_f0000040.svg
V01_f0000051,baseline,baseline,train,V01,1.7000000000000002,12.635,0.926855726018906,0.22275619632447824,0.2967293858528137,0.018872974440455437,1,0.0,0.08152631578947368,0.9009193054136875,0.9478774852229984,117.59599753036558,373.4090360584755,21955.70404107434,,../../dataset/images/V01_f0000051.png,baseline/overlays/V01_f0000051.jpg,quality/baseline/entropy/V01_f0000051.jpg,quality/disagreement/V01_f0000051.jpg,,,,"[[167.81696712970734, 147.40823954343796], [544.4014866352081, 146.69658243656158], [528.9382705688477, 263.2106691598892]]",baseline/triangles/V01_f0000051.svg
V02_f0000092,baseline,baseline,test,V02,3.066666666666667,12.627,0.921433615819209,0.3277618592804839,0.3160400986671448,0.004485027864575386,1,0.0,0.07040080887690553,0.6624747709982922,0.7969742248785955,106.9053286387551,348.62053202103897,18634.696272963407,,../../dataset/images/V02_f0000092.png,baseline/overlays/V02_f0000092.jpg,quality/baseline/entropy/V02_f0000092.jpg,quality/disagreement/V02_f0000092.jpg,,,,"[[152.8163480758667, 168.25963562726974], [507.3854112625122, 158.1994059085846], [502.69845485687256, 266.59280502796173]]",baseline/triangles/V02_f0000092.svg
V01_f0000074,dino_linear,dino_linear,val,V01,2.466666666666667,12.57,0.9225127551020408,0.2851162912382597,0.3111147880554199,0.009774637408554554,1,0.0,0.07841633077623196,0.811529933481153,0.8959608323133414,108.25295386045615,385.85031766066504,20884.71831738116,,../../dataset/images/V01_f0000074.png,dino_linear/overlays/V01_f0000074.jpg,quality/dino_linear/entropy/V01_f0000074.jpg,quality/disagreement/V01_f0000074.jpg,,,,"[[166.3787944316864, 145.52319422364235], [557.6352428197861, 150.54559707641602], [546.1599303483963, 259.252667427063]]",dino_linear/triangles/V01_f0000074.svg
V01_f0000051,dino_pyramid,dino_pyramid,train,V01,1.7000000000000002,12.569,0.9302325581395349,0.22275619632447824,0.28787434101104736,0.019300760701298714,1,0.0,0.093,0.9606432501057978,0.9799266134254263,124.39174833153278,398.52670121628074,24786.716560545778,,../../dataset/images/V01_f0000051.png,dino_pyramid/overlays/V01_f0000051.jpg,quality/dino_pyramid/entropy/V01_f0000051.jpg,quality/disagreement/V01_f0000051.jpg,,,,"[[148.84797722101212, 142.69638061523438], [547.2676424980164, 142.97769963741302], [544.4313559532166, 267.27332174777985]]",dino_pyramid/triangles/V01_f0000051.svg
V01_f0000095,dino_linear,dino_linear,test,V01,3.166666666666667,12.489,0.9260811013018105,0.3016537158796574,0.30008065700531006,0.008104811422526836,1,0.0,0.08333872784474165,0.4482178217821782,0.6189922745607438,112.96656541858566,391.3975904492456,22107.42075308075,,../../dataset/images/V01_f0000095.png,dino_linear/overlays/V01_f0000095.jpg,quality/dino_linear/entropy/V01_f0000095.jpg,quality/disagreement/V01_f0000095.jpg,,,,"[[159.96835428476334, 162.22375631332397], [559.4458829164505, 152.88234874606133], [548.8654512166977, 266.94948971271515]]",dino_linear/triangles/V01_f0000095.svg
V02_f0000086,dino_linear,dino_linear,val,V02,2.8666666666666667,12.36,0.9248355263157895,0.3060212812983486,0.30614620447158813,0.006634357385337353,1,0.0,0.07592900145318664,0.5404695931165232,0.7016945943387295,111.61408190897966,360.9479606397653,20143.437621862966,,../../dataset/images/V02_f0000086.png,dino_linear/overlays/V02_f0000086.jpg,quality/dino_linear/entropy/V02_f0000086.jpg,quality/disagreement/V02_f0000086.jpg,,,,"[[162.0509970188141, 168.6811910867691], [529.8861765861511, 162.79365932941437], [519.1395020484924, 275.33740854263306]]",dino_linear/triangles/V02_f0000086.svg
V02_f0000049,directional,directional,train,V02,1.6333333333333333,12.254,0.9264619883040935,0.2961199499348379,0.30171215534210205,0.00771116791293025,1,0.0,0.08656578947368421,0.8052901260213267,0.8921448297023626,114.09803476309358,407.2729764576104,23234.523112964514,,../../dataset/images/V02_f0000049.png,directional/overlays/V02_f0000049.jpg,quality/directional/entropy/V02_f0000049.jpg,quality/disagreement/V02_f0000049.jpg,,,,"[[154.28838193416595, 140.40036046504974], [575.4797601699829, 143.52857148647308], [545.6586170196533, 253.69042813777924]]",directional/triangles/V02_f0000049.svg
V02_f0000086,dino_pyramid,dino_pyramid,val,V02,2.8666666666666667,12.187,0.9226519337016574,0.3060212812983486,0.312918096780777,0.005277618765830994,1,0.0,0.07633122275275067,0.5173302778573474,0.6818954124976402,107.05937036342274,379.1820293956462,20297.49466011137,,../../dataset/images/V02_f0000086.png,dino_pyramid/overlays/V02_f0000086.jpg,quality/dino_pyramid/entropy/V02_f0000086.jpg,quality/disagreement/V02_f0000086.jpg,,,,"[[147.3486828804016, 172.38409340381622], [531.4681220054626, 161.96358931064606], [531.0783934593201, 270.4050279855728]]",dino_pyramid/triangles/V02_f0000086.svg
V02_f0000051,directional,directional,train,V02,1.7000000000000002,12.054,0.9282974328710534,0.31897495599628567,0.29275885224342346,0.0042642573826014996,1,0.0,0.0856842105263158,0.7560430898581187,0.8610757836462931,119.47172463299643,385.7574289772323,23043.552664950286,,../../dataset/images/V02_f0000051.png,directional/overlays/V02_f0000051.jpg,quality/directional/entropy/V02_f0000051.jpg,quality/disagreement/V02_f0000051.jpg,,,,"[[151.88965380191803, 151.72893476486206], [543.2858490943909, 150.12307608127594], [523.4638667106628, 267.9220405817032]]",directional/triangles/V02_f0000051.svg
V01_f0000015,full,TopoFiberDINO Coordinate (ours),train,V01,0.5,12.021,0.9093162569717,0.24506767942350768,0.3524380028247833,0.009067811071872711,1,0.0,0.062012496153485946,0.8795926517571885,0.935939657919898,95.08228164273409,357.02129102439494,16973.199472817025,,../../dataset/images/V01_f0000015.png,full/overlays/V01_f0000015.jpg,quality/full/entropy/V01_f0000015.jpg,quality/disagreement/V01_f0000015.jpg,,,,"[[189.88499867916107, 144.010741263628], [551.2726784944534, 148.75419437885284], [527.1437638998032, 238.87746781110764]]",full/triangles/V01_f0000015.svg
V01_f0000074,dino_pyramid,dino_pyramid,val,V01,2.466666666666667,12.007,0.9285714285714286,0.2851162912382597,0.2908285856246948,0.008323020301759243,1,0.0,0.08737485372513328,0.8948909383691992,0.9445302843016069,120.36867804403087,385.80860556594035,23219.635914991584,,../../dataset/images/V01_f0000074.png,dino_pyramid/overlays/V01_f0000074.jpg,quality/dino_pyramid/entropy/V01_f0000074.jpg,quality/disagreement/V01_f0000074.jpg,,,,"[[169.7770037651062, 143.28068867325783], [559.4833444356918, 141.6354775428772], [556.8555437326431, 263.1522864103317]]",dino_pyramid/triangles/V01_f0000074.svg
V01_f0000051,dino_linear,dino_linear,train,V01,1.7000000000000002,12.004,0.9213125732462749,0.22275619632447824,0.31426435708999634,0.014470578171312809,1,0.0,0.07560526315789473,0.741484353364719,0.8515544247435796,108.57150852677994,374.03875805970057,20304.97610501248,,../../dataset/images/V01_f0000051.png,dino_linear/overlays/V01_f0000051.jpg,quality/dino_linear/entropy/V01_f0000051.jpg,quality/disagreement/V01_f0000051.jpg,,,,"[[162.17993253469467, 151.61431208252907], [539.8751361370087, 156.6890850663185], [522.9153573513031, 263.871431350708]]",dino_linear/triangles/V01_f0000051.svg
V01_f0000072,directional,directional,train,V01,2.4,11.987,0.9268472181336473,0.25822905982905986,0.2970527112483978,0.011197778396308422,1,0.0,0.08521218432699817,0.871304347826087,0.9312267657992565,115.9736417262398,391.6097884339378,22708.206650163036,,../../dataset/images/V01_f0000072.png,directional/overlays/V01_f0000072.jpg,quality/directional/entropy/V01_f0000072.jpg,quality/disagreement/V01_f0000072.jpg,,,,"[[160.48338773846626, 146.65628224611282], [563.74871301651, 145.46483382582664], [540.7307572364807, 260.20167768001556]]",directional/triangles/V01_f0000072.svg
V02_f0000040,dino_linear,dino_linear,train,V02,1.3333333333333335,11.905,0.923013653561441,0.2506349690135122,0.31077447533607483,0.010871853679418564,1,0.0,0.07691799640705907,0.7894988828598787,0.8823686792116293,110.14017073336531,377.0784678473696,20765.743414292545,,../../dataset/images/V02_f0000040.png,dino_linear/overlays/V02_f0000040.jpg,quality/dino_linear/entropy/V02_f0000040.jpg,quality/disagreement/V02_f0000040.jpg,,,,"[[156.53849601745605, 174.39501136541367], [538.7943577766418, 172.84459322690964], [519.0600943565369, 280.80705189704895]]",dino_linear/triangles/V02_f0000040.svg
V02_f0000063,dino_linear,dino_linear,train,V02,2.1,11.904,0.9229851763503152,0.24607038309787452,0.3125882148742676,0.011431672610342503,1,0.0,0.0738325345066918,0.7927927927927928,0.8844221105527639,109.21632220186177,360.7487406880121,19699.825348448907,,../../dataset/images/V02_f0000063.png,dino_linear/overlays/V02_f0000063.jpg,quality/dino_linear/entropy/V02_f0000063.jpg,quality/disagreement/V02_f0000063.jpg,,,,"[[164.26469922065735, 172.2392613887787], [530.5432176589966, 169.72698211669922], [515.9444189071655, 278.5570842027664]]",dino_linear/triangles/V02_f0000063.svg
V01_f0000040,full,TopoFiberDINO Coordinate (ours),train,V01,1.3333333333333335,11.865,0.9156118143459916,0.2288309405215353,0.33700937032699585,0.011735467240214348,1,0.0,0.0683727034120735,0.8986957298552796,0.9466453373482638,98.81448199471188,372.96557000824055,18427.19980111337,,../../dataset/images/V01_f0000040.png,full/overlays/V01_f0000040.jpg,quality/full/entropy/V01_f0000040.jpg,quality/disagreement/V01_f0000040.jpg,,,,"[[151.61125126481056, 178.48476022481918], [524.7947268486023, 171.4516058564186], [530.4505171775818, 270.10640501976013]]",full/triangles/V01_f0000040.svg
V02_f0000063,full,TopoFiberDINO Coordinate (ours),train,V02,2.1,11.815,0.917741935483871,0.24607038309787452,0.32616177201271057,0.009807063266634941,1,0.0,0.07008721615463188,0.7958575473103859,0.8863259210089611,101.74777231432182,367.5175231295179,18697.044632452846,,../../dataset/images/V02_f0000063.png,full/overlays/V02_f0000063.jpg,quality/full/entropy/V02_f0000063.jpg,quality/disagreement/V02_f0000063.jpg,,,,"[[175.34720420837402, 177.0580189228058], [546.4238047599792, 173.46734637022018], [537.9329895973206, 275.4104598760605]]",full/triangles/V02_f0000063.svg
V01_f0000072,dino_linear,dino_linear,train,V01,2.4,11.767,0.9260113828641747,0.25822905982905986,0.3011116087436676,0.009909157641232014,1,0.0,0.08158031762561833,0.911484339536995,0.9536927095701734,114.63623540552369,379.0642425440292,21727.24887104693,,../../dataset/images/V01_f0000072.png,dino_linear/overlays/V01_f0000072.jpg,quality/dino_linear/entropy/V01_f0000072.jpg,quality/disagreement/V01_f0000072.jpg,,,,"[[177.04651147127151, 148.80000427365303], [567.4338775873184, 141.87390357255936], [546.2170716524124, 255.58490306138992]]",dino_linear/triangles/V01_f0000072.svg
V01_f0000045,directional,directional,train,V01,1.5,11.693,0.9230382293762576,0.2747800586510264,0.30954572558403015,0.0068022338673472404,1,0.0,0.07542611025028233,0.6814078041315991,0.8105205678922461,112.38558803019264,360.816415027262,20275.282486892436,,../../dataset/images/V01_f0000045.png,directional/overlays/V01_f0000045.jpg,quality/directional/entropy/V01_f0000045.jpg,quality/disagreement/V01_f0000045.jpg,,,,"[[156.98719155788422, 156.1223678290844], [526.3867914676666, 153.28142791986465], [502.96085476875305, 263.15731555223465]]",directional/triangles/V01_f0000045.svg
V01_f0000051,full,TopoFiberDINO Coordinate (ours),train,V01,1.7000000000000002,11.628,0.9246769618657422,0.22275619632447824,0.3028413653373718,0.013348669745028019,1,0.0,0.08032894736842106,0.8873650423110593,0.940321583178726,114.49530128197331,377.1397860045772,21590.366712006504,,../../dataset/images/V01_f0000051.png,full/overlays/V01_f0000051.jpg,quality/full/entropy/V01_f0000051.jpg,quality/disagreement/V01_f0000051.jpg,,,,"[[165.61425477266312, 143.2085931301117], [543.599560379982, 151.04130282998085], [532.4355281591415, 264.9320438504219]]",full/triangles/V01_f0000051.svg
V02_f0000040,directional,directional,train,V02,1.3333333333333335,11.599,0.9202965708989805,0.2506349690135122,0.32401832938194275,0.008730418048799038,1,0.0,0.06833192433689105,0.8636203246294989,0.9268200321878254,106.06649475647887,347.25543575423177,18416.083427792506,,../../dataset/images/V02_f0000040.png,directional/overlays/V02_f0000040.jpg,quality/directional/entropy/V02_f0000040.jpg,quality/disagreement/V02_f0000040.jpg,,,,"[[171.36282563209534, 174.32649648189545], [529.6564149856567, 167.20785915851593], [504.19768810272217, 269.78778100013733]]",directional/triangles/V02_f0000040.svg
V01_f0000074,directional,directional,val,V01,2.466666666666667,11.541,0.9276544328651262,0.2851162912382597,0.29624509811401367,0.00578848272562027,1,0.0,0.08299310882850085,0.75365141187926,0.8595224875069406,117.36635674476237,376.69557988342547,22105.693906386623,,../../dataset/images/V01_f0000074.png,directional/overlays/V01_f0000074.jpg,quality/directional/entropy/V01_f0000074.jpg,quality/disagreement/V01_f0000074.jpg,,,,"[[159.26907259225845, 144.8615938425064], [547.898894071579, 143.48673820495605], [524.0128300189972, 259.5682516694069]]",directional/triangles/V01_f0000074.svg
V01_f0000063,full,TopoFiberDINO Coordinate (ours),train,V01,2.1,11.411,0.9179144867400325,0.2630984643179765,0.32785356044769287,0.005700067616999149,1,0.0,0.06932114882506528,0.6815556411243743,0.8106251431188459,103.56334100418734,358.66732188659194,18572.393081799873,,../../dataset/images/V01_f0000063.png,full/overlays/V01_f0000063.jpg,quality/full/entropy/V01_f0000063.jpg,quality/disagreement/V01_f0000063.jpg,,,,"[[173.18799996376038, 176.3610653579235], [533.9393833875656, 172.0687374472618], [539.529341340065, 275.99984407424927]]",full/triangles/V01_f0000063.svg
V01_f0000040,dino_linear,dino_linear,train,V01,1.3333333333333335,11.378,0.9238259776975027,0.2288309405215353,0.30666497349739075,0.011147323995828629,1,0.0,0.0800262467191601,0.8068413619959203,0.8930959617889709,111.53530075279399,386.83060850547474,21572.634130022216,,../../dataset/images/V01_f0000040.png,dino_linear/overlays/V01_f0000040.jpg,quality/dino_linear/entropy/V01_f0000040.jpg,quality/disagreement/V01_f0000040.jpg,,,,"[[159.21070754528046, 170.32436281442642], [554.5294830799103, 169.1313162446022], [531.8793494701385, 278.3452123403549]]",dino_linear/triangles/V01_f0000040.svg
V02_f0000045,full,TopoFiberDINO Coordinate (ours),train,V02,1.5,11.368,0.9213444804640847,0.2604383803929,0.31429845094680786,0.0065861898474395275,1,0.0,0.07397368421052632,0.8474487112046292,0.9174259681093394,108.92641492320223,365.90093206380027,19928.13837338397,,../../dataset/images/V02_f0000045.png,full/overlays/V02_f0000045.jpg,quality/full/entropy/V02_f0000045.jpg,quality/disagreement/V02_f0000045.jpg,,,,"[[173.35695505142212, 158.6550794839859], [539.4592595100403, 151.7944736480713], [533.9199471473694, 260.3941196203232]]",full/triangles/V02_f0000045.svg
V01_f0000074,full,TopoFiberDINO Coordinate (ours),val,V01,2.466666666666667,11.215,0.9307894736842105,0.2851162912382597,0.2851984202861786,0.0048616970889270306,1,0.0,0.09537121310622806,0.8405049545269445,0.9133416918651818,123.09171353338625,412.83621523419527,25408.358570907476,,../../dataset/images/V01_f0000074.png,full/overlays/V01_f0000074.jpg,quality/full/entropy/V01_f0000074.jpg,quality/disagreement/V01_f0000074.jpg,,,,"[[151.83035120368004, 141.05696976184845], [586.3268206119537, 135.3849247097969], [552.8096497058868, 255.07541745901108]]",full/triangles/V01_f0000074.svg
V02_f0000045,directional,directional,train,V02,1.5,10.928,0.9251610771518255,0.2604383803929,0.3049302101135254,0.0052483719773590565,1,0.0,0.07663157894736843,0.7134194989628211,0.8327435276587819,114.53553407262794,360.4384215514721,20641.503556346433,,../../dataset/images/V02_f0000045.png,directional/overlays/V02_f0000045.jpg,quality/directional/entropy/V02_f0000045.jpg,quality/disagreement/V02_f0000045.jpg,,,,"[[155.40087819099426, 155.21563678979874], [524.1183042526245, 151.4260960817337], [500.27907371520996, 263.25371038913727]]",directional/triangles/V02_f0000045.svg
V01_f0000051,unet_small,unet_small,train,V01,1.7000000000000002,10.877,0.9282504493708807,0.22275619632447824,0.29361581802368164,0.010395043529570103,1,0.0,0.08464473684210526,0.8452977184195882,0.9161640530759951,120.17210686860625,378.7478812967028,22757.465433722784,,../../dataset/images/V01_f0000051.png,unet_small/overlays/V01_f0000051.jpg,quality/unet_small/entropy/V01_f0000051.jpg,quality/disagreement/V01_f0000051.jpg,,,,"[[156.98551827669144, 150.459386408329], [536.3902158737183, 144.76007223129272], [529.9518294334412, 264.6978870034218]]",unet_small/triangles/V01_f0000051.svg
V01_f0000015,dino_linear,dino_linear,train,V01,0.5,10.708,0.9155318729030985,0.24506767942350768,0.33591729402542114,0.0039014583453536034,1,0.0,0.06478198627296201,0.9457928802588996,0.9721413721413722,104.39465116944787,340.553109174699,17775.9615184818,,../../dataset/images/V01_f0000015.png,dino_linear/overlays/V01_f0000015.jpg,quality/dino_linear/entropy/V01_f0000015.jpg,quality/disagreement/V01_f0000015.jpg,,,,"[[195.84025639295578, 144.2512348294258], [551.7622755765915, 141.9994980096817], [517.0973836183548, 238.3907362818718]]",dino_linear/triangles/V01_f0000015.svg
V01_f0000040,directional,directional,train,V01,1.3333333333333335,10.672,0.9183299761948361,0.2288309405215353,0.3255762755870819,0.00637950049713254,1,0.0,0.06859580052493439,0.8842272968667021,0.9385569334836528,104.78357251915813,352.70666193658434,18478.932044511137,,../../dataset/images/V01_f0000040.png,directional/overlays/V01_f0000040.jpg,quality/directional/entropy/V01_f0000040.jpg,quality/disagreement/V01_f0000040.jpg,,,,"[[169.71310690045357, 176.21655017137527], [536.6130369901657, 169.79187726974487], [509.472016453743, 271.0019275546074]]",directional/triangles/V01_f0000040.svg
V01_f0000015,directional,directional,train,V01,0.5,10.624,0.9231878831590336,0.24506767942350768,0.31050634384155273,0.005204527173191309,1,0.0,0.07124412988507285,0.825293586269196,0.9042858556864297,117.18316324223908,333.67728980698433,19550.680160839882,,../../dataset/images/V01_f0000015.png,directional/overlays/V01_f0000015.jpg,quality/directional/entropy/V01_f0000015.jpg,quality/disagreement/V01_f0000015.jpg,,,,"[[209.09581518173218, 141.7737677693367], [554.0248514413834, 135.4946605861187], [519.7873204946518, 245.262511074543]]",directional/triangles/V01_f0000015.svg
V01_f0000051,directional,directional,train,V01,1.7000000000000002,10.419,0.9288165945381286,0.22275619632447824,0.29345887899398804,0.008235962130129337,1,0.0,0.08492105263157895,0.8433467462189538,0.9150169363944298,120.08783666058233,380.41754671141086,22841.76010614968,,../../dataset/images/V01_f0000051.png,directional/overlays/V01_f0000051.jpg,quality/directional/entropy/V01_f0000051.jpg,quality/disagreement/V01_f0000051.jpg,,,,"[[156.99113750457764, 150.10788291692734], [546.1135779619217, 145.49101889133453], [521.9451040029526, 263.0588337779045]]",directional/triangles/V01_f0000051.svg
